point_id,figure_id,dataset,backbone,seed,val_acc,test_acc
f3_3dc570c67829d976,3,cora,sage,12345,73.55982208251953,74.0029525756836
f3_3dc570c67829d976,3,cora,sage,12346,78.28656005859375,75.92318725585938
f3_3dc570c67829d976,3,cora,sage,12347,79.3205337524414,78.43426513671875
f3_3dc570c67829d976,3,cora,sage,12348,80.35450744628906,77.69571685791016
f3_3dc570c67829d976,3,cora,sage,12349,79.61595153808594,80.20679473876953
f3_3dc570c67829d976,3,cora,sage,12350,75.48005676269531,75.18463897705078
f3_3dc570c67829d976,3,cora,sage,12351,74.44608306884766,77.10487365722656
f3_3dc570c67829d976,3,cora,sage,12352,81.24076843261719,79.02510833740234
f3_3dc570c67829d976,3,cora,sage,12353,77.10487365722656,80.05908203125
f3_3dc570c67829d976,3,cora,sage,12354,77.84342956542969,80.79763793945312
f3_3dc570c67829d976,3,cora,sage,12355,77.2525863647461,75.18463897705078
f3_3dc570c67829d976,3,cora,sage,12356,80.50221252441406,77.10487365722656
f3_3dc570c67829d976,3,cora,sage,12357,76.95716094970703,78.28656005859375
f3_3dc570c67829d976,3,cora,sage,12358,74.88921356201172,74.15066528320312
f3_3dc570c67829d976,3,cora,sage,12359,75.33235168457031,74.29837799072266
f3_3dc570c67829d976,3,cora,sage,12360,78.87740325927734,82.27474212646484
f3_3dc570c67829d976,3,cora,sage,12361,81.68389892578125,80.20679473876953
f3_3dc570c67829d976,3,cora,sage,12362,78.87740325927734,77.99113464355469
f3_3dc570c67829d976,3,cora,sage,12363,80.94534301757812,77.2525863647461
f3_3dc570c67829d976,3,cora,sage,12364,78.13884735107422,72.96897888183594
f3_fe610e7837d46655,3,cora,sage,12345,73.8552474975586,76.0708999633789
f3_fe610e7837d46655,3,cora,sage,12346,78.72969055175781,76.6617431640625
f3_fe610e7837d46655,3,cora,sage,12347,79.3205337524414,78.72969055175781
f3_fe610e7837d46655,3,cora,sage,12348,79.911376953125,77.99113464355469
f3_fe610e7837d46655,3,cora,sage,12349,79.911376953125,80.35450744628906
f3_fe610e7837d46655,3,cora,sage,12350,75.48005676269531,75.33235168457031
f3_fe610e7837d46655,3,cora,sage,12351,74.44608306884766,76.6617431640625
f3_fe610e7837d46655,3,cora,sage,12352,81.24076843261719,79.17282104492188
f3_fe610e7837d46655,3,cora,sage,12353,76.95716094970703,79.4682388305664
f3_fe610e7837d46655,3,cora,sage,12354,78.43426513671875,80.94534301757812
f3_fe610e7837d46655,3,cora,sage,12355,77.69571685791016,74.74150848388672
f3_fe610e7837d46655,3,cora,sage,12356,80.79763793945312,77.2525863647461
f3_fe610e7837d46655,3,cora,sage,12357,77.2525863647461,78.13884735107422
f3_fe610e7837d46655,3,cora,sage,12358,74.59379577636719,74.29837799072266
f3_fe610e7837d46655,3,cora,sage,12359,75.33235168457031,74.44608306884766
f3_fe610e7837d46655,3,cora,sage,12360,78.72969055175781,82.27474212646484
f3_fe610e7837d46655,3,cora,sage,12361,81.38848114013672,79.76366424560547
f3_fe610e7837d46655,3,cora,sage,12362,79.02510833740234,78.13884735107422
f3_fe610e7837d46655,3,cora,sage,12363,79.911376953125,76.51403045654297
f3_fe610e7837d46655,3,cora,sage,12364,77.4002914428711,74.0029525756836
f3_7075ca30e75e40f1,3,cora,sage,12345,73.70753479003906,76.80945587158203
f3_7075ca30e75e40f1,3,cora,sage,12346,78.58197784423828,75.77548217773438
f3_7075ca30e75e40f1,3,cora,sage,12347,79.3205337524414,78.43426513671875
f3_7075ca30e75e40f1,3,cora,sage,12348,79.76366424560547,77.84342956542969
f3_7075ca30e75e40f1,3,cora,sage,12349,79.911376953125,79.911376953125
f3_7075ca30e75e40f1,3,cora,sage,12350,75.77548217773438,73.8552474975586
f3_7075ca30e75e40f1,3,cora,sage,12351,74.29837799072266,76.36632537841797
f3_7075ca30e75e40f1,3,cora,sage,12352,81.83161163330078,79.76366424560547
f3_7075ca30e75e40f1,3,cora,sage,12353,77.4002914428711,79.61595153808594
f3_7075ca30e75e40f1,3,cora,sage,12354,78.13884735107422,80.35450744628906
f3_7075ca30e75e40f1,3,cora,sage,12355,77.84342956542969,75.03692626953125
f3_7075ca30e75e40f1,3,cora,sage,12356,80.79763793945312,77.10487365722656
f3_7075ca30e75e40f1,3,cora,sage,12357,77.10487365722656,78.58197784423828
f3_7075ca30e75e40f1,3,cora,sage,12358,74.15066528320312,74.44608306884766
f3_7075ca30e75e40f1,3,cora,sage,12359,74.74150848388672,74.15066528320312
f3_7075ca30e75e40f1,3,cora,sage,12360,78.58197784423828,82.12702941894531
f3_7075ca30e75e40f1,3,cora,sage,12361,81.68389892578125,79.3205337524414
f3_7075ca30e75e40f1,3,cora,sage,12362,79.02510833740234,78.28656005859375
f3_7075ca30e75e40f1,3,cora,sage,12363,80.35450744628906,76.6617431640625
f3_7075ca30e75e40f1,3,cora,sage,12364,77.69571685791016,73.412109375
f3_0229fee513905e4c,3,cora,sage,12345,73.8552474975586,77.4002914428711
f3_0229fee513905e4c,3,cora,sage,12346,77.84342956542969,76.51403045654297
f3_0229fee513905e4c,3,cora,sage,12347,80.05908203125,79.02510833740234
f3_0229fee513905e4c,3,cora,sage,12348,79.76366424560547,77.10487365722656
f3_0229fee513905e4c,3,cora,sage,12349,79.911376953125,81.53618621826172
f3_0229fee513905e4c,3,cora,sage,12350,75.62776947021484,75.62776947021484
f3_0229fee513905e4c,3,cora,sage,12351,74.0029525756836,76.6617431640625
f3_0229fee513905e4c,3,cora,sage,12352,81.38848114013672,79.3205337524414
f3_0229fee513905e4c,3,cora,sage,12353,77.4002914428711,79.3205337524414
f3_0229fee513905e4c,3,cora,sage,12354,78.28656005859375,80.6499252319336
f3_0229fee513905e4c,3,cora,sage,12355,77.69571685791016,74.44608306884766
f3_0229fee513905e4c,3,cora,sage,12356,80.94534301757812,77.54800415039062
f3_0229fee513905e4c,3,cora,sage,12357,77.4002914428711,77.84342956542969
f3_0229fee513905e4c,3,cora,sage,12358,74.74150848388672,74.59379577636719
f3_0229fee513905e4c,3,cora,sage,12359,75.03692626953125,74.74150848388672
f3_0229fee513905e4c,3,cora,sage,12360,80.05908203125,82.57015991210938
f3_0229fee513905e4c,3,cora,sage,12361,81.09305572509766,79.911376953125
f3_0229fee513905e4c,3,cora,sage,12362,79.3205337524414,77.84342956542969
f3_0229fee513905e4c,3,cora,sage,12363,80.05908203125,76.21861267089844
f3_0229fee513905e4c,3,cora,sage,12364,78.13884735107422,73.70753479003906
f3_a80947dd2e330467,3,cora,sage,12345,74.0029525756836,77.10487365722656
f3_a80947dd2e330467,3,cora,sage,12346,78.58197784423828,76.51403045654297
f3_a80947dd2e330467,3,cora,sage,12347,77.99113464355469,76.80945587158203
f3_a80947dd2e330467,3,cora,sage,12348,80.20679473876953,77.84342956542969
f3_a80947dd2e330467,3,cora,sage,12349,79.17282104492188,80.20679473876953
f3_a80947dd2e330467,3,cora,sage,12350,75.48005676269531,73.412109375
f3_a80947dd2e330467,3,cora,sage,12351,74.74150848388672,74.29837799072266
f3_a80947dd2e330467,3,cora,sage,12352,81.09305572509766,79.911376953125
f3_a80947dd2e330467,3,cora,sage,12353,78.13884735107422,80.79763793945312
f3_a80947dd2e330467,3,cora,sage,12354,78.28656005859375,80.05908203125
f3_a80947dd2e330467,3,cora,sage,12355,78.87740325927734,75.33235168457031
f3_a80947dd2e330467,3,cora,sage,12356,81.53618621826172,77.99113464355469
f3_a80947dd2e330467,3,cora,sage,12357,77.4002914428711,76.6617431640625
f3_a80947dd2e330467,3,cora,sage,12358,77.10487365722656,75.48005676269531
f3_a80947dd2e330467,3,cora,sage,12359,77.84342956542969,78.28656005859375
f3_a80947dd2e330467,3,cora,sage,12360,80.20679473876953,82.7178726196289
f3_a80947dd2e330467,3,cora,sage,12361,81.24076843261719,80.05908203125
f3_a80947dd2e330467,3,cora,sage,12362,79.3205337524414,76.36632537841797
f3_a80947dd2e330467,3,cora,sage,12363,80.20679473876953,77.4002914428711
f3_a80947dd2e330467,3,cora,sage,12364,79.61595153808594,74.74150848388672
f3_5805dcf4b3bc666d,3,cora,sage,12345,81.53618621826172,83.3087158203125
f3_5805dcf4b3bc666d,3,cora,sage,12346,82.7178726196289,81.68389892578125
f3_5805dcf4b3bc666d,3,cora,sage,12347,77.4002914428711,78.43426513671875
f3_5805dcf4b3bc666d,3,cora,sage,12348,82.42245483398438,81.09305572509766
f3_5805dcf4b3bc666d,3,cora,sage,12349,82.57015991210938,83.4564208984375
f3_5805dcf4b3bc666d,3,cora,sage,12350,80.6499252319336,80.50221252441406
f3_5805dcf4b3bc666d,3,cora,sage,12351,84.49039459228516,84.0472640991211
f3_5805dcf4b3bc666d,3,cora,sage,12352,81.38848114013672,80.94534301757812
f3_5805dcf4b3bc666d,3,cora,sage,12353,77.4002914428711,79.61595153808594
f3_5805dcf4b3bc666d,3,cora,sage,12354,80.94534301757812,82.86558532714844
f3_5805dcf4b3bc666d,3,cora,sage,12355,86.26292419433594,83.8995590209961
f3_5805dcf4b3bc666d,3,cora,sage,12356,85.52436828613281,82.42245483398438
f3_5805dcf4b3bc666d,3,cora,sage,12357,84.93353271484375,84.34268951416016
f3_5805dcf4b3bc666d,3,cora,sage,12358,83.01329040527344,81.38848114013672
f3_5805dcf4b3bc666d,3,cora,sage,12359,83.8995590209961,84.63810729980469
f3_5805dcf4b3bc666d,3,cora,sage,12360,83.60413360595703,82.86558532714844
f3_5805dcf4b3bc666d,3,cora,sage,12361,84.93353271484375,83.3087158203125
f3_5805dcf4b3bc666d,3,cora,sage,12362,72.96897888183594,73.11669158935547
f3_5805dcf4b3bc666d,3,cora,sage,12363,83.01329040527344,81.68389892578125
f3_5805dcf4b3bc666d,3,cora,sage,12364,86.7060546875,83.3087158203125
f3_d1bd239f21f4c837,3,cora,sage,12345,81.24076843261719,84.19497680664062
f3_d1bd239f21f4c837,3,cora,sage,12346,84.0472640991211,82.86558532714844
f3_d1bd239f21f4c837,3,cora,sage,12347,84.78582000732422,84.49039459228516
f3_d1bd239f21f4c837,3,cora,sage,12348,85.81979370117188,85.81979370117188
f3_d1bd239f21f4c837,3,cora,sage,12349,84.93353271484375,84.19497680664062
f3_d1bd239f21f4c837,3,cora,sage,12350,81.09305572509766,80.79763793945312
f3_d1bd239f21f4c837,3,cora,sage,12351,84.0472640991211,84.93353271484375
f3_d1bd239f21f4c837,3,cora,sage,12352,83.8995590209961,84.78582000732422
f3_d1bd239f21f4c837,3,cora,sage,12353,81.97931671142578,83.60413360595703
f3_d1bd239f21f4c837,3,cora,sage,12354,83.8995590209961,85.52436828613281
f3_d1bd239f21f4c837,3,cora,sage,12355,84.93353271484375,83.75184631347656
f3_d1bd239f21f4c837,3,cora,sage,12356,86.1152114868164,84.0472640991211
f3_d1bd239f21f4c837,3,cora,sage,12357,85.67208099365234,83.4564208984375
f3_d1bd239f21f4c837,3,cora,sage,12358,83.16100311279297,82.27474212646484
f3_d1bd239f21f4c837,3,cora,sage,12359,82.42245483398438,83.75184631347656
f3_d1bd239f21f4c837,3,cora,sage,12360,85.08123779296875,85.08123779296875
f3_d1bd239f21f4c837,3,cora,sage,12361,85.52436828613281,82.27474212646484
f3_d1bd239f21f4c837,3,cora,sage,12362,86.26292419433594,82.7178726196289
f3_d1bd239f21f4c837,3,cora,sage,12363,85.22895050048828,82.12702941894531
f3_d1bd239f21f4c837,3,cora,sage,12364,86.1152114868164,84.78582000732422
f3_2259104f6a4d411d,3,cora,sage,12345,82.27474212646484,83.4564208984375
f3_2259104f6a4d411d,3,cora,sage,12346,84.78582000732422,83.01329040527344
f3_2259104f6a4d411d,3,cora,sage,12347,84.49039459228516,83.8995590209961
f3_2259104f6a4d411d,3,cora,sage,12348,85.96749877929688,86.41063690185547
f3_2259104f6a4d411d,3,cora,sage,12349,85.08123779296875,83.8995590209961
f3_2259104f6a4d411d,3,cora,sage,12350,81.38848114013672,81.53618621826172
f3_2259104f6a4d411d,3,cora,sage,12351,83.8995590209961,85.08123779296875
f3_2259104f6a4d411d,3,cora,sage,12352,83.8995590209961,85.22895050048828
f3_2259104f6a4d411d,3,cora,sage,12353,82.86558532714844,83.75184631347656
f3_2259104f6a4d411d,3,cora,sage,12354,83.16100311279297,84.93353271484375
f3_2259104f6a4d411d,3,cora,sage,12355,85.37666320800781,83.75184631347656
f3_2259104f6a4d411d,3,cora,sage,12356,86.41063690185547,84.0472640991211
f3_2259104f6a4d411d,3,cora,sage,12357,85.52436828613281,84.34268951416016
f3_2259104f6a4d411d,3,cora,sage,12358,83.75184631347656,82.27474212646484
f3_2259104f6a4d411d,3,cora,sage,12359,83.01329040527344,84.93353271484375
f3_2259104f6a4d411d,3,cora,sage,12360,85.08123779296875,85.22895050048828
f3_2259104f6a4d411d,3,cora,sage,12361,85.67208099365234,82.57015991210938
f3_2259104f6a4d411d,3,cora,sage,12362,85.37666320800781,82.86558532714844
f3_2259104f6a4d411d,3,cora,sage,12363,84.34268951416016,83.3087158203125
f3_2259104f6a4d411d,3,cora,sage,12364,85.67208099365234,84.93353271484375
f3_09deaa191fc538b9,3,cora,sage,12345,81.83161163330078,83.75184631347656
f3_09deaa191fc538b9,3,cora,sage,12346,85.22895050048828,83.01329040527344
f3_09deaa191fc538b9,3,cora,sage,12347,85.08123779296875,84.0472640991211
f3_09deaa191fc538b9,3,cora,sage,12348,85.81979370117188,85.96749877929688
f3_09deaa191fc538b9,3,cora,sage,12349,85.08123779296875,84.63810729980469
f3_09deaa191fc538b9,3,cora,sage,12350,81.53618621826172,81.83161163330078
f3_09deaa191fc538b9,3,cora,sage,12351,83.75184631347656,84.49039459228516
f3_09deaa191fc538b9,3,cora,sage,12352,84.0472640991211,85.96749877929688
f3_09deaa191fc538b9,3,cora,sage,12353,82.86558532714844,83.8995590209961
f3_09deaa191fc538b9,3,cora,sage,12354,83.8995590209961,85.67208099365234
f3_09deaa191fc538b9,3,cora,sage,12355,85.67208099365234,83.3087158203125
f3_09deaa191fc538b9,3,cora,sage,12356,86.26292419433594,84.19497680664062
f3_09deaa191fc538b9,3,cora,sage,12357,85.96749877929688,85.22895050048828
f3_09deaa191fc538b9,3,cora,sage,12358,83.8995590209961,82.7178726196289
f3_09deaa191fc538b9,3,cora,sage,12359,83.01329040527344,84.63810729980469
f3_09deaa191fc538b9,3,cora,sage,12360,83.75184631347656,84.78582000732422
f3_09deaa191fc538b9,3,cora,sage,12361,85.52436828613281,81.97931671142578
f3_09deaa191fc538b9,3,cora,sage,12362,85.22895050048828,82.57015991210938
f3_09deaa191fc538b9,3,cora,sage,12363,84.93353271484375,83.16100311279297
f3_09deaa191fc538b9,3,cora,sage,12364,84.19497680664062,84.49039459228516
f3_bf8b86e083b70b9b,3,cora,sage,12345,81.83161163330078,83.75184631347656
f3_bf8b86e083b70b9b,3,cora,sage,12346,85.52436828613281,83.8995590209961
f3_bf8b86e083b70b9b,3,cora,sage,12347,84.93353271484375,84.0472640991211
f3_bf8b86e083b70b9b,3,cora,sage,12348,86.26292419433594,85.96749877929688
f3_bf8b86e083b70b9b,3,cora,sage,12349,84.93353271484375,84.78582000732422
f3_bf8b86e083b70b9b,3,cora,sage,12350,81.38848114013672,81.83161163330078
f3_bf8b86e083b70b9b,3,cora,sage,12351,83.4564208984375,82.86558532714844
f3_bf8b86e083b70b9b,3,cora,sage,12352,84.0472640991211,85.67208099365234
f3_bf8b86e083b70b9b,3,cora,sage,12353,82.57015991210938,83.8995590209961
f3_bf8b86e083b70b9b,3,cora,sage,12354,83.60413360595703,84.63810729980469
f3_bf8b86e083b70b9b,3,cora,sage,12355,85.52436828613281,83.16100311279297
f3_bf8b86e083b70b9b,3,cora,sage,12356,86.85376739501953,84.0472640991211
f3_bf8b86e083b70b9b,3,cora,sage,12357,86.1152114868164,85.22895050048828
f3_bf8b86e083b70b9b,3,cora,sage,12358,83.75184631347656,82.42245483398438
f3_bf8b86e083b70b9b,3,cora,sage,12359,83.4564208984375,84.49039459228516
f3_bf8b86e083b70b9b,3,cora,sage,12360,84.34268951416016,84.34268951416016
f3_bf8b86e083b70b9b,3,cora,sage,12361,85.52436828613281,82.7178726196289
f3_bf8b86e083b70b9b,3,cora,sage,12362,85.37666320800781,82.42245483398438
f3_bf8b86e083b70b9b,3,cora,sage,12363,85.52436828613281,84.34268951416016
f3_bf8b86e083b70b9b,3,cora,sage,12364,84.19497680664062,84.49039459228516
f3_c9b851530dfc7a60,3,cora,sage,12345,81.97931671142578,81.68389892578125
f3_c9b851530dfc7a60,3,cora,sage,12346,85.67208099365234,82.42245483398438
f3_c9b851530dfc7a60,3,cora,sage,12347,84.49039459228516,84.34268951416016
f3_c9b851530dfc7a60,3,cora,sage,12348,86.41063690185547,86.26292419433594
f3_c9b851530dfc7a60,3,cora,sage,12349,85.52436828613281,83.8995590209961
f3_c9b851530dfc7a60,3,cora,sage,12350,81.38848114013672,82.12702941894531
f3_c9b851530dfc7a60,3,cora,sage,12351,82.27474212646484,83.60413360595703
f3_c9b851530dfc7a60,3,cora,sage,12352,83.60413360595703,84.19497680664062
f3_c9b851530dfc7a60,3,cora,sage,12353,81.38848114013672,82.57015991210938
f3_c9b851530dfc7a60,3,cora,sage,12354,80.79763793945312,85.22895050048828
f3_c9b851530dfc7a60,3,cora,sage,12355,85.37666320800781,83.3087158203125
f3_c9b851530dfc7a60,3,cora,sage,12356,86.85376739501953,84.0472640991211
f3_c9b851530dfc7a60,3,cora,sage,12357,86.1152114868164,86.26292419433594
f3_c9b851530dfc7a60,3,cora,sage,12358,78.43426513671875,77.10487365722656
f3_c9b851530dfc7a60,3,cora,sage,12359,82.86558532714844,83.8995590209961
f3_c9b851530dfc7a60,3,cora,sage,12360,82.57015991210938,82.12702941894531
f3_c9b851530dfc7a60,3,cora,sage,12361,85.52436828613281,82.27474212646484
f3_c9b851530dfc7a60,3,cora,sage,12362,84.63810729980469,81.83161163330078
f3_c9b851530dfc7a60,3,cora,sage,12363,85.08123779296875,83.16100311279297
f3_c9b851530dfc7a60,3,cora,sage,12364,85.96749877929688,84.0472640991211
f3_afcea6715f0fc99c,3,cora,sage,12345,81.97931671142578,83.75184631347656
f3_afcea6715f0fc99c,3,cora,sage,12346,85.81979370117188,83.16100311279297
f3_afcea6715f0fc99c,3,cora,sage,12347,83.01329040527344,84.34268951416016
f3_afcea6715f0fc99c,3,cora,sage,12348,85.37666320800781,83.8995590209961
f3_afcea6715f0fc99c,3,cora,sage,12349,84.0472640991211,83.75184631347656
f3_afcea6715f0fc99c,3,cora,sage,12350,81.09305572509766,81.97931671142578
f3_afcea6715f0fc99c,3,cora,sage,12351,83.75184631347656,85.52436828613281
f3_afcea6715f0fc99c,3,cora,sage,12352,83.8995590209961,85.37666320800781
f3_afcea6715f0fc99c,3,cora,sage,12353,82.86558532714844,84.49039459228516
f3_afcea6715f0fc99c,3,cora,sage,12354,83.8995590209961,86.26292419433594
f3_afcea6715f0fc99c,3,cora,sage,12355,86.26292419433594,84.78582000732422
f3_afcea6715f0fc99c,3,cora,sage,12356,86.1152114868164,83.60413360595703
f3_afcea6715f0fc99c,3,cora,sage,12357,85.08123779296875,85.96749877929688
f3_afcea6715f0fc99c,3,cora,sage,12358,84.19497680664062,82.7178726196289
f3_afcea6715f0fc99c,3,cora,sage,12359,82.86558532714844,83.3087158203125
f3_afcea6715f0fc99c,3,cora,sage,12360,85.37666320800781,85.37666320800781
f3_afcea6715f0fc99c,3,cora,sage,12361,86.55834197998047,82.57015991210938
f3_afcea6715f0fc99c,3,cora,sage,12362,84.93353271484375,81.68389892578125
f3_afcea6715f0fc99c,3,cora,sage,12363,85.96749877929688,83.16100311279297
f3_afcea6715f0fc99c,3,cora,sage,12364,86.1152114868164,85.08123779296875
f3_55db5430131000e7,3,cora,sage,12345,82.27474212646484,84.0472640991211
f3_55db5430131000e7,3,cora,sage,12346,86.1152114868164,82.7178726196289
f3_55db5430131000e7,3,cora,sage,12347,84.34268951416016,84.63810729980469
f3_55db5430131000e7,3,cora,sage,12348,85.67208099365234,85.52436828613281
f3_55db5430131000e7,3,cora,sage,12349,84.34268951416016,84.0472640991211
f3_55db5430131000e7,3,cora,sage,12350,79.911376953125,80.35450744628906
f3_55db5430131000e7,3,cora,sage,12351,83.4564208984375,85.96749877929688
f3_55db5430131000e7,3,cora,sage,12352,84.49039459228516,85.52436828613281
f3_55db5430131000e7,3,cora,sage,12353,83.4564208984375,84.63810729980469
f3_55db5430131000e7,3,cora,sage,12354,84.78582000732422,86.1152114868164
f3_55db5430131000e7,3,cora,sage,12355,85.96749877929688,84.63810729980469
f3_55db5430131000e7,3,cora,sage,12356,86.1152114868164,83.75184631347656
f3_55db5430131000e7,3,cora,sage,12357,84.93353271484375,85.08123779296875
f3_55db5430131000e7,3,cora,sage,12358,84.0472640991211,82.12702941894531
f3_55db5430131000e7,3,cora,sage,12359,82.86558532714844,83.60413360595703
f3_55db5430131000e7,3,cora,sage,12360,85.37666320800781,85.08123779296875
f3_55db5430131000e7,3,cora,sage,12361,86.26292419433594,82.86558532714844
f3_55db5430131000e7,3,cora,sage,12362,84.93353271484375,81.83161163330078
f3_55db5430131000e7,3,cora,sage,12363,86.1152114868164,83.01329040527344
f3_55db5430131000e7,3,cora,sage,12364,86.41063690185547,86.1152114868164
f3_ea049e3c72909b3f,3,cora,sage,12345,81.97931671142578,83.60413360595703
f3_ea049e3c72909b3f,3,cora,sage,12346,86.1152114868164,83.01329040527344
f3_ea049e3c72909b3f,3,cora,sage,12347,83.8995590209961,84.34268951416016
f3_ea049e3c72909b3f,3,cora,sage,12348,86.1152114868164,85.22895050048828
f3_ea049e3c72909b3f,3,cora,sage,12349,84.34268951416016,83.75184631347656
f3_ea049e3c72909b3f,3,cora,sage,12350,80.35450744628906,80.94534301757812
f3_ea049e3c72909b3f,3,cora,sage,12351,83.60413360595703,85.81979370117188
f3_ea049e3c72909b3f,3,cora,sage,12352,84.0472640991211,84.78582000732422
f3_ea049e3c72909b3f,3,cora,sage,12353,82.57015991210938,83.8995590209961
f3_ea049e3c72909b3f,3,cora,sage,12354,84.49039459228516,86.41063690185547
f3_ea049e3c72909b3f,3,cora,sage,12355,85.37666320800781,83.8995590209961
f3_ea049e3c72909b3f,3,cora,sage,12356,86.55834197998047,83.8995590209961
f3_ea049e3c72909b3f,3,cora,sage,12357,84.93353271484375,85.67208099365234
f3_ea049e3c72909b3f,3,cora,sage,12358,84.19497680664062,82.86558532714844
f3_ea049e3c72909b3f,3,cora,sage,12359,82.86558532714844,83.75184631347656
f3_ea049e3c72909b3f,3,cora,sage,12360,84.78582000732422,85.22895050048828
f3_ea049e3c72909b3f,3,cora,sage,12361,86.41063690185547,82.42245483398438
f3_ea049e3c72909b3f,3,cora,sage,12362,85.08123779296875,81.68389892578125
f3_ea049e3c72909b3f,3,cora,sage,12363,86.1152114868164,83.3087158203125
f3_ea049e3c72909b3f,3,cora,sage,12364,86.55834197998047,85.96749877929688
f3_7e689bd1570c8901,3,cora,sage,12345,81.83161163330078,81.38848114013672
f3_7e689bd1570c8901,3,cora,sage,12346,85.37666320800781,83.3087158203125
f3_7e689bd1570c8901,3,cora,sage,12347,84.19497680664062,84.63810729980469
f3_7e689bd1570c8901,3,cora,sage,12348,85.96749877929688,84.49039459228516
f3_7e689bd1570c8901,3,cora,sage,12349,81.53618621826172,81.09305572509766
f3_7e689bd1570c8901,3,cora,sage,12350,81.83161163330078,82.57015991210938
f3_7e689bd1570c8901,3,cora,sage,12351,84.93353271484375,85.08123779296875
f3_7e689bd1570c8901,3,cora,sage,12352,84.78582000732422,85.08123779296875
f3_7e689bd1570c8901,3,cora,sage,12353,81.97931671142578,82.12702941894531
f3_7e689bd1570c8901,3,cora,sage,12354,83.3087158203125,85.37666320800781
f3_7e689bd1570c8901,3,cora,sage,12355,86.41063690185547,84.34268951416016
f3_7e689bd1570c8901,3,cora,sage,12356,85.67208099365234,83.4564208984375
f3_7e689bd1570c8901,3,cora,sage,12357,81.68389892578125,83.75184631347656
f3_7e689bd1570c8901,3,cora,sage,12358,83.01329040527344,82.27474212646484
f3_7e689bd1570c8901,3,cora,sage,12359,81.97931671142578,83.3087158203125
f3_7e689bd1570c8901,3,cora,sage,12360,86.41063690185547,85.52436828613281
f3_7e689bd1570c8901,3,cora,sage,12361,84.49039459228516,81.83161163330078
f3_7e689bd1570c8901,3,cora,sage,12362,85.37666320800781,81.09305572509766
f3_7e689bd1570c8901,3,cora,sage,12363,85.37666320800781,83.16100311279297
f3_7e689bd1570c8901,3,cora,sage,12364,86.85376739501953,85.96749877929688
f3_01bcf4f9ad4ba40b,3,cora,sage,12345,74.0029525756836,77.99113464355469
f3_01bcf4f9ad4ba40b,3,cora,sage,12346,77.69571685791016,76.51403045654297
f3_01bcf4f9ad4ba40b,3,cora,sage,12347,80.05908203125,78.72969055175781
f3_01bcf4f9ad4ba40b,3,cora,sage,12348,79.17282104492188,77.2525863647461
f3_01bcf4f9ad4ba40b,3,cora,sage,12349,80.35450744628906,79.3205337524414
f3_01bcf4f9ad4ba40b,3,cora,sage,12350,74.44608306884766,74.15066528320312
f3_01bcf4f9ad4ba40b,3,cora,sage,12351,72.52584838867188,74.74150848388672
f3_01bcf4f9ad4ba40b,3,cora,sage,12352,80.50221252441406,80.35450744628906
f3_01bcf4f9ad4ba40b,3,cora,sage,12353,77.69571685791016,79.3205337524414
f3_01bcf4f9ad4ba40b,3,cora,sage,12354,78.28656005859375,80.79763793945312
f3_01bcf4f9ad4ba40b,3,cora,sage,12355,78.87740325927734,75.62776947021484
f3_01bcf4f9ad4ba40b,3,cora,sage,12356,78.87740325927734,77.2525863647461
f3_01bcf4f9ad4ba40b,3,cora,sage,12357,77.99113464355469,77.10487365722656
f3_01bcf4f9ad4ba40b,3,cora,sage,12358,76.0708999633789,74.29837799072266
f3_01bcf4f9ad4ba40b,3,cora,sage,12359,76.0708999633789,74.15066528320312
f3_01bcf4f9ad4ba40b,3,cora,sage,12360,79.4682388305664,80.05908203125
f3_01bcf4f9ad4ba40b,3,cora,sage,12361,81.53618621826172,77.99113464355469
f3_01bcf4f9ad4ba40b,3,cora,sage,12362,77.69571685791016,76.0708999633789
f3_01bcf4f9ad4ba40b,3,cora,sage,12363,79.61595153808594,75.48005676269531
f3_01bcf4f9ad4ba40b,3,cora,sage,12364,79.911376953125,75.18463897705078
f3_4331303eb21117ac,3,cora,sage,12345,73.8552474975586,78.28656005859375
f3_4331303eb21117ac,3,cora,sage,12346,77.69571685791016,76.51403045654297
f3_4331303eb21117ac,3,cora,sage,12347,80.05908203125,78.72969055175781
f3_4331303eb21117ac,3,cora,sage,12348,79.17282104492188,77.2525863647461
f3_4331303eb21117ac,3,cora,sage,12349,80.35450744628906,79.3205337524414
f3_4331303eb21117ac,3,cora,sage,12350,74.44608306884766,74.59379577636719
f3_4331303eb21117ac,3,cora,sage,12351,73.11669158935547,74.88921356201172
f3_4331303eb21117ac,3,cora,sage,12352,80.50221252441406,80.35450744628906
f3_4331303eb21117ac,3,cora,sage,12353,77.69571685791016,79.17282104492188
f3_4331303eb21117ac,3,cora,sage,12354,78.43426513671875,81.53618621826172
f3_4331303eb21117ac,3,cora,sage,12355,78.87740325927734,75.62776947021484
f3_4331303eb21117ac,3,cora,sage,12356,78.72969055175781,78.43426513671875
f3_4331303eb21117ac,3,cora,sage,12357,78.43426513671875,77.84342956542969
f3_4331303eb21117ac,3,cora,sage,12358,76.0708999633789,74.29837799072266
f3_4331303eb21117ac,3,cora,sage,12359,75.77548217773438,73.8552474975586
f3_4331303eb21117ac,3,cora,sage,12360,79.3205337524414,79.911376953125
f3_4331303eb21117ac,3,cora,sage,12361,81.53618621826172,78.87740325927734
f3_4331303eb21117ac,3,cora,sage,12362,77.4002914428711,76.6617431640625
f3_4331303eb21117ac,3,cora,sage,12363,79.61595153808594,75.48005676269531
f3_4331303eb21117ac,3,cora,sage,12364,79.911376953125,75.18463897705078
f3_31c9e9be5ee1fafd,3,cora,sage,12345,74.44608306884766,79.02510833740234
f3_31c9e9be5ee1fafd,3,cora,sage,12346,77.84342956542969,77.2525863647461
f3_31c9e9be5ee1fafd,3,cora,sage,12347,79.76366424560547,78.87740325927734
f3_31c9e9be5ee1fafd,3,cora,sage,12348,79.61595153808594,76.95716094970703
f3_31c9e9be5ee1fafd,3,cora,sage,12349,80.20679473876953,79.3205337524414
f3_31c9e9be5ee1fafd,3,cora,sage,12350,75.03692626953125,73.8552474975586
f3_31c9e9be5ee1fafd,3,cora,sage,12351,72.6735610961914,75.48005676269531
f3_31c9e9be5ee1fafd,3,cora,sage,12352,80.50221252441406,80.05908203125
f3_31c9e9be5ee1fafd,3,cora,sage,12353,77.69571685791016,78.58197784423828
f3_31c9e9be5ee1fafd,3,cora,sage,12354,78.43426513671875,80.6499252319336
f3_31c9e9be5ee1fafd,3,cora,sage,12355,79.02510833740234,75.77548217773438
f3_31c9e9be5ee1fafd,3,cora,sage,12356,78.58197784423828,78.72969055175781
f3_31c9e9be5ee1fafd,3,cora,sage,12357,78.28656005859375,77.54800415039062
f3_31c9e9be5ee1fafd,3,cora,sage,12358,76.21861267089844,74.59379577636719
f3_31c9e9be5ee1fafd,3,cora,sage,12359,75.48005676269531,74.0029525756836
f3_31c9e9be5ee1fafd,3,cora,sage,12360,79.3205337524414,80.20679473876953
f3_31c9e9be5ee1fafd,3,cora,sage,12361,81.53618621826172,78.13884735107422
f3_31c9e9be5ee1fafd,3,cora,sage,12362,77.54800415039062,75.92318725585938
f3_31c9e9be5ee1fafd,3,cora,sage,12363,79.3205337524414,76.36632537841797
f3_31c9e9be5ee1fafd,3,cora,sage,12364,80.20679473876953,75.48005676269531
f3_046ccf7bfba4451c,3,cora,sage,12345,74.44608306884766,77.84342956542969
f3_046ccf7bfba4451c,3,cora,sage,12346,78.28656005859375,76.51403045654297
f3_046ccf7bfba4451c,3,cora,sage,12347,80.05908203125,79.02510833740234
f3_046ccf7bfba4451c,3,cora,sage,12348,79.76366424560547,76.51403045654297
f3_046ccf7bfba4451c,3,cora,sage,12349,80.05908203125,79.02510833740234
f3_046ccf7bfba4451c,3,cora,sage,12350,74.15066528320312,74.59379577636719
f3_046ccf7bfba4451c,3,cora,sage,12351,73.55982208251953,74.59379577636719
f3_046ccf7bfba4451c,3,cora,sage,12352,80.6499252319336,80.05908203125
f3_046ccf7bfba4451c,3,cora,sage,12353,77.84342956542969,79.76366424560547
f3_046ccf7bfba4451c,3,cora,sage,12354,78.72969055175781,81.53618621826172
f3_046ccf7bfba4451c,3,cora,sage,12355,78.87740325927734,75.92318725585938
f3_046ccf7bfba4451c,3,cora,sage,12356,78.87740325927734,78.43426513671875
f3_046ccf7bfba4451c,3,cora,sage,12357,77.69571685791016,76.95716094970703
f3_046ccf7bfba4451c,3,cora,sage,12358,76.21861267089844,74.44608306884766
f3_046ccf7bfba4451c,3,cora,sage,12359,75.77548217773438,74.44608306884766
f3_046ccf7bfba4451c,3,cora,sage,12360,79.61595153808594,80.79763793945312
f3_046ccf7bfba4451c,3,cora,sage,12361,81.24076843261719,78.13884735107422
f3_046ccf7bfba4451c,3,cora,sage,12362,77.4002914428711,76.21861267089844
f3_046ccf7bfba4451c,3,cora,sage,12363,79.4682388305664,75.92318725585938
f3_046ccf7bfba4451c,3,cora,sage,12364,80.50221252441406,75.33235168457031
f3_4741abdca3bc7459,3,cora,sage,12345,75.48005676269531,77.99113464355469
f3_4741abdca3bc7459,3,cora,sage,12346,77.54800415039062,76.80945587158203
f3_4741abdca3bc7459,3,cora,sage,12347,79.911376953125,79.02510833740234
f3_4741abdca3bc7459,3,cora,sage,12348,80.6499252319336,78.13884735107422
f3_4741abdca3bc7459,3,cora,sage,12349,80.6499252319336,79.17282104492188
f3_4741abdca3bc7459,3,cora,sage,12350,75.33235168457031,75.03692626953125
f3_4741abdca3bc7459,3,cora,sage,12351,74.29837799072266,76.51403045654297
f3_4741abdca3bc7459,3,cora,sage,12352,80.05908203125,80.20679473876953
f3_4741abdca3bc7459,3,cora,sage,12353,77.84342956542969,79.02510833740234
f3_4741abdca3bc7459,3,cora,sage,12354,78.87740325927734,81.38848114013672
f3_4741abdca3bc7459,3,cora,sage,12355,79.911376953125,76.21861267089844
f3_4741abdca3bc7459,3,cora,sage,12356,78.72969055175781,76.36632537841797
f3_4741abdca3bc7459,3,cora,sage,12357,78.43426513671875,77.4002914428711
f3_4741abdca3bc7459,3,cora,sage,12358,77.54800415039062,75.92318725585938
f3_4741abdca3bc7459,3,cora,sage,12359,77.10487365722656,74.74150848388672
f3_4741abdca3bc7459,3,cora,sage,12360,79.61595153808594,81.24076843261719
f3_4741abdca3bc7459,3,cora,sage,12361,81.97931671142578,78.28656005859375
f3_4741abdca3bc7459,3,cora,sage,12362,77.84342956542969,76.51403045654297
f3_4741abdca3bc7459,3,cora,sage,12363,79.76366424560547,75.77548217773438
f3_4741abdca3bc7459,3,cora,sage,12364,80.20679473876953,76.21861267089844
f3_1ff8dc2158eba7d9,3,cora,sage,12345,80.50221252441406,83.3087158203125
f3_1ff8dc2158eba7d9,3,cora,sage,12346,83.3087158203125,84.0472640991211
f3_1ff8dc2158eba7d9,3,cora,sage,12347,83.16100311279297,82.42245483398438
f3_1ff8dc2158eba7d9,3,cora,sage,12348,83.75184631347656,84.0472640991211
f3_1ff8dc2158eba7d9,3,cora,sage,12349,81.53618621826172,81.38848114013672
f3_1ff8dc2158eba7d9,3,cora,sage,12350,83.60413360595703,81.83161163330078
f3_1ff8dc2158eba7d9,3,cora,sage,12351,82.27474212646484,84.19497680664062
f3_1ff8dc2158eba7d9,3,cora,sage,12352,84.34268951416016,84.49039459228516
f3_1ff8dc2158eba7d9,3,cora,sage,12353,80.94534301757812,84.93353271484375
f3_1ff8dc2158eba7d9,3,cora,sage,12354,82.7178726196289,84.63810729980469
f3_1ff8dc2158eba7d9,3,cora,sage,12355,84.63810729980469,83.3087158203125
f3_1ff8dc2158eba7d9,3,cora,sage,12356,85.22895050048828,82.42245483398438
f3_1ff8dc2158eba7d9,3,cora,sage,12357,84.63810729980469,84.93353271484375
f3_1ff8dc2158eba7d9,3,cora,sage,12358,83.60413360595703,81.38848114013672
f3_1ff8dc2158eba7d9,3,cora,sage,12359,84.34268951416016,84.49039459228516
f3_1ff8dc2158eba7d9,3,cora,sage,12360,84.49039459228516,86.85376739501953
f3_1ff8dc2158eba7d9,3,cora,sage,12361,85.37666320800781,83.75184631347656
f3_1ff8dc2158eba7d9,3,cora,sage,12362,84.63810729980469,81.97931671142578
f3_1ff8dc2158eba7d9,3,cora,sage,12363,84.49039459228516,80.79763793945312
f3_1ff8dc2158eba7d9,3,cora,sage,12364,86.7060546875,84.78582000732422
f3_78dfc6447bc15f8b,3,cora,sage,12345,81.38848114013672,84.34268951416016
f3_78dfc6447bc15f8b,3,cora,sage,12346,83.16100311279297,81.68389892578125
f3_78dfc6447bc15f8b,3,cora,sage,12347,84.49039459228516,83.75184631347656
f3_78dfc6447bc15f8b,3,cora,sage,12348,82.7178726196289,83.8995590209961
f3_78dfc6447bc15f8b,3,cora,sage,12349,83.3087158203125,83.75184631347656
f3_78dfc6447bc15f8b,3,cora,sage,12350,78.28656005859375,79.76366424560547
f3_78dfc6447bc15f8b,3,cora,sage,12351,83.8995590209961,84.63810729980469
f3_78dfc6447bc15f8b,3,cora,sage,12352,83.8995590209961,86.55834197998047
f3_78dfc6447bc15f8b,3,cora,sage,12353,82.27474212646484,85.08123779296875
f3_78dfc6447bc15f8b,3,cora,sage,12354,82.7178726196289,85.08123779296875
f3_78dfc6447bc15f8b,3,cora,sage,12355,85.96749877929688,84.0472640991211
f3_78dfc6447bc15f8b,3,cora,sage,12356,83.01329040527344,80.94534301757812
f3_78dfc6447bc15f8b,3,cora,sage,12357,86.1152114868164,86.41063690185547
f3_78dfc6447bc15f8b,3,cora,sage,12358,83.3087158203125,82.12702941894531
f3_78dfc6447bc15f8b,3,cora,sage,12359,82.42245483398438,84.0472640991211
f3_78dfc6447bc15f8b,3,cora,sage,12360,84.93353271484375,86.26292419433594
f3_78dfc6447bc15f8b,3,cora,sage,12361,86.7060546875,84.49039459228516
f3_78dfc6447bc15f8b,3,cora,sage,12362,84.19497680664062,82.57015991210938
f3_78dfc6447bc15f8b,3,cora,sage,12363,85.22895050048828,83.3087158203125
f3_78dfc6447bc15f8b,3,cora,sage,12364,87.00147247314453,84.93353271484375
f3_33b9e1ae51e6ddfa,3,cora,sage,12345,81.97931671142578,83.60413360595703
f3_33b9e1ae51e6ddfa,3,cora,sage,12346,84.93353271484375,83.3087158203125
f3_33b9e1ae51e6ddfa,3,cora,sage,12347,85.96749877929688,85.81979370117188
f3_33b9e1ae51e6ddfa,3,cora,sage,12348,85.37666320800781,85.96749877929688
f3_33b9e1ae51e6ddfa,3,cora,sage,12349,85.81979370117188,84.63810729980469
f3_33b9e1ae51e6ddfa,3,cora,sage,12350,83.16100311279297,83.75184631347656
f3_33b9e1ae51e6ddfa,3,cora,sage,12351,82.7178726196289,81.97931671142578
f3_33b9e1ae51e6ddfa,3,cora,sage,12352,85.22895050048828,84.63810729980469
f3_33b9e1ae51e6ddfa,3,cora,sage,12353,84.49039459228516,85.22895050048828
f3_33b9e1ae51e6ddfa,3,cora,sage,12354,83.8995590209961,85.22895050048828
f3_33b9e1ae51e6ddfa,3,cora,sage,12355,86.26292419433594,82.27474212646484
f3_33b9e1ae51e6ddfa,3,cora,sage,12356,72.08271789550781,66.617431640625
f3_33b9e1ae51e6ddfa,3,cora,sage,12357,86.1152114868164,85.96749877929688
f3_33b9e1ae51e6ddfa,3,cora,sage,12358,83.8995590209961,81.53618621826172
f3_33b9e1ae51e6ddfa,3,cora,sage,12359,85.08123779296875,82.57015991210938
f3_33b9e1ae51e6ddfa,3,cora,sage,12360,83.8995590209961,86.7060546875
f3_33b9e1ae51e6ddfa,3,cora,sage,12361,85.81979370117188,84.78582000732422
f3_33b9e1ae51e6ddfa,3,cora,sage,12362,84.49039459228516,83.60413360595703
f3_33b9e1ae51e6ddfa,3,cora,sage,12363,86.55834197998047,82.86558532714844
f3_33b9e1ae51e6ddfa,3,cora,sage,12364,86.41063690185547,83.60413360595703
f3_e91ff88e2da0423c,3,cora,sage,12345,82.57015991210938,84.49039459228516
f3_e91ff88e2da0423c,3,cora,sage,12346,84.34268951416016,80.35450744628906
f3_e91ff88e2da0423c,3,cora,sage,12347,85.81979370117188,85.52436828613281
f3_e91ff88e2da0423c,3,cora,sage,12348,82.27474212646484,82.42245483398438
f3_e91ff88e2da0423c,3,cora,sage,12349,84.49039459228516,83.4564208984375
f3_e91ff88e2da0423c,3,cora,sage,12350,82.57015991210938,81.68389892578125
f3_e91ff88e2da0423c,3,cora,sage,12351,83.16100311279297,82.12702941894531
f3_e91ff88e2da0423c,3,cora,sage,12352,84.78582000732422,84.0472640991211
f3_e91ff88e2da0423c,3,cora,sage,12353,84.93353271484375,84.93353271484375
f3_e91ff88e2da0423c,3,cora,sage,12354,84.34268951416016,85.81979370117188
f3_e91ff88e2da0423c,3,cora,sage,12355,87.74002838134766,83.4564208984375
f3_e91ff88e2da0423c,3,cora,sage,12356,71.78730010986328,65.43574523925781
f3_e91ff88e2da0423c,3,cora,sage,12357,86.1152114868164,85.81979370117188
f3_e91ff88e2da0423c,3,cora,sage,12358,84.49039459228516,80.79763793945312
f3_e91ff88e2da0423c,3,cora,sage,12359,85.81979370117188,83.01329040527344
f3_e91ff88e2da0423c,3,cora,sage,12360,85.08123779296875,86.85376739501953
f3_e91ff88e2da0423c,3,cora,sage,12361,86.1152114868164,85.37666320800781
f3_e91ff88e2da0423c,3,cora,sage,12362,84.19497680664062,81.97931671142578
f3_e91ff88e2da0423c,3,cora,sage,12363,86.41063690185547,84.34268951416016
f3_e91ff88e2da0423c,3,cora,sage,12364,87.14918518066406,85.08123779296875
f3_6932465f59619ca0,3,cora,sage,12345,81.38848114013672,84.63810729980469
f3_6932465f59619ca0,3,cora,sage,12346,85.08123779296875,84.93353271484375
f3_6932465f59619ca0,3,cora,sage,12347,83.8995590209961,84.49039459228516
f3_6932465f59619ca0,3,cora,sage,12348,85.08123779296875,84.93353271484375
f3_6932465f59619ca0,3,cora,sage,12349,83.01329040527344,82.12702941894531
f3_6932465f59619ca0,3,cora,sage,12350,82.57015991210938,83.4564208984375
f3_6932465f59619ca0,3,cora,sage,12351,83.3087158203125,85.52436828613281
f3_6932465f59619ca0,3,cora,sage,12352,84.19497680664062,85.37666320800781
f3_6932465f59619ca0,3,cora,sage,12353,81.53618621826172,85.37666320800781
f3_6932465f59619ca0,3,cora,sage,12354,83.75184631347656,85.52436828613281
f3_6932465f59619ca0,3,cora,sage,12355,85.67208099365234,83.16100311279297
f3_6932465f59619ca0,3,cora,sage,12356,85.67208099365234,83.8995590209961
f3_6932465f59619ca0,3,cora,sage,12357,84.49039459228516,85.22895050048828
f3_6932465f59619ca0,3,cora,sage,12358,84.34268951416016,83.01329040527344
f3_6932465f59619ca0,3,cora,sage,12359,84.0472640991211,83.8995590209961
f3_6932465f59619ca0,3,cora,sage,12360,83.60413360595703,85.67208099365234
f3_6932465f59619ca0,3,cora,sage,12361,85.67208099365234,84.0472640991211
f3_6932465f59619ca0,3,cora,sage,12362,85.08123779296875,82.7178726196289
f3_6932465f59619ca0,3,cora,sage,12363,85.81979370117188,83.4564208984375
f3_6932465f59619ca0,3,cora,sage,12364,87.44461059570312,85.96749877929688
f3_820a448c0f3d9738,3,cora,sage,12345,81.53618621826172,84.19497680664062
f3_820a448c0f3d9738,3,cora,sage,12346,87.44461059570312,84.63810729980469
f3_820a448c0f3d9738,3,cora,sage,12347,85.67208099365234,85.96749877929688
f3_820a448c0f3d9738,3,cora,sage,12348,84.34268951416016,84.19497680664062
f3_820a448c0f3d9738,3,cora,sage,12349,85.67208099365234,83.60413360595703
f3_820a448c0f3d9738,3,cora,sage,12350,84.0472640991211,83.75184631347656
f3_820a448c0f3d9738,3,cora,sage,12351,83.4564208984375,83.75184631347656
f3_820a448c0f3d9738,3,cora,sage,12352,84.34268951416016,83.60413360595703
f3_820a448c0f3d9738,3,cora,sage,12353,82.86558532714844,84.49039459228516
f3_820a448c0f3d9738,3,cora,sage,12354,84.34268951416016,84.78582000732422
f3_820a448c0f3d9738,3,cora,sage,12355,85.52436828613281,82.42245483398438
f3_820a448c0f3d9738,3,cora,sage,12356,74.74150848388672,72.96897888183594
f3_820a448c0f3d9738,3,cora,sage,12357,85.08123779296875,84.93353271484375
f3_820a448c0f3d9738,3,cora,sage,12358,83.75184631347656,82.86558532714844
f3_820a448c0f3d9738,3,cora,sage,12359,84.78582000732422,82.27474212646484
f3_820a448c0f3d9738,3,cora,sage,12360,85.37666320800781,85.22895050048828
f3_820a448c0f3d9738,3,cora,sage,12361,86.85376739501953,84.49039459228516
f3_820a448c0f3d9738,3,cora,sage,12362,85.52436828613281,81.68389892578125
f3_820a448c0f3d9738,3,cora,sage,12363,85.81979370117188,82.86558532714844
f3_820a448c0f3d9738,3,cora,sage,12364,86.85376739501953,83.60413360595703
f3_0bf5956d72a24b86,3,cora,sage,12345,81.53618621826172,84.0472640991211
f3_0bf5956d72a24b86,3,cora,sage,12346,84.63810729980469,83.16100311279297
f3_0bf5956d72a24b86,3,cora,sage,12347,84.19497680664062,83.75184631347656
f3_0bf5956d72a24b86,3,cora,sage,12348,86.26292419433594,83.4564208984375
f3_0bf5956d72a24b86,3,cora,sage,12349,82.12702941894531,82.57015991210938
f3_0bf5956d72a24b86,3,cora,sage,12350,80.50221252441406,80.79763793945312
f3_0bf5956d72a24b86,3,cora,sage,12351,84.63810729980469,84.78582000732422
f3_0bf5956d72a24b86,3,cora,sage,12352,83.16100311279297,84.34268951416016
f3_0bf5956d72a24b86,3,cora,sage,12353,81.09305572509766,83.4564208984375
f3_0bf5956d72a24b86,3,cora,sage,12354,81.83161163330078,84.19497680664062
f3_0bf5956d72a24b86,3,cora,sage,12355,85.52436828613281,83.60413360595703
f3_0bf5956d72a24b86,3,cora,sage,12356,85.67208099365234,83.01329040527344
f3_0bf5956d72a24b86,3,cora,sage,12357,83.75184631347656,84.34268951416016
f3_0bf5956d72a24b86,3,cora,sage,12358,83.16100311279297,80.94534301757812
f3_0bf5956d72a24b86,3,cora,sage,12359,81.53618621826172,83.01329040527344
f3_0bf5956d72a24b86,3,cora,sage,12360,85.67208099365234,87.44461059570312
f3_0bf5956d72a24b86,3,cora,sage,12361,85.67208099365234,83.8995590209961
f3_0bf5956d72a24b86,3,cora,sage,12362,83.8995590209961,80.94534301757812
f3_0bf5956d72a24b86,3,cora,sage,12363,84.93353271484375,82.27474212646484
f3_0bf5956d72a24b86,3,cora,sage,12364,86.85376739501953,84.49039459228516
f3_a99c45daed18105e,3,cora,sage,12345,81.24076843261719,82.27474212646484
f3_a99c45daed18105e,3,cora,sage,12346,84.78582000732422,84.19497680664062
f3_a99c45daed18105e,3,cora,sage,12347,83.3087158203125,84.0472640991211
f3_a99c45daed18105e,3,cora,sage,12348,85.81979370117188,85.81979370117188
f3_a99c45daed18105e,3,cora,sage,12349,81.83161163330078,83.3087158203125
f3_a99c45daed18105e,3,cora,sage,12350,81.38848114013672,82.7178726196289
f3_a99c45daed18105e,3,cora,sage,12351,83.75184631347656,85.81979370117188
f3_a99c45daed18105e,3,cora,sage,12352,82.7178726196289,83.60413360595703
f3_a99c45daed18105e,3,cora,sage,12353,80.6499252319336,84.0472640991211
f3_a99c45daed18105e,3,cora,sage,12354,83.75184631347656,84.93353271484375
f3_a99c45daed18105e,3,cora,sage,12355,84.19497680664062,82.86558532714844
f3_a99c45daed18105e,3,cora,sage,12356,85.96749877929688,83.01329040527344
f3_a99c45daed18105e,3,cora,sage,12357,84.0472640991211,86.26292419433594
f3_a99c45daed18105e,3,cora,sage,12358,81.97931671142578,82.27474212646484
f3_a99c45daed18105e,3,cora,sage,12359,82.57015991210938,83.60413360595703
f3_a99c45daed18105e,3,cora,sage,12360,83.60413360595703,84.49039459228516
f3_a99c45daed18105e,3,cora,sage,12361,85.08123779296875,82.42245483398438
f3_a99c45daed18105e,3,cora,sage,12362,84.19497680664062,82.12702941894531
f3_a99c45daed18105e,3,cora,sage,12363,83.16100311279297,81.53618621826172
f3_a99c45daed18105e,3,cora,sage,12364,87.59231567382812,85.52436828613281
f3_45ca31ffa4be25f3,3,cora,sage,12345,81.83161163330078,83.16100311279297
f3_45ca31ffa4be25f3,3,cora,sage,12346,86.7060546875,84.78582000732422
f3_45ca31ffa4be25f3,3,cora,sage,12347,84.78582000732422,83.3087158203125
f3_45ca31ffa4be25f3,3,cora,sage,12348,86.26292419433594,84.49039459228516
f3_45ca31ffa4be25f3,3,cora,sage,12349,84.34268951416016,83.3087158203125
f3_45ca31ffa4be25f3,3,cora,sage,12350,83.8995590209961,83.75184631347656
f3_45ca31ffa4be25f3,3,cora,sage,12351,84.34268951416016,85.22895050048828
f3_45ca31ffa4be25f3,3,cora,sage,12352,84.93353271484375,84.19497680664062
f3_45ca31ffa4be25f3,3,cora,sage,12353,84.49039459228516,84.34268951416016
f3_45ca31ffa4be25f3,3,cora,sage,12354,85.52436828613281,85.52436828613281
f3_45ca31ffa4be25f3,3,cora,sage,12355,86.26292419433594,83.01329040527344
f3_45ca31ffa4be25f3,3,cora,sage,12356,87.14918518066406,83.60413360595703
f3_45ca31ffa4be25f3,3,cora,sage,12357,86.26292419433594,86.41063690185547
f3_45ca31ffa4be25f3,3,cora,sage,12358,85.22895050048828,83.3087158203125
f3_45ca31ffa4be25f3,3,cora,sage,12359,85.81979370117188,84.78582000732422
f3_45ca31ffa4be25f3,3,cora,sage,12360,84.49039459228516,86.41063690185547
f3_45ca31ffa4be25f3,3,cora,sage,12361,86.7060546875,85.08123779296875
f3_45ca31ffa4be25f3,3,cora,sage,12362,85.08123779296875,81.97931671142578
f3_45ca31ffa4be25f3,3,cora,sage,12363,85.08123779296875,83.01329040527344
f3_45ca31ffa4be25f3,3,cora,sage,12364,87.59231567382812,83.3087158203125
f3_b1080ff57062aabc,3,cora,sage,12345,81.53618621826172,84.63810729980469
f3_b1080ff57062aabc,3,cora,sage,12346,86.41063690185547,84.19497680664062
f3_b1080ff57062aabc,3,cora,sage,12347,85.96749877929688,87.14918518066406
f3_b1080ff57062aabc,3,cora,sage,12348,86.41063690185547,85.22895050048828
f3_b1080ff57062aabc,3,cora,sage,12349,85.52436828613281,83.8995590209961
f3_b1080ff57062aabc,3,cora,sage,12350,83.60413360595703,83.8995590209961
f3_b1080ff57062aabc,3,cora,sage,12351,75.18463897705078,74.15066528320312
f3_b1080ff57062aabc,3,cora,sage,12352,85.81979370117188,84.78582000732422
f3_b1080ff57062aabc,3,cora,sage,12353,83.16100311279297,83.3087158203125
f3_b1080ff57062aabc,3,cora,sage,12354,84.78582000732422,85.67208099365234
f3_b1080ff57062aabc,3,cora,sage,12355,86.55834197998047,83.4564208984375
f3_b1080ff57062aabc,3,cora,sage,12356,86.55834197998047,84.49039459228516
f3_b1080ff57062aabc,3,cora,sage,12357,85.81979370117188,86.41063690185547
f3_b1080ff57062aabc,3,cora,sage,12358,85.81979370117188,84.0472640991211
f3_b1080ff57062aabc,3,cora,sage,12359,85.52436828613281,84.78582000732422
f3_b1080ff57062aabc,3,cora,sage,12360,85.81979370117188,85.08123779296875
f3_b1080ff57062aabc,3,cora,sage,12361,87.2968978881836,84.93353271484375
f3_b1080ff57062aabc,3,cora,sage,12362,85.08123779296875,81.97931671142578
f3_b1080ff57062aabc,3,cora,sage,12363,85.81979370117188,85.08123779296875
f3_b1080ff57062aabc,3,cora,sage,12364,85.96749877929688,83.8995590209961
f3_4b0ddcf8d60e5837,3,cora,sage,12345,77.4002914428711,79.76366424560547
f3_4b0ddcf8d60e5837,3,cora,sage,12346,76.0708999633789,74.0029525756836
f3_4b0ddcf8d60e5837,3,cora,sage,12347,78.28656005859375,79.17282104492188
f3_4b0ddcf8d60e5837,3,cora,sage,12348,76.80945587158203,76.51403045654297
f3_4b0ddcf8d60e5837,3,cora,sage,12349,79.61595153808594,79.3205337524414
f3_4b0ddcf8d60e5837,3,cora,sage,12350,74.29837799072266,71.19645690917969
f3_4b0ddcf8d60e5837,3,cora,sage,12351,73.70753479003906,75.03692626953125
f3_4b0ddcf8d60e5837,3,cora,sage,12352,79.02510833740234,80.50221252441406
f3_4b0ddcf8d60e5837,3,cora,sage,12353,75.18463897705078,77.84342956542969
f3_4b0ddcf8d60e5837,3,cora,sage,12354,78.43426513671875,77.84342956542969
f3_4b0ddcf8d60e5837,3,cora,sage,12355,79.911376953125,76.51403045654297
f3_4b0ddcf8d60e5837,3,cora,sage,12356,82.42245483398438,79.17282104492188
f3_4b0ddcf8d60e5837,3,cora,sage,12357,75.48005676269531,73.412109375
f3_4b0ddcf8d60e5837,3,cora,sage,12358,75.48005676269531,74.0029525756836
f3_4b0ddcf8d60e5837,3,cora,sage,12359,77.99113464355469,75.33235168457031
f3_4b0ddcf8d60e5837,3,cora,sage,12360,77.69571685791016,79.4682388305664
f3_4b0ddcf8d60e5837,3,cora,sage,12361,81.53618621826172,77.2525863647461
f3_4b0ddcf8d60e5837,3,cora,sage,12362,78.43426513671875,76.36632537841797
f3_4b0ddcf8d60e5837,3,cora,sage,12363,80.05908203125,77.54800415039062
f3_4b0ddcf8d60e5837,3,cora,sage,12364,80.6499252319336,77.54800415039062
f3_81cc6b1060fb4296,3,cora,sage,12345,77.4002914428711,80.20679473876953
f3_81cc6b1060fb4296,3,cora,sage,12346,75.92318725585938,75.77548217773438
f3_81cc6b1060fb4296,3,cora,sage,12347,78.28656005859375,79.17282104492188
f3_81cc6b1060fb4296,3,cora,sage,12348,76.80945587158203,76.51403045654297
f3_81cc6b1060fb4296,3,cora,sage,12349,79.61595153808594,79.3205337524414
f3_81cc6b1060fb4296,3,cora,sage,12350,74.59379577636719,73.11669158935547
f3_81cc6b1060fb4296,3,cora,sage,12351,74.0029525756836,72.6735610961914
f3_81cc6b1060fb4296,3,cora,sage,12352,79.02510833740234,80.35450744628906
f3_81cc6b1060fb4296,3,cora,sage,12353,75.18463897705078,77.99113464355469
f3_81cc6b1060fb4296,3,cora,sage,12354,78.43426513671875,77.84342956542969
f3_81cc6b1060fb4296,3,cora,sage,12355,79.911376953125,76.51403045654297
f3_81cc6b1060fb4296,3,cora,sage,12356,82.12702941894531,78.72969055175781
f3_81cc6b1060fb4296,3,cora,sage,12357,75.33235168457031,74.59379577636719
f3_81cc6b1060fb4296,3,cora,sage,12358,74.88921356201172,73.8552474975586
f3_81cc6b1060fb4296,3,cora,sage,12359,77.99113464355469,75.33235168457031
f3_81cc6b1060fb4296,3,cora,sage,12360,77.69571685791016,79.4682388305664
f3_81cc6b1060fb4296,3,cora,sage,12361,81.38848114013672,77.54800415039062
f3_81cc6b1060fb4296,3,cora,sage,12362,78.87740325927734,76.21861267089844
f3_81cc6b1060fb4296,3,cora,sage,12363,79.911376953125,77.54800415039062
f3_81cc6b1060fb4296,3,cora,sage,12364,80.05908203125,77.2525863647461
f3_e33fd73b28fa18c8,3,cora,sage,12345,77.54800415039062,80.20679473876953
f3_e33fd73b28fa18c8,3,cora,sage,12346,76.51403045654297,74.0029525756836
f3_e33fd73b28fa18c8,3,cora,sage,12347,78.58197784423828,78.43426513671875
f3_e33fd73b28fa18c8,3,cora,sage,12348,76.0708999633789,78.43426513671875
f3_e33fd73b28fa18c8,3,cora,sage,12349,80.35450744628906,79.61595153808594
f3_e33fd73b28fa18c8,3,cora,sage,12350,74.74150848388672,70.90103149414062
f3_e33fd73b28fa18c8,3,cora,sage,12351,73.70753479003906,72.82127380371094
f3_e33fd73b28fa18c8,3,cora,sage,12352,79.02510833740234,80.79763793945312
f3_e33fd73b28fa18c8,3,cora,sage,12353,75.03692626953125,77.69571685791016
f3_e33fd73b28fa18c8,3,cora,sage,12354,78.43426513671875,77.69571685791016
f3_e33fd73b28fa18c8,3,cora,sage,12355,79.911376953125,76.80945587158203
f3_e33fd73b28fa18c8,3,cora,sage,12356,82.27474212646484,78.72969055175781
f3_e33fd73b28fa18c8,3,cora,sage,12357,75.33235168457031,74.59379577636719
f3_e33fd73b28fa18c8,3,cora,sage,12358,75.18463897705078,73.8552474975586
f3_e33fd73b28fa18c8,3,cora,sage,12359,78.43426513671875,75.48005676269531
f3_e33fd73b28fa18c8,3,cora,sage,12360,77.69571685791016,79.3205337524414
f3_e33fd73b28fa18c8,3,cora,sage,12361,81.53618621826172,78.43426513671875
f3_e33fd73b28fa18c8,3,cora,sage,12362,78.58197784423828,76.0708999633789
f3_e33fd73b28fa18c8,3,cora,sage,12363,79.61595153808594,77.4002914428711
f3_e33fd73b28fa18c8,3,cora,sage,12364,80.05908203125,76.6617431640625
f3_dceab36f3365730d,3,cora,sage,12345,77.10487365722656,79.3205337524414
f3_dceab36f3365730d,3,cora,sage,12346,76.0708999633789,74.0029525756836
f3_dceab36f3365730d,3,cora,sage,12347,79.3205337524414,77.99113464355469
f3_dceab36f3365730d,3,cora,sage,12348,75.92318725585938,75.92318725585938
f3_dceab36f3365730d,3,cora,sage,12349,79.76366424560547,79.02510833740234
f3_dceab36f3365730d,3,cora,sage,12350,74.59379577636719,71.93500518798828
f3_dceab36f3365730d,3,cora,sage,12351,74.0029525756836,75.48005676269531
f3_dceab36f3365730d,3,cora,sage,12352,79.17282104492188,80.79763793945312
f3_dceab36f3365730d,3,cora,sage,12353,76.21861267089844,75.62776947021484
f3_dceab36f3365730d,3,cora,sage,12354,78.13884735107422,77.69571685791016
f3_dceab36f3365730d,3,cora,sage,12355,79.61595153808594,75.33235168457031
f3_dceab36f3365730d,3,cora,sage,12356,82.42245483398438,78.72969055175781
f3_dceab36f3365730d,3,cora,sage,12357,74.44608306884766,75.92318725585938
f3_dceab36f3365730d,3,cora,sage,12358,75.18463897705078,74.29837799072266
f3_dceab36f3365730d,3,cora,sage,12359,77.84342956542969,74.59379577636719
f3_dceab36f3365730d,3,cora,sage,12360,77.69571685791016,78.72969055175781
f3_dceab36f3365730d,3,cora,sage,12361,82.27474212646484,78.58197784423828
f3_dceab36f3365730d,3,cora,sage,12362,77.54800415039062,75.33235168457031
f3_dceab36f3365730d,3,cora,sage,12363,79.3205337524414,77.4002914428711
f3_dceab36f3365730d,3,cora,sage,12364,81.38848114013672,75.92318725585938
f3_6d0adb99f0d2dc0e,3,cora,sage,12345,78.13884735107422,78.58197784423828
f3_6d0adb99f0d2dc0e,3,cora,sage,12346,75.62776947021484,74.88921356201172
f3_6d0adb99f0d2dc0e,3,cora,sage,12347,79.911376953125,78.87740325927734
f3_6d0adb99f0d2dc0e,3,cora,sage,12348,73.264404296875,76.6617431640625
f3_6d0adb99f0d2dc0e,3,cora,sage,12349,80.94534301757812,79.61595153808594
f3_6d0adb99f0d2dc0e,3,cora,sage,12350,76.21861267089844,73.264404296875
f3_6d0adb99f0d2dc0e,3,cora,sage,12351,76.6617431640625,75.77548217773438
f3_6d0adb99f0d2dc0e,3,cora,sage,12352,78.87740325927734,78.28656005859375
f3_6d0adb99f0d2dc0e,3,cora,sage,12353,75.62776947021484,76.80945587158203
f3_6d0adb99f0d2dc0e,3,cora,sage,12354,78.28656005859375,78.13884735107422
f3_6d0adb99f0d2dc0e,3,cora,sage,12355,79.61595153808594,75.33235168457031
f3_6d0adb99f0d2dc0e,3,cora,sage,12356,81.24076843261719,78.43426513671875
f3_6d0adb99f0d2dc0e,3,cora,sage,12357,75.03692626953125,75.62776947021484
f3_6d0adb99f0d2dc0e,3,cora,sage,12358,76.0708999633789,74.74150848388672
f3_6d0adb99f0d2dc0e,3,cora,sage,12359,78.28656005859375,73.412109375
f3_6d0adb99f0d2dc0e,3,cora,sage,12360,79.61595153808594,80.20679473876953
f3_6d0adb99f0d2dc0e,3,cora,sage,12361,81.83161163330078,76.6617431640625
f3_6d0adb99f0d2dc0e,3,cora,sage,12362,77.99113464355469,77.84342956542969
f3_6d0adb99f0d2dc0e,3,cora,sage,12363,79.02510833740234,77.84342956542969
f3_6d0adb99f0d2dc0e,3,cora,sage,12364,80.79763793945312,77.2525863647461
f3_342f8d3bdf252f61,3,cora,sage,12345,81.68389892578125,84.63810729980469
f3_342f8d3bdf252f61,3,cora,sage,12346,84.34268951416016,81.97931671142578
f3_342f8d3bdf252f61,3,cora,sage,12347,84.19497680664062,84.19497680664062
f3_342f8d3bdf252f61,3,cora,sage,12348,84.0472640991211,84.78582000732422
f3_342f8d3bdf252f61,3,cora,sage,12349,83.8995590209961,84.0472640991211
f3_342f8d3bdf252f61,3,cora,sage,12350,80.35450744628906,82.7178726196289
f3_342f8d3bdf252f61,3,cora,sage,12351,84.78582000732422,84.19497680664062
f3_342f8d3bdf252f61,3,cora,sage,12352,83.8995590209961,85.08123779296875
f3_342f8d3bdf252f61,3,cora,sage,12353,83.01329040527344,83.60413360595703
f3_342f8d3bdf252f61,3,cora,sage,12354,84.0472640991211,86.7060546875
f3_342f8d3bdf252f61,3,cora,sage,12355,85.96749877929688,85.22895050048828
f3_342f8d3bdf252f61,3,cora,sage,12356,85.96749877929688,82.42245483398438
f3_342f8d3bdf252f61,3,cora,sage,12357,84.19497680664062,84.34268951416016
f3_342f8d3bdf252f61,3,cora,sage,12358,83.75184631347656,82.12702941894531
f3_342f8d3bdf252f61,3,cora,sage,12359,83.01329040527344,82.7178726196289
f3_342f8d3bdf252f61,3,cora,sage,12360,83.8995590209961,83.75184631347656
f3_342f8d3bdf252f61,3,cora,sage,12361,86.7060546875,82.57015991210938
f3_342f8d3bdf252f61,3,cora,sage,12362,83.4564208984375,82.57015991210938
f3_342f8d3bdf252f61,3,cora,sage,12363,86.1152114868164,83.75184631347656
f3_342f8d3bdf252f61,3,cora,sage,12364,86.85376739501953,84.19497680664062
f3_d37b6f8c73840b60,3,cora,sage,12345,81.83161163330078,84.19497680664062
f3_d37b6f8c73840b60,3,cora,sage,12346,83.16100311279297,80.35450744628906
f3_d37b6f8c73840b60,3,cora,sage,12347,84.78582000732422,84.0472640991211
f3_d37b6f8c73840b60,3,cora,sage,12348,86.1152114868164,85.81979370117188
f3_d37b6f8c73840b60,3,cora,sage,12349,84.93353271484375,84.34268951416016
f3_d37b6f8c73840b60,3,cora,sage,12350,81.53618621826172,83.4564208984375
f3_d37b6f8c73840b60,3,cora,sage,12351,84.78582000732422,85.08123779296875
f3_d37b6f8c73840b60,3,cora,sage,12352,83.60413360595703,84.93353271484375
f3_d37b6f8c73840b60,3,cora,sage,12353,82.57015991210938,83.8995590209961
f3_d37b6f8c73840b60,3,cora,sage,12354,83.75184631347656,86.41063690185547
f3_d37b6f8c73840b60,3,cora,sage,12355,85.96749877929688,83.4564208984375
f3_d37b6f8c73840b60,3,cora,sage,12356,86.41063690185547,83.60413360595703
f3_d37b6f8c73840b60,3,cora,sage,12357,86.1152114868164,86.85376739501953
f3_d37b6f8c73840b60,3,cora,sage,12358,83.3087158203125,83.01329040527344
f3_d37b6f8c73840b60,3,cora,sage,12359,83.4564208984375,83.3087158203125
f3_d37b6f8c73840b60,3,cora,sage,12360,84.34268951416016,84.63810729980469
f3_d37b6f8c73840b60,3,cora,sage,12361,85.81979370117188,83.01329040527344
f3_d37b6f8c73840b60,3,cora,sage,12362,84.93353271484375,81.97931671142578
f3_d37b6f8c73840b60,3,cora,sage,12363,85.96749877929688,84.63810729980469
f3_d37b6f8c73840b60,3,cora,sage,12364,86.26292419433594,85.08123779296875
f3_c95aab53af007f84,3,cora,sage,12345,81.97931671142578,84.34268951416016
f3_c95aab53af007f84,3,cora,sage,12346,86.1152114868164,84.19497680664062
f3_c95aab53af007f84,3,cora,sage,12347,85.81979370117188,83.60413360595703
f3_c95aab53af007f84,3,cora,sage,12348,85.52436828613281,85.22895050048828
f3_c95aab53af007f84,3,cora,sage,12349,85.67208099365234,84.63810729980469
f3_c95aab53af007f84,3,cora,sage,12350,81.24076843261719,82.7178726196289
f3_c95aab53af007f84,3,cora,sage,12351,84.63810729980469,84.34268951416016
f3_c95aab53af007f84,3,cora,sage,12352,83.60413360595703,84.93353271484375
f3_c95aab53af007f84,3,cora,sage,12353,82.27474212646484,83.01329040527344
f3_c95aab53af007f84,3,cora,sage,12354,83.4564208984375,85.96749877929688
f3_c95aab53af007f84,3,cora,sage,12355,86.41063690185547,83.3087158203125
f3_c95aab53af007f84,3,cora,sage,12356,86.7060546875,84.49039459228516
f3_c95aab53af007f84,3,cora,sage,12357,86.41063690185547,86.85376739501953
f3_c95aab53af007f84,3,cora,sage,12358,83.4564208984375,82.57015991210938
f3_c95aab53af007f84,3,cora,sage,12359,83.75184631347656,84.63810729980469
f3_c95aab53af007f84,3,cora,sage,12360,85.08123779296875,84.49039459228516
f3_c95aab53af007f84,3,cora,sage,12361,86.1152114868164,82.27474212646484
f3_c95aab53af007f84,3,cora,sage,12362,85.08123779296875,82.27474212646484
f3_c95aab53af007f84,3,cora,sage,12363,85.96749877929688,85.37666320800781
f3_c95aab53af007f84,3,cora,sage,12364,85.22895050048828,84.0472640991211
f3_1e287253e95262d4,3,cora,sage,12345,81.97931671142578,84.63810729980469
f3_1e287253e95262d4,3,cora,sage,12346,84.63810729980469,82.7178726196289
f3_1e287253e95262d4,3,cora,sage,12347,84.34268951416016,84.49039459228516
f3_1e287253e95262d4,3,cora,sage,12348,84.34268951416016,85.08123779296875
f3_1e287253e95262d4,3,cora,sage,12349,86.7060546875,82.42245483398438
f3_1e287253e95262d4,3,cora,sage,12350,83.75184631347656,83.3087158203125
f3_1e287253e95262d4,3,cora,sage,12351,81.97931671142578,80.20679473876953
f3_1e287253e95262d4,3,cora,sage,12352,84.93353271484375,86.26292419433594
f3_1e287253e95262d4,3,cora,sage,12353,84.63810729980469,85.52436828613281
f3_1e287253e95262d4,3,cora,sage,12354,82.27474212646484,84.19497680664062
f3_1e287253e95262d4,3,cora,sage,12355,85.52436828613281,82.7178726196289
f3_1e287253e95262d4,3,cora,sage,12356,81.53618621826172,77.4002914428711
f3_1e287253e95262d4,3,cora,sage,12357,84.78582000732422,84.93353271484375
f3_1e287253e95262d4,3,cora,sage,12358,82.86558532714844,80.6499252319336
f3_1e287253e95262d4,3,cora,sage,12359,84.93353271484375,83.4564208984375
f3_1e287253e95262d4,3,cora,sage,12360,84.0472640991211,85.67208099365234
f3_1e287253e95262d4,3,cora,sage,12361,84.78582000732422,81.83161163330078
f3_1e287253e95262d4,3,cora,sage,12362,83.4564208984375,79.17282104492188
f3_1e287253e95262d4,3,cora,sage,12363,84.34268951416016,82.57015991210938
f3_1e287253e95262d4,3,cora,sage,12364,82.86558532714844,81.53618621826172
f3_d923107dff04beb1,3,cora,sage,12345,81.68389892578125,82.86558532714844
f3_d923107dff04beb1,3,cora,sage,12346,84.63810729980469,83.4564208984375
f3_d923107dff04beb1,3,cora,sage,12347,84.19497680664062,82.86558532714844
f3_d923107dff04beb1,3,cora,sage,12348,84.63810729980469,84.78582000732422
f3_d923107dff04beb1,3,cora,sage,12349,84.0472640991211,84.19497680664062
f3_d923107dff04beb1,3,cora,sage,12350,81.09305572509766,81.53618621826172
f3_d923107dff04beb1,3,cora,sage,12351,84.19497680664062,84.49039459228516
f3_d923107dff04beb1,3,cora,sage,12352,84.0472640991211,85.37666320800781
f3_d923107dff04beb1,3,cora,sage,12353,81.09305572509766,81.53618621826172
f3_d923107dff04beb1,3,cora,sage,12354,84.78582000732422,86.41063690185547
f3_d923107dff04beb1,3,cora,sage,12355,86.41063690185547,83.01329040527344
f3_d923107dff04beb1,3,cora,sage,12356,87.44461059570312,84.0472640991211
f3_d923107dff04beb1,3,cora,sage,12357,85.22895050048828,85.67208099365234
f3_d923107dff04beb1,3,cora,sage,12358,80.05908203125,78.43426513671875
f3_d923107dff04beb1,3,cora,sage,12359,83.75184631347656,84.63810729980469
f3_d923107dff04beb1,3,cora,sage,12360,84.78582000732422,84.34268951416016
f3_d923107dff04beb1,3,cora,sage,12361,86.55834197998047,83.4564208984375
f3_d923107dff04beb1,3,cora,sage,12362,85.37666320800781,83.16100311279297
f3_d923107dff04beb1,3,cora,sage,12363,85.81979370117188,84.63810729980469
f3_d923107dff04beb1,3,cora,sage,12364,86.7060546875,86.1152114868164
f3_4caea507b17b6b64,3,cora,sage,12345,80.94534301757812,84.0472640991211
f3_4caea507b17b6b64,3,cora,sage,12346,85.37666320800781,83.60413360595703
f3_4caea507b17b6b64,3,cora,sage,12347,84.49039459228516,84.34268951416016
f3_4caea507b17b6b64,3,cora,sage,12348,85.08123779296875,84.34268951416016
f3_4caea507b17b6b64,3,cora,sage,12349,84.34268951416016,84.0472640991211
f3_4caea507b17b6b64,3,cora,sage,12350,82.27474212646484,83.16100311279297
f3_4caea507b17b6b64,3,cora,sage,12351,84.78582000732422,84.93353271484375
f3_4caea507b17b6b64,3,cora,sage,12352,84.49039459228516,82.7178726196289
f3_4caea507b17b6b64,3,cora,sage,12353,82.7178726196289,84.34268951416016
f3_4caea507b17b6b64,3,cora,sage,12354,84.0472640991211,87.14918518066406
f3_4caea507b17b6b64,3,cora,sage,12355,86.26292419433594,83.3087158203125
f3_4caea507b17b6b64,3,cora,sage,12356,87.14918518066406,83.8995590209961
f3_4caea507b17b6b64,3,cora,sage,12357,84.93353271484375,85.81979370117188
f3_4caea507b17b6b64,3,cora,sage,12358,83.8995590209961,82.27474212646484
f3_4caea507b17b6b64,3,cora,sage,12359,83.4564208984375,84.19497680664062
f3_4caea507b17b6b64,3,cora,sage,12360,83.4564208984375,84.49039459228516
f3_4caea507b17b6b64,3,cora,sage,12361,86.41063690185547,83.3087158203125
f3_4caea507b17b6b64,3,cora,sage,12362,84.49039459228516,82.12702941894531
f3_4caea507b17b6b64,3,cora,sage,12363,86.41063690185547,83.3087158203125
f3_4caea507b17b6b64,3,cora,sage,12364,86.55834197998047,85.67208099365234
f3_a645d48096fcf687,3,cora,sage,12345,82.42245483398438,84.0472640991211
f3_a645d48096fcf687,3,cora,sage,12346,84.49039459228516,83.4564208984375
f3_a645d48096fcf687,3,cora,sage,12347,84.34268951416016,84.0472640991211
f3_a645d48096fcf687,3,cora,sage,12348,85.67208099365234,84.49039459228516
f3_a645d48096fcf687,3,cora,sage,12349,84.93353271484375,83.60413360595703
f3_a645d48096fcf687,3,cora,sage,12350,81.97931671142578,82.27474212646484
f3_a645d48096fcf687,3,cora,sage,12351,84.93353271484375,84.49039459228516
f3_a645d48096fcf687,3,cora,sage,12352,84.49039459228516,82.7178726196289
f3_a645d48096fcf687,3,cora,sage,12353,81.24076843261719,83.3087158203125
f3_a645d48096fcf687,3,cora,sage,12354,83.75184631347656,87.44461059570312
f3_a645d48096fcf687,3,cora,sage,12355,85.81979370117188,82.7178726196289
f3_a645d48096fcf687,3,cora,sage,12356,86.1152114868164,82.86558532714844
f3_a645d48096fcf687,3,cora,sage,12357,84.93353271484375,86.55834197998047
f3_a645d48096fcf687,3,cora,sage,12358,84.49039459228516,81.97931671142578
f3_a645d48096fcf687,3,cora,sage,12359,84.34268951416016,83.75184631347656
f3_a645d48096fcf687,3,cora,sage,12360,83.4564208984375,83.4564208984375
f3_a645d48096fcf687,3,cora,sage,12361,86.7060546875,81.83161163330078
f3_a645d48096fcf687,3,cora,sage,12362,84.93353271484375,82.86558532714844
f3_a645d48096fcf687,3,cora,sage,12363,85.37666320800781,81.83161163330078
f3_a645d48096fcf687,3,cora,sage,12364,86.1152114868164,84.93353271484375
f3_aedf96ca9b8b59a9,3,cora,sage,12345,82.42245483398438,83.8995590209961
f3_aedf96ca9b8b59a9,3,cora,sage,12346,84.19497680664062,83.60413360595703
f3_aedf96ca9b8b59a9,3,cora,sage,12347,84.34268951416016,84.49039459228516
f3_aedf96ca9b8b59a9,3,cora,sage,12348,86.1152114868164,85.37666320800781
f3_aedf96ca9b8b59a9,3,cora,sage,12349,84.93353271484375,84.78582000732422
f3_aedf96ca9b8b59a9,3,cora,sage,12350,81.83161163330078,82.7178726196289
f3_aedf96ca9b8b59a9,3,cora,sage,12351,84.93353271484375,84.93353271484375
f3_aedf96ca9b8b59a9,3,cora,sage,12352,84.63810729980469,84.63810729980469
f3_aedf96ca9b8b59a9,3,cora,sage,12353,82.57015991210938,83.8995590209961
f3_aedf96ca9b8b59a9,3,cora,sage,12354,83.60413360595703,86.7060546875
f3_aedf96ca9b8b59a9,3,cora,sage,12355,86.55834197998047,83.16100311279297
f3_aedf96ca9b8b59a9,3,cora,sage,12356,85.37666320800781,81.53618621826172
f3_aedf96ca9b8b59a9,3,cora,sage,12357,84.0472640991211,85.22895050048828
f3_aedf96ca9b8b59a9,3,cora,sage,12358,84.93353271484375,82.27474212646484
f3_aedf96ca9b8b59a9,3,cora,sage,12359,84.34268951416016,83.16100311279297
f3_aedf96ca9b8b59a9,3,cora,sage,12360,84.49039459228516,84.63810729980469
f3_aedf96ca9b8b59a9,3,cora,sage,12361,85.96749877929688,82.27474212646484
f3_aedf96ca9b8b59a9,3,cora,sage,12362,85.37666320800781,83.01329040527344
f3_aedf96ca9b8b59a9,3,cora,sage,12363,86.41063690185547,83.01329040527344
f3_aedf96ca9b8b59a9,3,cora,sage,12364,86.55834197998047,85.52436828613281
f3_c3f3890f5c38ab63,3,cora,sage,12345,82.27474212646484,84.63810729980469
f3_c3f3890f5c38ab63,3,cora,sage,12346,85.22895050048828,83.01329040527344
f3_c3f3890f5c38ab63,3,cora,sage,12347,83.8995590209961,85.81979370117188
f3_c3f3890f5c38ab63,3,cora,sage,12348,85.96749877929688,84.93353271484375
f3_c3f3890f5c38ab63,3,cora,sage,12349,84.63810729980469,84.34268951416016
f3_c3f3890f5c38ab63,3,cora,sage,12350,81.83161163330078,83.3087158203125
f3_c3f3890f5c38ab63,3,cora,sage,12351,85.37666320800781,84.63810729980469
f3_c3f3890f5c38ab63,3,cora,sage,12352,85.37666320800781,82.12702941894531
f3_c3f3890f5c38ab63,3,cora,sage,12353,82.42245483398438,84.0472640991211
f3_c3f3890f5c38ab63,3,cora,sage,12354,84.78582000732422,86.85376739501953
f3_c3f3890f5c38ab63,3,cora,sage,12355,86.1152114868164,83.3087158203125
f3_c3f3890f5c38ab63,3,cora,sage,12356,86.85376739501953,82.7178726196289
f3_c3f3890f5c38ab63,3,cora,sage,12357,84.63810729980469,85.08123779296875
f3_c3f3890f5c38ab63,3,cora,sage,12358,84.19497680664062,82.7178726196289
f3_c3f3890f5c38ab63,3,cora,sage,12359,84.0472640991211,83.75184631347656
f3_c3f3890f5c38ab63,3,cora,sage,12360,85.22895050048828,86.26292419433594
f3_c3f3890f5c38ab63,3,cora,sage,12361,86.1152114868164,82.86558532714844
f3_c3f3890f5c38ab63,3,cora,sage,12362,85.22895050048828,82.57015991210938
f3_c3f3890f5c38ab63,3,cora,sage,12363,85.67208099365234,82.57015991210938
f3_c3f3890f5c38ab63,3,cora,sage,12364,86.41063690185547,86.55834197998047
f3_9ef3a7db07a963c5,3,cora,sage,12345,82.86558532714844,84.63810729980469
f3_9ef3a7db07a963c5,3,cora,sage,12346,86.7060546875,85.81979370117188
f3_9ef3a7db07a963c5,3,cora,sage,12347,83.8995590209961,83.01329040527344
f3_9ef3a7db07a963c5,3,cora,sage,12348,85.52436828613281,85.67208099365234
f3_9ef3a7db07a963c5,3,cora,sage,12349,84.19497680664062,83.16100311279297
f3_9ef3a7db07a963c5,3,cora,sage,12350,80.94534301757812,82.12702941894531
f3_9ef3a7db07a963c5,3,cora,sage,12351,85.22895050048828,83.16100311279297
f3_9ef3a7db07a963c5,3,cora,sage,12352,84.34268951416016,83.8995590209961
f3_9ef3a7db07a963c5,3,cora,sage,12353,82.57015991210938,84.34268951416016
f3_9ef3a7db07a963c5,3,cora,sage,12354,84.19497680664062,87.59231567382812
f3_9ef3a7db07a963c5,3,cora,sage,12355,85.96749877929688,82.86558532714844
f3_9ef3a7db07a963c5,3,cora,sage,12356,87.59231567382812,84.49039459228516
f3_9ef3a7db07a963c5,3,cora,sage,12357,85.52436828613281,86.26292419433594
f3_9ef3a7db07a963c5,3,cora,sage,12358,83.4564208984375,82.57015991210938
f3_9ef3a7db07a963c5,3,cora,sage,12359,83.16100311279297,84.0472640991211
f3_9ef3a7db07a963c5,3,cora,sage,12360,85.37666320800781,86.26292419433594
f3_9ef3a7db07a963c5,3,cora,sage,12361,85.96749877929688,83.3087158203125
f3_9ef3a7db07a963c5,3,cora,sage,12362,85.67208099365234,81.68389892578125
f3_9ef3a7db07a963c5,3,cora,sage,12363,86.85376739501953,84.49039459228516
f3_9ef3a7db07a963c5,3,cora,sage,12364,86.26292419433594,85.81979370117188
f3_3c8601809f629dc7,3,cora,sage,12345,76.80945587158203,79.76366424560547
f3_3c8601809f629dc7,3,cora,sage,12346,78.28656005859375,76.51403045654297
f3_3c8601809f629dc7,3,cora,sage,12347,80.6499252319336,78.13884735107422
f3_3c8601809f629dc7,3,cora,sage,12348,79.61595153808594,75.62776947021484
f3_3c8601809f629dc7,3,cora,sage,12349,80.05908203125,79.02510833740234
f3_3c8601809f629dc7,3,cora,sage,12350,74.44608306884766,76.95716094970703
f3_3c8601809f629dc7,3,cora,sage,12351,74.74150848388672,74.29837799072266
f3_3c8601809f629dc7,3,cora,sage,12352,80.20679473876953,80.20679473876953
f3_3c8601809f629dc7,3,cora,sage,12353,74.74150848388672,75.77548217773438
f3_3c8601809f629dc7,3,cora,sage,12354,78.28656005859375,79.3205337524414
f3_3c8601809f629dc7,3,cora,sage,12355,77.54800415039062,74.0029525756836
f3_3c8601809f629dc7,3,cora,sage,12356,79.17282104492188,77.10487365722656
f3_3c8601809f629dc7,3,cora,sage,12357,78.58197784423828,77.99113464355469
f3_3c8601809f629dc7,3,cora,sage,12358,76.95716094970703,75.62776947021484
f3_3c8601809f629dc7,3,cora,sage,12359,75.77548217773438,72.6735610961914
f3_3c8601809f629dc7,3,cora,sage,12360,80.79763793945312,83.75184631347656
f3_3c8601809f629dc7,3,cora,sage,12361,80.35450744628906,77.84342956542969
f3_3c8601809f629dc7,3,cora,sage,12362,76.80945587158203,76.36632537841797
f3_3c8601809f629dc7,3,cora,sage,12363,79.911376953125,77.69571685791016
f3_3c8601809f629dc7,3,cora,sage,12364,79.3205337524414,76.80945587158203
f3_dae064389801d037,3,cora,sage,12345,76.51403045654297,79.4682388305664
f3_dae064389801d037,3,cora,sage,12346,78.28656005859375,76.36632537841797
f3_dae064389801d037,3,cora,sage,12347,80.6499252319336,78.28656005859375
f3_dae064389801d037,3,cora,sage,12348,79.61595153808594,75.62776947021484
f3_dae064389801d037,3,cora,sage,12349,80.05908203125,79.02510833740234
f3_dae064389801d037,3,cora,sage,12350,74.74150848388672,75.92318725585938
f3_dae064389801d037,3,cora,sage,12351,74.59379577636719,73.70753479003906
f3_dae064389801d037,3,cora,sage,12352,80.20679473876953,80.20679473876953
f3_dae064389801d037,3,cora,sage,12353,74.88921356201172,75.92318725585938
f3_dae064389801d037,3,cora,sage,12354,78.43426513671875,81.09305572509766
f3_dae064389801d037,3,cora,sage,12355,77.54800415039062,74.0029525756836
f3_dae064389801d037,3,cora,sage,12356,79.17282104492188,77.84342956542969
f3_dae064389801d037,3,cora,sage,12357,78.72969055175781,77.99113464355469
f3_dae064389801d037,3,cora,sage,12358,76.95716094970703,75.62776947021484
f3_dae064389801d037,3,cora,sage,12359,75.77548217773438,72.6735610961914
f3_dae064389801d037,3,cora,sage,12360,80.79763793945312,83.75184631347656
f3_dae064389801d037,3,cora,sage,12361,80.50221252441406,78.72969055175781
f3_dae064389801d037,3,cora,sage,12362,76.95716094970703,77.10487365722656
f3_dae064389801d037,3,cora,sage,12363,79.911376953125,77.69571685791016
f3_dae064389801d037,3,cora,sage,12364,79.61595153808594,76.80945587158203
f3_f8e23e604fee1379,3,cora,sage,12345,76.6617431640625,79.61595153808594
f3_f8e23e604fee1379,3,cora,sage,12346,78.28656005859375,76.36632537841797
f3_f8e23e604fee1379,3,cora,sage,12347,80.35450744628906,79.17282104492188
f3_f8e23e604fee1379,3,cora,sage,12348,79.61595153808594,75.62776947021484
f3_f8e23e604fee1379,3,cora,sage,12349,80.20679473876953,79.02510833740234
f3_f8e23e604fee1379,3,cora,sage,12350,74.15066528320312,75.92318725585938
f3_f8e23e604fee1379,3,cora,sage,12351,74.44608306884766,76.36632537841797
f3_f8e23e604fee1379,3,cora,sage,12352,80.20679473876953,80.50221252441406
f3_f8e23e604fee1379,3,cora,sage,12353,74.88921356201172,77.99113464355469
f3_f8e23e604fee1379,3,cora,sage,12354,78.58197784423828,78.72969055175781
f3_f8e23e604fee1379,3,cora,sage,12355,77.4002914428711,73.264404296875
f3_f8e23e604fee1379,3,cora,sage,12356,78.72969055175781,76.95716094970703
f3_f8e23e604fee1379,3,cora,sage,12357,78.87740325927734,78.58197784423828
f3_f8e23e604fee1379,3,cora,sage,12358,77.2525863647461,75.77548217773438
f3_f8e23e604fee1379,3,cora,sage,12359,76.6617431640625,73.55982208251953
f3_f8e23e604fee1379,3,cora,sage,12360,80.6499252319336,83.75184631347656
f3_f8e23e604fee1379,3,cora,sage,12361,80.35450744628906,78.13884735107422
f3_f8e23e604fee1379,3,cora,sage,12362,77.2525863647461,76.51403045654297
f3_f8e23e604fee1379,3,cora,sage,12363,79.76366424560547,77.84342956542969
f3_f8e23e604fee1379,3,cora,sage,12364,79.4682388305664,76.51403045654297
f3_02c3361ce2aa0477,3,cora,sage,12345,76.80945587158203,79.4682388305664
f3_02c3361ce2aa0477,3,cora,sage,12346,78.28656005859375,77.99113464355469
f3_02c3361ce2aa0477,3,cora,sage,12347,80.50221252441406,79.76366424560547
f3_02c3361ce2aa0477,3,cora,sage,12348,79.61595153808594,75.77548217773438
f3_02c3361ce2aa0477,3,cora,sage,12349,80.79763793945312,79.76366424560547
f3_02c3361ce2aa0477,3,cora,sage,12350,74.59379577636719,75.18463897705078
f3_02c3361ce2aa0477,3,cora,sage,12351,75.33235168457031,75.18463897705078
f3_02c3361ce2aa0477,3,cora,sage,12352,80.20679473876953,80.6499252319336
f3_02c3361ce2aa0477,3,cora,sage,12353,74.59379577636719,75.18463897705078
f3_02c3361ce2aa0477,3,cora,sage,12354,79.02510833740234,77.84342956542969
f3_02c3361ce2aa0477,3,cora,sage,12355,76.95716094970703,73.412109375
f3_02c3361ce2aa0477,3,cora,sage,12356,78.87740325927734,76.80945587158203
f3_02c3361ce2aa0477,3,cora,sage,12357,78.72969055175781,78.87740325927734
f3_02c3361ce2aa0477,3,cora,sage,12358,77.84342956542969,75.62776947021484
f3_02c3361ce2aa0477,3,cora,sage,12359,75.92318725585938,72.96897888183594
f3_02c3361ce2aa0477,3,cora,sage,12360,80.6499252319336,81.09305572509766
f3_02c3361ce2aa0477,3,cora,sage,12361,80.6499252319336,78.28656005859375
f3_02c3361ce2aa0477,3,cora,sage,12362,77.4002914428711,76.95716094970703
f3_02c3361ce2aa0477,3,cora,sage,12363,79.17282104492188,76.51403045654297
f3_02c3361ce2aa0477,3,cora,sage,12364,79.3205337524414,76.51403045654297
f3_bc5bcf703472c6b7,3,cora,sage,12345,76.80945587158203,79.17282104492188
f3_bc5bcf703472c6b7,3,cora,sage,12346,78.13884735107422,76.36632537841797
f3_bc5bcf703472c6b7,3,cora,sage,12347,80.6499252319336,80.05908203125
f3_bc5bcf703472c6b7,3,cora,sage,12348,80.50221252441406,76.21861267089844
f3_bc5bcf703472c6b7,3,cora,sage,12349,81.09305572509766,80.50221252441406
f3_bc5bcf703472c6b7,3,cora,sage,12350,74.88921356201172,74.74150848388672
f3_bc5bcf703472c6b7,3,cora,sage,12351,77.54800415039062,76.95716094970703
f3_bc5bcf703472c6b7,3,cora,sage,12352,80.05908203125,81.09305572509766
f3_bc5bcf703472c6b7,3,cora,sage,12353,75.92318725585938,79.61595153808594
f3_bc5bcf703472c6b7,3,cora,sage,12354,80.05908203125,80.05908203125
f3_bc5bcf703472c6b7,3,cora,sage,12355,78.58197784423828,74.74150848388672
f3_bc5bcf703472c6b7,3,cora,sage,12356,80.05908203125,77.84342956542969
f3_bc5bcf703472c6b7,3,cora,sage,12357,78.58197784423828,77.54800415039062
f3_bc5bcf703472c6b7,3,cora,sage,12358,76.51403045654297,76.21861267089844
f3_bc5bcf703472c6b7,3,cora,sage,12359,76.6617431640625,74.0029525756836
f3_bc5bcf703472c6b7,3,cora,sage,12360,82.12702941894531,83.16100311279297
f3_bc5bcf703472c6b7,3,cora,sage,12361,80.6499252319336,78.58197784423828
f3_bc5bcf703472c6b7,3,cora,sage,12362,76.95716094970703,77.2525863647461
f3_bc5bcf703472c6b7,3,cora,sage,12363,79.61595153808594,77.54800415039062
f3_bc5bcf703472c6b7,3,cora,sage,12364,79.17282104492188,76.6617431640625
f3_cc6fd9c33932bb17,3,cora,sage,12345,81.53618621826172,82.86558532714844
f3_cc6fd9c33932bb17,3,cora,sage,12346,85.37666320800781,83.75184631347656
f3_cc6fd9c33932bb17,3,cora,sage,12347,85.22895050048828,84.49039459228516
f3_cc6fd9c33932bb17,3,cora,sage,12348,84.49039459228516,82.27474212646484
f3_cc6fd9c33932bb17,3,cora,sage,12349,85.37666320800781,83.01329040527344
f3_cc6fd9c33932bb17,3,cora,sage,12350,65.87887573242188,65.43574523925781
f3_cc6fd9c33932bb17,3,cora,sage,12351,84.78582000732422,84.0472640991211
f3_cc6fd9c33932bb17,3,cora,sage,12352,84.93353271484375,84.63810729980469
f3_cc6fd9c33932bb17,3,cora,sage,12353,84.63810729980469,83.75184631347656
f3_cc6fd9c33932bb17,3,cora,sage,12354,83.8995590209961,85.67208099365234
f3_cc6fd9c33932bb17,3,cora,sage,12355,85.81979370117188,81.83161163330078
f3_cc6fd9c33932bb17,3,cora,sage,12356,86.7060546875,83.01329040527344
f3_cc6fd9c33932bb17,3,cora,sage,12357,85.52436828613281,85.08123779296875
f3_cc6fd9c33932bb17,3,cora,sage,12358,82.86558532714844,80.79763793945312
f3_cc6fd9c33932bb17,3,cora,sage,12359,84.63810729980469,83.16100311279297
f3_cc6fd9c33932bb17,3,cora,sage,12360,82.12702941894531,84.49039459228516
f3_cc6fd9c33932bb17,3,cora,sage,12361,86.26292419433594,83.16100311279297
f3_cc6fd9c33932bb17,3,cora,sage,12362,83.3087158203125,81.53618621826172
f3_cc6fd9c33932bb17,3,cora,sage,12363,84.34268951416016,81.97931671142578
f3_cc6fd9c33932bb17,3,cora,sage,12364,86.85376739501953,81.97931671142578
f3_454acb280d41efec,3,cora,sage,12345,81.68389892578125,85.08123779296875
f3_454acb280d41efec,3,cora,sage,12346,86.55834197998047,85.52436828613281
f3_454acb280d41efec,3,cora,sage,12347,83.8995590209961,84.0472640991211
f3_454acb280d41efec,3,cora,sage,12348,86.1152114868164,85.22895050048828
f3_454acb280d41efec,3,cora,sage,12349,83.8995590209961,82.57015991210938
f3_454acb280d41efec,3,cora,sage,12350,82.12702941894531,83.8995590209961
f3_454acb280d41efec,3,cora,sage,12351,85.52436828613281,85.22895050048828
f3_454acb280d41efec,3,cora,sage,12352,83.75184631347656,85.52436828613281
f3_454acb280d41efec,3,cora,sage,12353,82.86558532714844,84.78582000732422
f3_454acb280d41efec,3,cora,sage,12354,83.4564208984375,87.00147247314453
f3_454acb280d41efec,3,cora,sage,12355,85.52436828613281,83.16100311279297
f3_454acb280d41efec,3,cora,sage,12356,85.96749877929688,82.7178726196289
f3_454acb280d41efec,3,cora,sage,12357,85.52436828613281,85.81979370117188
f3_454acb280d41efec,3,cora,sage,12358,82.86558532714844,82.12702941894531
f3_454acb280d41efec,3,cora,sage,12359,83.4564208984375,84.78582000732422
f3_454acb280d41efec,3,cora,sage,12360,85.22895050048828,86.1152114868164
f3_454acb280d41efec,3,cora,sage,12361,85.96749877929688,81.53618621826172
f3_454acb280d41efec,3,cora,sage,12362,84.19497680664062,82.86558532714844
f3_454acb280d41efec,3,cora,sage,12363,85.67208099365234,84.19497680664062
f3_454acb280d41efec,3,cora,sage,12364,85.52436828613281,84.63810729980469
f3_1409a404a16f42f6,3,cora,sage,12345,81.97931671142578,82.42245483398438
f3_1409a404a16f42f6,3,cora,sage,12346,84.78582000732422,83.8995590209961
f3_1409a404a16f42f6,3,cora,sage,12347,85.67208099365234,85.22895050048828
f3_1409a404a16f42f6,3,cora,sage,12348,85.22895050048828,84.49039459228516
f3_1409a404a16f42f6,3,cora,sage,12349,85.67208099365234,84.49039459228516
f3_1409a404a16f42f6,3,cora,sage,12350,81.38848114013672,81.09305572509766
f3_1409a404a16f42f6,3,cora,sage,12351,84.78582000732422,84.93353271484375
f3_1409a404a16f42f6,3,cora,sage,12352,85.37666320800781,86.41063690185547
f3_1409a404a16f42f6,3,cora,sage,12353,84.63810729980469,84.0472640991211
f3_1409a404a16f42f6,3,cora,sage,12354,83.16100311279297,84.49039459228516
f3_1409a404a16f42f6,3,cora,sage,12355,86.85376739501953,83.4564208984375
f3_1409a404a16f42f6,3,cora,sage,12356,86.85376739501953,83.16100311279297
f3_1409a404a16f42f6,3,cora,sage,12357,85.96749877929688,85.52436828613281
f3_1409a404a16f42f6,3,cora,sage,12358,84.0472640991211,82.86558532714844
f3_1409a404a16f42f6,3,cora,sage,12359,85.08123779296875,83.3087158203125
f3_1409a404a16f42f6,3,cora,sage,12360,83.75184631347656,84.93353271484375
f3_1409a404a16f42f6,3,cora,sage,12361,86.1152114868164,83.60413360595703
f3_1409a404a16f42f6,3,cora,sage,12362,85.08123779296875,82.12702941894531
f3_1409a404a16f42f6,3,cora,sage,12363,84.19497680664062,82.12702941894531
f3_1409a404a16f42f6,3,cora,sage,12364,86.55834197998047,85.08123779296875
f3_48efb09349ffd689,3,cora,sage,12345,81.68389892578125,84.34268951416016
f3_48efb09349ffd689,3,cora,sage,12346,85.52436828613281,84.49039459228516
f3_48efb09349ffd689,3,cora,sage,12347,85.22895050048828,84.78582000732422
f3_48efb09349ffd689,3,cora,sage,12348,85.37666320800781,85.22895050048828
f3_48efb09349ffd689,3,cora,sage,12349,85.08123779296875,83.01329040527344
f3_48efb09349ffd689,3,cora,sage,12350,83.3087158203125,81.53618621826172
f3_48efb09349ffd689,3,cora,sage,12351,85.22895050048828,84.63810729980469
f3_48efb09349ffd689,3,cora,sage,12352,84.49039459228516,85.08123779296875
f3_48efb09349ffd689,3,cora,sage,12353,84.34268951416016,84.63810729980469
f3_48efb09349ffd689,3,cora,sage,12354,83.8995590209961,85.67208099365234
f3_48efb09349ffd689,3,cora,sage,12355,86.85376739501953,82.42245483398438
f3_48efb09349ffd689,3,cora,sage,12356,85.67208099365234,83.16100311279297
f3_48efb09349ffd689,3,cora,sage,12357,86.1152114868164,85.81979370117188
f3_48efb09349ffd689,3,cora,sage,12358,82.57015991210938,81.38848114013672
f3_48efb09349ffd689,3,cora,sage,12359,83.8995590209961,82.27474212646484
f3_48efb09349ffd689,3,cora,sage,12360,84.19497680664062,86.7060546875
f3_48efb09349ffd689,3,cora,sage,12361,86.55834197998047,82.57015991210938
f3_48efb09349ffd689,3,cora,sage,12362,84.19497680664062,82.42245483398438
f3_48efb09349ffd689,3,cora,sage,12363,84.93353271484375,83.3087158203125
f3_48efb09349ffd689,3,cora,sage,12364,86.55834197998047,84.93353271484375
f3_d53ff8d58121e9b4,3,cora,sage,12345,82.12702941894531,84.34268951416016
f3_d53ff8d58121e9b4,3,cora,sage,12346,86.85376739501953,85.81979370117188
f3_d53ff8d58121e9b4,3,cora,sage,12347,85.37666320800781,86.41063690185547
f3_d53ff8d58121e9b4,3,cora,sage,12348,85.08123779296875,85.52436828613281
f3_d53ff8d58121e9b4,3,cora,sage,12349,85.52436828613281,83.16100311279297
f3_d53ff8d58121e9b4,3,cora,sage,12350,80.50221252441406,82.27474212646484
f3_d53ff8d58121e9b4,3,cora,sage,12351,84.93353271484375,83.8995590209961
f3_d53ff8d58121e9b4,3,cora,sage,12352,85.67208099365234,86.55834197998047
f3_d53ff8d58121e9b4,3,cora,sage,12353,84.0472640991211,83.3087158203125
f3_d53ff8d58121e9b4,3,cora,sage,12354,84.63810729980469,85.08123779296875
f3_d53ff8d58121e9b4,3,cora,sage,12355,86.55834197998047,82.86558532714844
f3_d53ff8d58121e9b4,3,cora,sage,12356,87.14918518066406,82.57015991210938
f3_d53ff8d58121e9b4,3,cora,sage,12357,85.52436828613281,86.85376739501953
f3_d53ff8d58121e9b4,3,cora,sage,12358,84.34268951416016,81.97931671142578
f3_d53ff8d58121e9b4,3,cora,sage,12359,86.26292419433594,84.0472640991211
f3_d53ff8d58121e9b4,3,cora,sage,12360,84.93353271484375,86.85376739501953
f3_d53ff8d58121e9b4,3,cora,sage,12361,86.7060546875,84.93353271484375
f3_d53ff8d58121e9b4,3,cora,sage,12362,84.93353271484375,83.60413360595703
f3_d53ff8d58121e9b4,3,cora,sage,12363,86.7060546875,84.49039459228516
f3_d53ff8d58121e9b4,3,cora,sage,12364,87.88774108886719,84.34268951416016
f3_8f68ac135d008a8b,3,cora,sage,12345,82.42245483398438,85.52436828613281
f3_8f68ac135d008a8b,3,cora,sage,12346,86.26292419433594,82.57015991210938
f3_8f68ac135d008a8b,3,cora,sage,12347,85.22895050048828,85.37666320800781
f3_8f68ac135d008a8b,3,cora,sage,12348,85.67208099365234,85.52436828613281
f3_8f68ac135d008a8b,3,cora,sage,12349,85.22895050048828,85.67208099365234
f3_8f68ac135d008a8b,3,cora,sage,12350,83.16100311279297,83.16100311279297
f3_8f68ac135d008a8b,3,cora,sage,12351,84.93353271484375,85.22895050048828
f3_8f68ac135d008a8b,3,cora,sage,12352,85.22895050048828,85.52436828613281
f3_8f68ac135d008a8b,3,cora,sage,12353,83.16100311279297,84.0472640991211
f3_8f68ac135d008a8b,3,cora,sage,12354,83.3087158203125,86.7060546875
f3_8f68ac135d008a8b,3,cora,sage,12355,86.85376739501953,82.57015991210938
f3_8f68ac135d008a8b,3,cora,sage,12356,87.00147247314453,83.4564208984375
f3_8f68ac135d008a8b,3,cora,sage,12357,85.67208099365234,85.22895050048828
f3_8f68ac135d008a8b,3,cora,sage,12358,83.60413360595703,81.97931671142578
f3_8f68ac135d008a8b,3,cora,sage,12359,85.52436828613281,84.49039459228516
f3_8f68ac135d008a8b,3,cora,sage,12360,84.34268951416016,86.7060546875
f3_8f68ac135d008a8b,3,cora,sage,12361,86.85376739501953,84.49039459228516
f3_8f68ac135d008a8b,3,cora,sage,12362,84.63810729980469,83.16100311279297
f3_8f68ac135d008a8b,3,cora,sage,12363,86.41063690185547,84.0472640991211
f3_8f68ac135d008a8b,3,cora,sage,12364,88.47858428955078,85.22895050048828
f3_bb4be9a50c284e4d,3,cora,sage,12345,82.12702941894531,84.63810729980469
f3_bb4be9a50c284e4d,3,cora,sage,12346,87.44461059570312,84.19497680664062
f3_bb4be9a50c284e4d,3,cora,sage,12347,85.96749877929688,82.86558532714844
f3_bb4be9a50c284e4d,3,cora,sage,12348,85.81979370117188,85.08123779296875
f3_bb4be9a50c284e4d,3,cora,sage,12349,84.93353271484375,85.37666320800781
f3_bb4be9a50c284e4d,3,cora,sage,12350,83.60413360595703,83.8995590209961
f3_bb4be9a50c284e4d,3,cora,sage,12351,86.1152114868164,85.22895050048828
f3_bb4be9a50c284e4d,3,cora,sage,12352,85.52436828613281,88.03544616699219
f3_bb4be9a50c284e4d,3,cora,sage,12353,83.3087158203125,84.63810729980469
f3_bb4be9a50c284e4d,3,cora,sage,12354,84.78582000732422,86.85376739501953
f3_bb4be9a50c284e4d,3,cora,sage,12355,87.44461059570312,86.26292419433594
f3_bb4be9a50c284e4d,3,cora,sage,12356,87.59231567382812,83.75184631347656
f3_bb4be9a50c284e4d,3,cora,sage,12357,85.52436828613281,85.08123779296875
f3_bb4be9a50c284e4d,3,cora,sage,12358,83.75184631347656,81.68389892578125
f3_bb4be9a50c284e4d,3,cora,sage,12359,83.75184631347656,82.7178726196289
f3_bb4be9a50c284e4d,3,cora,sage,12360,81.24076843261719,84.0472640991211
f3_bb4be9a50c284e4d,3,cora,sage,12361,86.55834197998047,84.0472640991211
f3_bb4be9a50c284e4d,3,cora,sage,12362,84.19497680664062,81.09305572509766
f3_bb4be9a50c284e4d,3,cora,sage,12363,86.85376739501953,84.34268951416016
f3_bb4be9a50c284e4d,3,cora,sage,12364,85.67208099365234,83.4564208984375
f3_0446adefcd94fa1b,3,cora,sage,12345,81.83161163330078,85.08123779296875
f3_0446adefcd94fa1b,3,cora,sage,12346,87.00147247314453,85.37666320800781
f3_0446adefcd94fa1b,3,cora,sage,12347,86.1152114868164,84.19497680664062
f3_0446adefcd94fa1b,3,cora,sage,12348,85.52436828613281,86.1152114868164
f3_0446adefcd94fa1b,3,cora,sage,12349,85.08123779296875,83.8995590209961
f3_0446adefcd94fa1b,3,cora,sage,12350,83.01329040527344,84.63810729980469
f3_0446adefcd94fa1b,3,cora,sage,12351,85.08123779296875,85.96749877929688
f3_0446adefcd94fa1b,3,cora,sage,12352,85.52436828613281,87.59231567382812
f3_0446adefcd94fa1b,3,cora,sage,12353,83.75184631347656,84.63810729980469
f3_0446adefcd94fa1b,3,cora,sage,12354,83.3087158203125,86.41063690185547
f3_0446adefcd94fa1b,3,cora,sage,12355,87.00147247314453,83.8995590209961
f3_0446adefcd94fa1b,3,cora,sage,12356,87.74002838134766,83.75184631347656
f3_0446adefcd94fa1b,3,cora,sage,12357,86.26292419433594,86.1152114868164
f3_0446adefcd94fa1b,3,cora,sage,12358,84.0472640991211,83.75184631347656
f3_0446adefcd94fa1b,3,cora,sage,12359,84.63810729980469,83.8995590209961
f3_0446adefcd94fa1b,3,cora,sage,12360,84.93353271484375,86.1152114868164
f3_0446adefcd94fa1b,3,cora,sage,12361,86.7060546875,84.63810729980469
f3_0446adefcd94fa1b,3,cora,sage,12362,84.63810729980469,81.53618621826172
f3_0446adefcd94fa1b,3,cora,sage,12363,86.85376739501953,84.19497680664062
f3_0446adefcd94fa1b,3,cora,sage,12364,87.59231567382812,84.49039459228516
f3_02a3c9c2976591cf,3,cora,sage,12345,82.57015991210938,84.49039459228516
f3_02a3c9c2976591cf,3,cora,sage,12346,86.55834197998047,85.52436828613281
f3_02a3c9c2976591cf,3,cora,sage,12347,85.22895050048828,84.0472640991211
f3_02a3c9c2976591cf,3,cora,sage,12348,86.55834197998047,86.7060546875
f3_02a3c9c2976591cf,3,cora,sage,12349,84.93353271484375,83.3087158203125
f3_02a3c9c2976591cf,3,cora,sage,12350,83.3087158203125,83.8995590209961
f3_02a3c9c2976591cf,3,cora,sage,12351,84.93353271484375,83.75184631347656
f3_02a3c9c2976591cf,3,cora,sage,12352,85.96749877929688,85.08123779296875
f3_02a3c9c2976591cf,3,cora,sage,12353,83.4564208984375,84.34268951416016
f3_02a3c9c2976591cf,3,cora,sage,12354,84.0472640991211,87.00147247314453
f3_02a3c9c2976591cf,3,cora,sage,12355,86.85376739501953,85.08123779296875
f3_02a3c9c2976591cf,3,cora,sage,12356,86.55834197998047,84.63810729980469
f3_02a3c9c2976591cf,3,cora,sage,12357,85.96749877929688,85.67208099365234
f3_02a3c9c2976591cf,3,cora,sage,12358,84.0472640991211,83.01329040527344
f3_02a3c9c2976591cf,3,cora,sage,12359,85.22895050048828,84.0472640991211
f3_02a3c9c2976591cf,3,cora,sage,12360,85.37666320800781,86.55834197998047
f3_02a3c9c2976591cf,3,cora,sage,12361,86.7060546875,82.86558532714844
f3_02a3c9c2976591cf,3,cora,sage,12362,84.63810729980469,81.83161163330078
f3_02a3c9c2976591cf,3,cora,sage,12363,85.81979370117188,83.4564208984375
f3_02a3c9c2976591cf,3,cora,sage,12364,88.18315887451172,84.78582000732422
f3_a5ff03aa55711b79,3,cora,sage,12345,82.86558532714844,85.08123779296875
f3_a5ff03aa55711b79,3,cora,sage,12346,87.00147247314453,85.37666320800781
f3_a5ff03aa55711b79,3,cora,sage,12347,84.93353271484375,83.3087158203125
f3_a5ff03aa55711b79,3,cora,sage,12348,85.22895050048828,84.78582000732422
f3_a5ff03aa55711b79,3,cora,sage,12349,84.49039459228516,83.60413360595703
f3_a5ff03aa55711b79,3,cora,sage,12350,84.49039459228516,84.19497680664062
f3_a5ff03aa55711b79,3,cora,sage,12351,85.22895050048828,84.19497680664062
f3_a5ff03aa55711b79,3,cora,sage,12352,85.37666320800781,87.2968978881836
f3_a5ff03aa55711b79,3,cora,sage,12353,83.4564208984375,85.52436828613281
f3_a5ff03aa55711b79,3,cora,sage,12354,84.49039459228516,87.14918518066406
f3_a5ff03aa55711b79,3,cora,sage,12355,87.59231567382812,84.19497680664062
f3_a5ff03aa55711b79,3,cora,sage,12356,87.74002838134766,83.16100311279297
f3_a5ff03aa55711b79,3,cora,sage,12357,85.52436828613281,84.49039459228516
f3_a5ff03aa55711b79,3,cora,sage,12358,83.3087158203125,82.86558532714844
f3_a5ff03aa55711b79,3,cora,sage,12359,84.34268951416016,83.8995590209961
f3_a5ff03aa55711b79,3,cora,sage,12360,86.26292419433594,87.00147247314453
f3_a5ff03aa55711b79,3,cora,sage,12361,86.7060546875,83.75184631347656
f3_a5ff03aa55711b79,3,cora,sage,12362,84.0472640991211,83.60413360595703
f3_a5ff03aa55711b79,3,cora,sage,12363,85.52436828613281,84.63810729980469
f3_a5ff03aa55711b79,3,cora,sage,12364,87.44461059570312,85.52436828613281
f3_957ba2da8ad31d3c,3,cora,sage,12345,73.55982208251953,74.0029525756836
f3_957ba2da8ad31d3c,3,cora,sage,12346,78.28656005859375,75.92318725585938
f3_957ba2da8ad31d3c,3,cora,sage,12347,79.3205337524414,78.43426513671875
f3_957ba2da8ad31d3c,3,cora,sage,12348,80.35450744628906,77.69571685791016
f3_957ba2da8ad31d3c,3,cora,sage,12349,79.61595153808594,80.20679473876953
f3_957ba2da8ad31d3c,3,cora,sage,12350,75.62776947021484,73.70753479003906
f3_957ba2da8ad31d3c,3,cora,sage,12351,74.59379577636719,76.6617431640625
f3_957ba2da8ad31d3c,3,cora,sage,12352,81.24076843261719,79.02510833740234
f3_957ba2da8ad31d3c,3,cora,sage,12353,77.10487365722656,80.50221252441406
f3_957ba2da8ad31d3c,3,cora,sage,12354,77.84342956542969,80.79763793945312
f3_957ba2da8ad31d3c,3,cora,sage,12355,77.2525863647461,75.18463897705078
f3_957ba2da8ad31d3c,3,cora,sage,12356,80.50221252441406,77.10487365722656
f3_957ba2da8ad31d3c,3,cora,sage,12357,76.95716094970703,78.28656005859375
f3_957ba2da8ad31d3c,3,cora,sage,12358,74.88921356201172,74.15066528320312
f3_957ba2da8ad31d3c,3,cora,sage,12359,75.33235168457031,74.29837799072266
f3_957ba2da8ad31d3c,3,cora,sage,12360,78.87740325927734,82.27474212646484
f3_957ba2da8ad31d3c,3,cora,sage,12361,81.68389892578125,80.20679473876953
f3_957ba2da8ad31d3c,3,cora,sage,12362,78.87740325927734,77.99113464355469
f3_957ba2da8ad31d3c,3,cora,sage,12363,80.94534301757812,77.2525863647461
f3_957ba2da8ad31d3c,3,cora,sage,12364,78.13884735107422,72.96897888183594
f3_87b8d6ed9b1167fb,3,cora,sage,12345,73.70753479003906,74.88921356201172
f3_87b8d6ed9b1167fb,3,cora,sage,12346,78.28656005859375,76.51403045654297
f3_87b8d6ed9b1167fb,3,cora,sage,12347,79.3205337524414,78.72969055175781
f3_87b8d6ed9b1167fb,3,cora,sage,12348,79.911376953125,78.58197784423828
f3_87b8d6ed9b1167fb,3,cora,sage,12349,79.911376953125,80.50221252441406
f3_87b8d6ed9b1167fb,3,cora,sage,12350,75.62776947021484,71.78730010986328
f3_87b8d6ed9b1167fb,3,cora,sage,12351,74.44608306884766,76.6617431640625
f3_87b8d6ed9b1167fb,3,cora,sage,12352,81.24076843261719,79.17282104492188
f3_87b8d6ed9b1167fb,3,cora,sage,12353,76.80945587158203,79.4682388305664
f3_87b8d6ed9b1167fb,3,cora,sage,12354,78.43426513671875,80.79763793945312
f3_87b8d6ed9b1167fb,3,cora,sage,12355,77.69571685791016,75.18463897705078
f3_87b8d6ed9b1167fb,3,cora,sage,12356,80.79763793945312,77.2525863647461
f3_87b8d6ed9b1167fb,3,cora,sage,12357,77.2525863647461,78.13884735107422
f3_87b8d6ed9b1167fb,3,cora,sage,12358,74.59379577636719,74.29837799072266
f3_87b8d6ed9b1167fb,3,cora,sage,12359,75.48005676269531,74.59379577636719
f3_87b8d6ed9b1167fb,3,cora,sage,12360,78.72969055175781,82.27474212646484
f3_87b8d6ed9b1167fb,3,cora,sage,12361,81.38848114013672,79.911376953125
f3_87b8d6ed9b1167fb,3,cora,sage,12362,79.02510833740234,78.28656005859375
f3_87b8d6ed9b1167fb,3,cora,sage,12363,80.20679473876953,76.80945587158203
f3_87b8d6ed9b1167fb,3,cora,sage,12364,77.84342956542969,73.11669158935547
f3_dc32b384cfc82e3e,3,cora,sage,12345,74.0029525756836,76.51403045654297
f3_dc32b384cfc82e3e,3,cora,sage,12346,78.58197784423828,76.36632537841797
f3_dc32b384cfc82e3e,3,cora,sage,12347,79.911376953125,78.72969055175781
f3_dc32b384cfc82e3e,3,cora,sage,12348,79.61595153808594,78.28656005859375
f3_dc32b384cfc82e3e,3,cora,sage,12349,79.911376953125,80.35450744628906
f3_dc32b384cfc82e3e,3,cora,sage,12350,75.48005676269531,73.11669158935547
f3_dc32b384cfc82e3e,3,cora,sage,12351,74.44608306884766,76.36632537841797
f3_dc32b384cfc82e3e,3,cora,sage,12352,81.09305572509766,78.87740325927734
f3_dc32b384cfc82e3e,3,cora,sage,12353,77.54800415039062,79.4682388305664
f3_dc32b384cfc82e3e,3,cora,sage,12354,78.13884735107422,80.50221252441406
f3_dc32b384cfc82e3e,3,cora,sage,12355,77.84342956542969,76.80945587158203
f3_dc32b384cfc82e3e,3,cora,sage,12356,81.09305572509766,77.10487365722656
f3_dc32b384cfc82e3e,3,cora,sage,12357,77.2525863647461,78.43426513671875
f3_dc32b384cfc82e3e,3,cora,sage,12358,74.29837799072266,74.88921356201172
f3_dc32b384cfc82e3e,3,cora,sage,12359,74.74150848388672,74.15066528320312
f3_dc32b384cfc82e3e,3,cora,sage,12360,78.43426513671875,81.97931671142578
f3_dc32b384cfc82e3e,3,cora,sage,12361,81.38848114013672,79.76366424560547
f3_dc32b384cfc82e3e,3,cora,sage,12362,79.02510833740234,78.58197784423828
f3_dc32b384cfc82e3e,3,cora,sage,12363,80.35450744628906,76.6617431640625
f3_dc32b384cfc82e3e,3,cora,sage,12364,77.4002914428711,74.29837799072266
f3_9dda24fd9f6e8b66,3,cora,sage,12345,73.55982208251953,75.18463897705078
f3_9dda24fd9f6e8b66,3,cora,sage,12346,78.43426513671875,76.80945587158203
f3_9dda24fd9f6e8b66,3,cora,sage,12347,79.61595153808594,78.87740325927734
f3_9dda24fd9f6e8b66,3,cora,sage,12348,79.911376953125,77.4002914428711
f3_9dda24fd9f6e8b66,3,cora,sage,12349,80.05908203125,81.24076843261719
f3_9dda24fd9f6e8b66,3,cora,sage,12350,76.21861267089844,76.0708999633789
f3_9dda24fd9f6e8b66,3,cora,sage,12351,74.44608306884766,76.80945587158203
f3_9dda24fd9f6e8b66,3,cora,sage,12352,81.24076843261719,77.54800415039062
f3_9dda24fd9f6e8b66,3,cora,sage,12353,77.4002914428711,79.02510833740234
f3_9dda24fd9f6e8b66,3,cora,sage,12354,78.58197784423828,80.79763793945312
f3_9dda24fd9f6e8b66,3,cora,sage,12355,77.10487365722656,74.59379577636719
f3_9dda24fd9f6e8b66,3,cora,sage,12356,80.79763793945312,76.80945587158203
f3_9dda24fd9f6e8b66,3,cora,sage,12357,77.10487365722656,77.4002914428711
f3_9dda24fd9f6e8b66,3,cora,sage,12358,74.74150848388672,75.18463897705078
f3_9dda24fd9f6e8b66,3,cora,sage,12359,75.03692626953125,74.44608306884766
f3_9dda24fd9f6e8b66,3,cora,sage,12360,79.17282104492188,82.12702941894531
f3_9dda24fd9f6e8b66,3,cora,sage,12361,81.68389892578125,79.76366424560547
f3_9dda24fd9f6e8b66,3,cora,sage,12362,79.3205337524414,77.69571685791016
f3_9dda24fd9f6e8b66,3,cora,sage,12363,79.76366424560547,76.51403045654297
f3_9dda24fd9f6e8b66,3,cora,sage,12364,78.43426513671875,74.44608306884766
f3_e9b2a59fc2abf35a,3,cora,sage,12345,74.44608306884766,78.13884735107422
f3_e9b2a59fc2abf35a,3,cora,sage,12346,79.17282104492188,76.95716094970703
f3_e9b2a59fc2abf35a,3,cora,sage,12347,79.17282104492188,77.10487365722656
f3_e9b2a59fc2abf35a,3,cora,sage,12348,79.3205337524414,77.69571685791016
f3_e9b2a59fc2abf35a,3,cora,sage,12349,79.61595153808594,81.53618621826172
f3_e9b2a59fc2abf35a,3,cora,sage,12350,76.36632537841797,73.412109375
f3_e9b2a59fc2abf35a,3,cora,sage,12351,75.18463897705078,75.92318725585938
f3_e9b2a59fc2abf35a,3,cora,sage,12352,81.38848114013672,79.76366424560547
f3_e9b2a59fc2abf35a,3,cora,sage,12353,76.51403045654297,78.58197784423828
f3_e9b2a59fc2abf35a,3,cora,sage,12354,79.17282104492188,80.94534301757812
f3_e9b2a59fc2abf35a,3,cora,sage,12355,78.13884735107422,76.21861267089844
f3_e9b2a59fc2abf35a,3,cora,sage,12356,80.94534301757812,78.28656005859375
f3_e9b2a59fc2abf35a,3,cora,sage,12357,77.2525863647461,78.58197784423828
f3_e9b2a59fc2abf35a,3,cora,sage,12358,75.77548217773438,74.44608306884766
f3_e9b2a59fc2abf35a,3,cora,sage,12359,75.62776947021484,75.03692626953125
f3_e9b2a59fc2abf35a,3,cora,sage,12360,79.3205337524414,82.27474212646484
f3_e9b2a59fc2abf35a,3,cora,sage,12361,81.68389892578125,80.05908203125
f3_e9b2a59fc2abf35a,3,cora,sage,12362,79.3205337524414,77.10487365722656
f3_e9b2a59fc2abf35a,3,cora,sage,12363,81.53618621826172,78.13884735107422
f3_e9b2a59fc2abf35a,3,cora,sage,12364,79.61595153808594,76.0708999633789
f3_9b162fc60b5c191c,3,cora,sage,12345,80.50221252441406,84.19497680664062
f3_9b162fc60b5c191c,3,cora,sage,12346,83.8995590209961,81.53618621826172
f3_9b162fc60b5c191c,3,cora,sage,12347,84.19497680664062,82.57015991210938
f3_9b162fc60b5c191c,3,cora,sage,12348,84.19497680664062,83.4564208984375
f3_9b162fc60b5c191c,3,cora,sage,12349,84.0472640991211,84.19497680664062
f3_9b162fc60b5c191c,3,cora,sage,12350,82.7178726196289,80.50221252441406
f3_9b162fc60b5c191c,3,cora,sage,12351,83.01329040527344,84.63810729980469
f3_9b162fc60b5c191c,3,cora,sage,12352,83.75184631347656,85.52436828613281
f3_9b162fc60b5c191c,3,cora,sage,12353,82.42245483398438,84.19497680664062
f3_9b162fc60b5c191c,3,cora,sage,12354,83.8995590209961,84.0472640991211
f3_9b162fc60b5c191c,3,cora,sage,12355,84.78582000732422,82.7178726196289
f3_9b162fc60b5c191c,3,cora,sage,12356,85.96749877929688,82.57015991210938
f3_9b162fc60b5c191c,3,cora,sage,12357,84.34268951416016,82.27474212646484
f3_9b162fc60b5c191c,3,cora,sage,12358,83.4564208984375,82.86558532714844
f3_9b162fc60b5c191c,3,cora,sage,12359,83.01329040527344,83.8995590209961
f3_9b162fc60b5c191c,3,cora,sage,12360,84.63810729980469,85.37666320800781
f3_9b162fc60b5c191c,3,cora,sage,12361,85.81979370117188,83.4564208984375
f3_9b162fc60b5c191c,3,cora,sage,12362,85.08123779296875,81.53618621826172
f3_9b162fc60b5c191c,3,cora,sage,12363,85.37666320800781,82.12702941894531
f3_9b162fc60b5c191c,3,cora,sage,12364,86.85376739501953,85.67208099365234
f3_9829a30e8cd330b5,3,cora,sage,12345,81.97931671142578,83.4564208984375
f3_9829a30e8cd330b5,3,cora,sage,12346,84.78582000732422,82.7178726196289
f3_9829a30e8cd330b5,3,cora,sage,12347,84.49039459228516,82.57015991210938
f3_9829a30e8cd330b5,3,cora,sage,12348,85.22895050048828,85.96749877929688
f3_9829a30e8cd330b5,3,cora,sage,12349,83.75184631347656,83.60413360595703
f3_9829a30e8cd330b5,3,cora,sage,12350,80.94534301757812,81.53618621826172
f3_9829a30e8cd330b5,3,cora,sage,12351,83.60413360595703,83.75184631347656
f3_9829a30e8cd330b5,3,cora,sage,12352,83.75184631347656,84.0472640991211
f3_9829a30e8cd330b5,3,cora,sage,12353,83.16100311279297,84.0472640991211
f3_9829a30e8cd330b5,3,cora,sage,12354,84.19497680664062,85.22895050048828
f3_9829a30e8cd330b5,3,cora,sage,12355,85.37666320800781,83.3087158203125
f3_9829a30e8cd330b5,3,cora,sage,12356,86.1152114868164,84.0472640991211
f3_9829a30e8cd330b5,3,cora,sage,12357,85.96749877929688,85.08123779296875
f3_9829a30e8cd330b5,3,cora,sage,12358,83.01329040527344,83.16100311279297
f3_9829a30e8cd330b5,3,cora,sage,12359,83.3087158203125,83.60413360595703
f3_9829a30e8cd330b5,3,cora,sage,12360,84.93353271484375,85.22895050048828
f3_9829a30e8cd330b5,3,cora,sage,12361,85.67208099365234,81.97931671142578
f3_9829a30e8cd330b5,3,cora,sage,12362,85.67208099365234,81.83161163330078
f3_9829a30e8cd330b5,3,cora,sage,12363,85.08123779296875,81.53618621826172
f3_9829a30e8cd330b5,3,cora,sage,12364,86.26292419433594,84.78582000732422
f3_7354b509a0c3800e,3,cora,sage,12345,81.83161163330078,83.8995590209961
f3_7354b509a0c3800e,3,cora,sage,12346,85.81979370117188,83.3087158203125
f3_7354b509a0c3800e,3,cora,sage,12347,84.49039459228516,84.19497680664062
f3_7354b509a0c3800e,3,cora,sage,12348,86.1152114868164,86.1152114868164
f3_7354b509a0c3800e,3,cora,sage,12349,84.63810729980469,84.93353271484375
f3_7354b509a0c3800e,3,cora,sage,12350,81.38848114013672,81.68389892578125
f3_7354b509a0c3800e,3,cora,sage,12351,84.0472640991211,85.22895050048828
f3_7354b509a0c3800e,3,cora,sage,12352,83.60413360595703,85.08123779296875
f3_7354b509a0c3800e,3,cora,sage,12353,82.42245483398438,83.16100311279297
f3_7354b509a0c3800e,3,cora,sage,12354,83.16100311279297,84.78582000732422
f3_7354b509a0c3800e,3,cora,sage,12355,85.08123779296875,83.01329040527344
f3_7354b509a0c3800e,3,cora,sage,12356,86.55834197998047,83.75184631347656
f3_7354b509a0c3800e,3,cora,sage,12357,86.1152114868164,85.96749877929688
f3_7354b509a0c3800e,3,cora,sage,12358,83.75184631347656,82.42245483398438
f3_7354b509a0c3800e,3,cora,sage,12359,83.60413360595703,84.49039459228516
f3_7354b509a0c3800e,3,cora,sage,12360,83.8995590209961,84.49039459228516
f3_7354b509a0c3800e,3,cora,sage,12361,85.37666320800781,82.57015991210938
f3_7354b509a0c3800e,3,cora,sage,12362,85.22895050048828,82.42245483398438
f3_7354b509a0c3800e,3,cora,sage,12363,84.93353271484375,83.75184631347656
f3_7354b509a0c3800e,3,cora,sage,12364,84.49039459228516,83.16100311279297
f3_eb13fae5769c21a8,3,cora,sage,12345,82.42245483398438,82.12702941894531
f3_eb13fae5769c21a8,3,cora,sage,12346,85.08123779296875,82.7178726196289
f3_eb13fae5769c21a8,3,cora,sage,12347,84.78582000732422,84.63810729980469
f3_eb13fae5769c21a8,3,cora,sage,12348,85.08123779296875,85.22895050048828
f3_eb13fae5769c21a8,3,cora,sage,12349,85.22895050048828,84.63810729980469
f3_eb13fae5769c21a8,3,cora,sage,12350,82.7178726196289,82.42245483398438
f3_eb13fae5769c21a8,3,cora,sage,12351,81.09305572509766,80.6499252319336
f3_eb13fae5769c21a8,3,cora,sage,12352,83.75184631347656,85.52436828613281
f3_eb13fae5769c21a8,3,cora,sage,12353,80.50221252441406,83.4564208984375
f3_eb13fae5769c21a8,3,cora,sage,12354,82.86558532714844,85.81979370117188
f3_eb13fae5769c21a8,3,cora,sage,12355,86.41063690185547,83.75184631347656
f3_eb13fae5769c21a8,3,cora,sage,12356,86.85376739501953,84.0472640991211
f3_eb13fae5769c21a8,3,cora,sage,12357,86.1152114868164,85.96749877929688
f3_eb13fae5769c21a8,3,cora,sage,12358,84.49039459228516,83.8995590209961
f3_eb13fae5769c21a8,3,cora,sage,12359,81.09305572509766,83.3087158203125
f3_eb13fae5769c21a8,3,cora,sage,12360,82.42245483398438,82.86558532714844
f3_eb13fae5769c21a8,3,cora,sage,12361,85.81979370117188,83.01329040527344
f3_eb13fae5769c21a8,3,cora,sage,12362,82.42245483398438,80.94534301757812
f3_eb13fae5769c21a8,3,cora,sage,12363,85.67208099365234,83.60413360595703
f3_eb13fae5769c21a8,3,cora,sage,12364,85.37666320800781,84.34268951416016
f3_be0e2fe71cf3f3bf,3,cora,sage,12345,81.83161163330078,83.3087158203125
f3_be0e2fe71cf3f3bf,3,cora,sage,12346,84.49039459228516,84.19497680664062
f3_be0e2fe71cf3f3bf,3,cora,sage,12347,83.01329040527344,82.27474212646484
f3_be0e2fe71cf3f3bf,3,cora,sage,12348,85.52436828613281,85.08123779296875
f3_be0e2fe71cf3f3bf,3,cora,sage,12349,82.86558532714844,83.3087158203125
f3_be0e2fe71cf3f3bf,3,cora,sage,12350,81.24076843261719,80.50221252441406
f3_be0e2fe71cf3f3bf,3,cora,sage,12351,83.16100311279297,83.3087158203125
f3_be0e2fe71cf3f3bf,3,cora,sage,12352,83.75184631347656,86.41063690185547
f3_be0e2fe71cf3f3bf,3,cora,sage,12353,83.3087158203125,83.16100311279297
f3_be0e2fe71cf3f3bf,3,cora,sage,12354,81.68389892578125,84.0472640991211
f3_be0e2fe71cf3f3bf,3,cora,sage,12355,84.93353271484375,84.93353271484375
f3_be0e2fe71cf3f3bf,3,cora,sage,12356,85.52436828613281,83.16100311279297
f3_be0e2fe71cf3f3bf,3,cora,sage,12357,85.52436828613281,85.22895050048828
f3_be0e2fe71cf3f3bf,3,cora,sage,12358,83.4564208984375,82.42245483398438
f3_be0e2fe71cf3f3bf,3,cora,sage,12359,81.38848114013672,83.4564208984375
f3_be0e2fe71cf3f3bf,3,cora,sage,12360,83.3087158203125,84.19497680664062
f3_be0e2fe71cf3f3bf,3,cora,sage,12361,84.63810729980469,81.24076843261719
f3_be0e2fe71cf3f3bf,3,cora,sage,12362,83.75184631347656,80.79763793945312
f3_be0e2fe71cf3f3bf,3,cora,sage,12363,85.22895050048828,83.01329040527344
f3_be0e2fe71cf3f3bf,3,cora,sage,12364,86.26292419433594,85.96749877929688
f3_b006628503ba9d8f,3,cora,sage,12345,81.97931671142578,83.60413360595703
f3_b006628503ba9d8f,3,cora,sage,12346,84.0472640991211,82.12702941894531
f3_b006628503ba9d8f,3,cora,sage,12347,80.94534301757812,81.68389892578125
f3_b006628503ba9d8f,3,cora,sage,12348,84.49039459228516,83.75184631347656
f3_b006628503ba9d8f,3,cora,sage,12349,83.75184631347656,83.4564208984375
f3_b006628503ba9d8f,3,cora,sage,12350,81.09305572509766,81.09305572509766
f3_b006628503ba9d8f,3,cora,sage,12351,83.01329040527344,83.3087158203125
f3_b006628503ba9d8f,3,cora,sage,12352,83.8995590209961,86.26292419433594
f3_b006628503ba9d8f,3,cora,sage,12353,82.7178726196289,83.8995590209961
f3_b006628503ba9d8f,3,cora,sage,12354,82.12702941894531,84.78582000732422
f3_b006628503ba9d8f,3,cora,sage,12355,85.08123779296875,84.49039459228516
f3_b006628503ba9d8f,3,cora,sage,12356,86.1152114868164,83.75184631347656
f3_b006628503ba9d8f,3,cora,sage,12357,85.08123779296875,84.93353271484375
f3_b006628503ba9d8f,3,cora,sage,12358,83.60413360595703,81.83161163330078
f3_b006628503ba9d8f,3,cora,sage,12359,80.35450744628906,82.7178726196289
f3_b006628503ba9d8f,3,cora,sage,12360,84.0472640991211,84.93353271484375
f3_b006628503ba9d8f,3,cora,sage,12361,85.37666320800781,80.79763793945312
f3_b006628503ba9d8f,3,cora,sage,12362,84.49039459228516,81.53618621826172
f3_b006628503ba9d8f,3,cora,sage,12363,83.8995590209961,83.16100311279297
f3_b006628503ba9d8f,3,cora,sage,12364,86.55834197998047,84.63810729980469
f3_34d7b20e79c40a09,3,cora,sage,12345,81.83161163330078,83.8995590209961
f3_34d7b20e79c40a09,3,cora,sage,12346,85.67208099365234,83.3087158203125
f3_34d7b20e79c40a09,3,cora,sage,12347,84.49039459228516,84.34268951416016
f3_34d7b20e79c40a09,3,cora,sage,12348,86.1152114868164,85.22895050048828
f3_34d7b20e79c40a09,3,cora,sage,12349,84.0472640991211,82.86558532714844
f3_34d7b20e79c40a09,3,cora,sage,12350,80.6499252319336,81.53618621826172
f3_34d7b20e79c40a09,3,cora,sage,12351,84.0472640991211,85.67208099365234
f3_34d7b20e79c40a09,3,cora,sage,12352,83.8995590209961,85.08123779296875
f3_34d7b20e79c40a09,3,cora,sage,12353,83.60413360595703,84.19497680664062
f3_34d7b20e79c40a09,3,cora,sage,12354,84.93353271484375,86.1152114868164
f3_34d7b20e79c40a09,3,cora,sage,12355,85.96749877929688,84.49039459228516
f3_34d7b20e79c40a09,3,cora,sage,12356,86.1152114868164,83.75184631347656
f3_34d7b20e79c40a09,3,cora,sage,12357,84.63810729980469,85.22895050048828
f3_34d7b20e79c40a09,3,cora,sage,12358,84.0472640991211,82.57015991210938
f3_34d7b20e79c40a09,3,cora,sage,12359,82.7178726196289,84.19497680664062
f3_34d7b20e79c40a09,3,cora,sage,12360,84.78582000732422,85.52436828613281
f3_34d7b20e79c40a09,3,cora,sage,12361,85.67208099365234,82.7178726196289
f3_34d7b20e79c40a09,3,cora,sage,12362,85.37666320800781,82.27474212646484
f3_34d7b20e79c40a09,3,cora,sage,12363,85.96749877929688,83.16100311279297
f3_34d7b20e79c40a09,3,cora,sage,12364,86.85376739501953,85.81979370117188
f3_f70c467731e97468,3,cora,sage,12345,81.68389892578125,83.01329040527344
f3_f70c467731e97468,3,cora,sage,12346,84.93353271484375,84.34268951416016
f3_f70c467731e97468,3,cora,sage,12347,83.8995590209961,84.93353271484375
f3_f70c467731e97468,3,cora,sage,12348,85.81979370117188,85.96749877929688
f3_f70c467731e97468,3,cora,sage,12349,83.16100311279297,82.27474212646484
f3_f70c467731e97468,3,cora,sage,12350,80.94534301757812,81.38848114013672
f3_f70c467731e97468,3,cora,sage,12351,84.34268951416016,84.78582000732422
f3_f70c467731e97468,3,cora,sage,12352,84.63810729980469,84.93353271484375
f3_f70c467731e97468,3,cora,sage,12353,83.01329040527344,83.16100311279297
f3_f70c467731e97468,3,cora,sage,12354,82.42245483398438,85.67208099365234
f3_f70c467731e97468,3,cora,sage,12355,85.96749877929688,83.4564208984375
f3_f70c467731e97468,3,cora,sage,12356,85.81979370117188,84.63810729980469
f3_f70c467731e97468,3,cora,sage,12357,85.81979370117188,86.7060546875
f3_f70c467731e97468,3,cora,sage,12358,84.49039459228516,83.75184631347656
f3_f70c467731e97468,3,cora,sage,12359,81.97931671142578,83.4564208984375
f3_f70c467731e97468,3,cora,sage,12360,86.85376739501953,85.52436828613281
f3_f70c467731e97468,3,cora,sage,12361,85.81979370117188,82.57015991210938
f3_f70c467731e97468,3,cora,sage,12362,84.49039459228516,81.09305572509766
f3_f70c467731e97468,3,cora,sage,12363,85.81979370117188,83.8995590209961
f3_f70c467731e97468,3,cora,sage,12364,86.41063690185547,85.67208099365234
f3_c4f839c61c6d9625,3,cora,sage,12345,81.38848114013672,82.57015991210938
f3_c4f839c61c6d9625,3,cora,sage,12346,84.19497680664062,83.3087158203125
f3_c4f839c61c6d9625,3,cora,sage,12347,84.49039459228516,83.01329040527344
f3_c4f839c61c6d9625,3,cora,sage,12348,86.1152114868164,84.78582000732422
f3_c4f839c61c6d9625,3,cora,sage,12349,82.7178726196289,83.8995590209961
f3_c4f839c61c6d9625,3,cora,sage,12350,80.79763793945312,81.53618621826172
f3_c4f839c61c6d9625,3,cora,sage,12351,84.34268951416016,84.19497680664062
f3_c4f839c61c6d9625,3,cora,sage,12352,84.19497680664062,86.85376739501953
f3_c4f839c61c6d9625,3,cora,sage,12353,82.86558532714844,83.4564208984375
f3_c4f839c61c6d9625,3,cora,sage,12354,82.42245483398438,85.67208099365234
f3_c4f839c61c6d9625,3,cora,sage,12355,86.1152114868164,84.49039459228516
f3_c4f839c61c6d9625,3,cora,sage,12356,85.96749877929688,84.0472640991211
f3_c4f839c61c6d9625,3,cora,sage,12357,85.96749877929688,86.26292419433594
f3_c4f839c61c6d9625,3,cora,sage,12358,82.86558532714844,79.911376953125
f3_c4f839c61c6d9625,3,cora,sage,12359,82.42245483398438,84.63810729980469
f3_c4f839c61c6d9625,3,cora,sage,12360,86.41063690185547,86.1152114868164
f3_c4f839c61c6d9625,3,cora,sage,12361,84.63810729980469,81.83161163330078
f3_c4f839c61c6d9625,3,cora,sage,12362,84.78582000732422,82.27474212646484
f3_c4f839c61c6d9625,3,cora,sage,12363,85.81979370117188,83.8995590209961
f3_c4f839c61c6d9625,3,cora,sage,12364,85.22895050048828,85.81979370117188
f3_7c71359f94198c89,3,cora,sage,12345,81.97931671142578,83.01329040527344
f3_7c71359f94198c89,3,cora,sage,12346,84.49039459228516,83.3087158203125
f3_7c71359f94198c89,3,cora,sage,12347,84.0472640991211,84.34268951416016
f3_7c71359f94198c89,3,cora,sage,12348,85.96749877929688,85.22895050048828
f3_7c71359f94198c89,3,cora,sage,12349,83.4564208984375,83.75184631347656
f3_7c71359f94198c89,3,cora,sage,12350,81.09305572509766,82.7178726196289
f3_7c71359f94198c89,3,cora,sage,12351,85.08123779296875,84.49039459228516
f3_7c71359f94198c89,3,cora,sage,12352,84.93353271484375,84.93353271484375
f3_7c71359f94198c89,3,cora,sage,12353,83.01329040527344,84.78582000732422
f3_7c71359f94198c89,3,cora,sage,12354,82.7178726196289,86.1152114868164
f3_7c71359f94198c89,3,cora,sage,12355,85.22895050048828,83.8995590209961
f3_7c71359f94198c89,3,cora,sage,12356,86.26292419433594,83.16100311279297
f3_7c71359f94198c89,3,cora,sage,12357,84.34268951416016,85.67208099365234
f3_7c71359f94198c89,3,cora,sage,12358,84.19497680664062,82.27474212646484
f3_7c71359f94198c89,3,cora,sage,12359,83.3087158203125,84.0472640991211
f3_7c71359f94198c89,3,cora,sage,12360,85.22895050048828,84.93353271484375
f3_7c71359f94198c89,3,cora,sage,12361,85.96749877929688,81.83161163330078
f3_7c71359f94198c89,3,cora,sage,12362,85.22895050048828,82.12702941894531
f3_7c71359f94198c89,3,cora,sage,12363,85.08123779296875,83.01329040527344
f3_7c71359f94198c89,3,cora,sage,12364,87.00147247314453,85.81979370117188
f3_c7f7689dd7f359e5,3,cora,sage,12345,74.0029525756836,77.99113464355469
f3_c7f7689dd7f359e5,3,cora,sage,12346,77.69571685791016,76.51403045654297
f3_c7f7689dd7f359e5,3,cora,sage,12347,80.05908203125,78.72969055175781
f3_c7f7689dd7f359e5,3,cora,sage,12348,79.17282104492188,77.2525863647461
f3_c7f7689dd7f359e5,3,cora,sage,12349,80.35450744628906,79.3205337524414
f3_c7f7689dd7f359e5,3,cora,sage,12350,74.44608306884766,74.15066528320312
f3_c7f7689dd7f359e5,3,cora,sage,12351,72.52584838867188,74.74150848388672
f3_c7f7689dd7f359e5,3,cora,sage,12352,80.50221252441406,80.35450744628906
f3_c7f7689dd7f359e5,3,cora,sage,12353,77.69571685791016,79.3205337524414
f3_c7f7689dd7f359e5,3,cora,sage,12354,78.28656005859375,80.79763793945312
f3_c7f7689dd7f359e5,3,cora,sage,12355,78.87740325927734,75.62776947021484
f3_c7f7689dd7f359e5,3,cora,sage,12356,78.87740325927734,77.2525863647461
f3_c7f7689dd7f359e5,3,cora,sage,12357,77.99113464355469,77.10487365722656
f3_c7f7689dd7f359e5,3,cora,sage,12358,76.0708999633789,74.29837799072266
f3_c7f7689dd7f359e5,3,cora,sage,12359,76.0708999633789,74.15066528320312
f3_c7f7689dd7f359e5,3,cora,sage,12360,79.4682388305664,80.05908203125
f3_c7f7689dd7f359e5,3,cora,sage,12361,81.53618621826172,77.99113464355469
f3_c7f7689dd7f359e5,3,cora,sage,12362,77.69571685791016,76.0708999633789
f3_c7f7689dd7f359e5,3,cora,sage,12363,79.61595153808594,75.48005676269531
f3_c7f7689dd7f359e5,3,cora,sage,12364,79.911376953125,75.18463897705078
f3_818b2ce2bca3699a,3,cora,sage,12345,73.8552474975586,78.28656005859375
f3_818b2ce2bca3699a,3,cora,sage,12346,77.69571685791016,76.51403045654297
f3_818b2ce2bca3699a,3,cora,sage,12347,80.05908203125,78.72969055175781
f3_818b2ce2bca3699a,3,cora,sage,12348,79.17282104492188,77.2525863647461
f3_818b2ce2bca3699a,3,cora,sage,12349,80.35450744628906,79.3205337524414
f3_818b2ce2bca3699a,3,cora,sage,12350,74.44608306884766,74.15066528320312
f3_818b2ce2bca3699a,3,cora,sage,12351,73.11669158935547,74.88921356201172
f3_818b2ce2bca3699a,3,cora,sage,12352,80.50221252441406,80.35450744628906
f3_818b2ce2bca3699a,3,cora,sage,12353,77.69571685791016,79.17282104492188
f3_818b2ce2bca3699a,3,cora,sage,12354,78.28656005859375,80.79763793945312
f3_818b2ce2bca3699a,3,cora,sage,12355,78.87740325927734,75.62776947021484
f3_818b2ce2bca3699a,3,cora,sage,12356,78.58197784423828,78.72969055175781
f3_818b2ce2bca3699a,3,cora,sage,12357,78.43426513671875,77.69571685791016
f3_818b2ce2bca3699a,3,cora,sage,12358,76.0708999633789,74.29837799072266
f3_818b2ce2bca3699a,3,cora,sage,12359,75.77548217773438,73.8552474975586
f3_818b2ce2bca3699a,3,cora,sage,12360,79.3205337524414,79.911376953125
f3_818b2ce2bca3699a,3,cora,sage,12361,81.53618621826172,78.87740325927734
f3_818b2ce2bca3699a,3,cora,sage,12362,77.4002914428711,76.6617431640625
f3_818b2ce2bca3699a,3,cora,sage,12363,79.61595153808594,75.48005676269531
f3_818b2ce2bca3699a,3,cora,sage,12364,79.911376953125,75.18463897705078
f3_4678fa60d1a1628c,3,cora,sage,12345,74.15066528320312,77.69571685791016
f3_4678fa60d1a1628c,3,cora,sage,12346,77.69571685791016,76.21861267089844
f3_4678fa60d1a1628c,3,cora,sage,12347,79.76366424560547,78.72969055175781
f3_4678fa60d1a1628c,3,cora,sage,12348,79.61595153808594,76.95716094970703
f3_4678fa60d1a1628c,3,cora,sage,12349,80.20679473876953,79.3205337524414
f3_4678fa60d1a1628c,3,cora,sage,12350,74.29837799072266,74.44608306884766
f3_4678fa60d1a1628c,3,cora,sage,12351,72.96897888183594,75.48005676269531
f3_4678fa60d1a1628c,3,cora,sage,12352,80.50221252441406,80.05908203125
f3_4678fa60d1a1628c,3,cora,sage,12353,77.54800415039062,79.02510833740234
f3_4678fa60d1a1628c,3,cora,sage,12354,78.43426513671875,80.6499252319336
f3_4678fa60d1a1628c,3,cora,sage,12355,79.02510833740234,75.77548217773438
f3_4678fa60d1a1628c,3,cora,sage,12356,78.87740325927734,79.02510833740234
f3_4678fa60d1a1628c,3,cora,sage,12357,78.28656005859375,77.54800415039062
f3_4678fa60d1a1628c,3,cora,sage,12358,76.21861267089844,74.59379577636719
f3_4678fa60d1a1628c,3,cora,sage,12359,75.62776947021484,74.15066528320312
f3_4678fa60d1a1628c,3,cora,sage,12360,79.3205337524414,80.20679473876953
f3_4678fa60d1a1628c,3,cora,sage,12361,81.68389892578125,77.84342956542969
f3_4678fa60d1a1628c,3,cora,sage,12362,77.54800415039062,75.62776947021484
f3_4678fa60d1a1628c,3,cora,sage,12363,79.3205337524414,76.36632537841797
f3_4678fa60d1a1628c,3,cora,sage,12364,80.20679473876953,75.48005676269531
f3_5d1adfdfb6e210a9,3,cora,sage,12345,74.44608306884766,77.84342956542969
f3_5d1adfdfb6e210a9,3,cora,sage,12346,77.99113464355469,77.4002914428711
f3_5d1adfdfb6e210a9,3,cora,sage,12347,80.05908203125,79.02510833740234
f3_5d1adfdfb6e210a9,3,cora,sage,12348,79.911376953125,76.36632537841797
f3_5d1adfdfb6e210a9,3,cora,sage,12349,80.05908203125,79.02510833740234
f3_5d1adfdfb6e210a9,3,cora,sage,12350,74.15066528320312,74.74150848388672
f3_5d1adfdfb6e210a9,3,cora,sage,12351,73.11669158935547,74.88921356201172
f3_5d1adfdfb6e210a9,3,cora,sage,12352,80.6499252319336,80.05908203125
f3_5d1adfdfb6e210a9,3,cora,sage,12353,77.84342956542969,79.76366424560547
f3_5d1adfdfb6e210a9,3,cora,sage,12354,78.72969055175781,81.38848114013672
f3_5d1adfdfb6e210a9,3,cora,sage,12355,79.17282104492188,76.0708999633789
f3_5d1adfdfb6e210a9,3,cora,sage,12356,78.87740325927734,78.43426513671875
f3_5d1adfdfb6e210a9,3,cora,sage,12357,77.99113464355469,76.6617431640625
f3_5d1adfdfb6e210a9,3,cora,sage,12358,76.21861267089844,74.44608306884766
f3_5d1adfdfb6e210a9,3,cora,sage,12359,75.77548217773438,74.44608306884766
f3_5d1adfdfb6e210a9,3,cora,sage,12360,79.61595153808594,81.24076843261719
f3_5d1adfdfb6e210a9,3,cora,sage,12361,81.24076843261719,77.99113464355469
f3_5d1adfdfb6e210a9,3,cora,sage,12362,77.10487365722656,76.21861267089844
f3_5d1adfdfb6e210a9,3,cora,sage,12363,79.4682388305664,75.92318725585938
f3_5d1adfdfb6e210a9,3,cora,sage,12364,80.50221252441406,75.18463897705078
f3_472ab1537094616e,3,cora,sage,12345,75.48005676269531,78.28656005859375
f3_472ab1537094616e,3,cora,sage,12346,77.69571685791016,76.36632537841797
f3_472ab1537094616e,3,cora,sage,12347,80.20679473876953,79.02510833740234
f3_472ab1537094616e,3,cora,sage,12348,80.35450744628906,78.72969055175781
f3_472ab1537094616e,3,cora,sage,12349,80.50221252441406,79.17282104492188
f3_472ab1537094616e,3,cora,sage,12350,75.03692626953125,75.33235168457031
f3_472ab1537094616e,3,cora,sage,12351,74.44608306884766,76.51403045654297
f3_472ab1537094616e,3,cora,sage,12352,80.50221252441406,79.911376953125
f3_472ab1537094616e,3,cora,sage,12353,77.84342956542969,80.05908203125
f3_472ab1537094616e,3,cora,sage,12354,78.58197784423828,82.27474212646484
f3_472ab1537094616e,3,cora,sage,12355,79.911376953125,77.10487365722656
f3_472ab1537094616e,3,cora,sage,12356,78.72969055175781,76.21861267089844
f3_472ab1537094616e,3,cora,sage,12357,78.58197784423828,77.2525863647461
f3_472ab1537094616e,3,cora,sage,12358,76.6617431640625,75.33235168457031
f3_472ab1537094616e,3,cora,sage,12359,77.10487365722656,74.88921356201172
f3_472ab1537094616e,3,cora,sage,12360,79.61595153808594,82.57015991210938
f3_472ab1537094616e,3,cora,sage,12361,82.27474212646484,79.17282104492188
f3_472ab1537094616e,3,cora,sage,12362,78.13884735107422,76.80945587158203
f3_472ab1537094616e,3,cora,sage,12363,79.76366424560547,76.0708999633789
f3_472ab1537094616e,3,cora,sage,12364,80.05908203125,76.36632537841797
f3_238a098ac5af445d,3,cora,sage,12345,80.79763793945312,83.3087158203125
f3_238a098ac5af445d,3,cora,sage,12346,83.8995590209961,84.0472640991211
f3_238a098ac5af445d,3,cora,sage,12347,83.75184631347656,83.8995590209961
f3_238a098ac5af445d,3,cora,sage,12348,84.78582000732422,84.19497680664062
f3_238a098ac5af445d,3,cora,sage,12349,82.12702941894531,81.97931671142578
f3_238a098ac5af445d,3,cora,sage,12350,81.97931671142578,82.27474212646484
f3_238a098ac5af445d,3,cora,sage,12351,82.12702941894531,84.0472640991211
f3_238a098ac5af445d,3,cora,sage,12352,84.49039459228516,84.63810729980469
f3_238a098ac5af445d,3,cora,sage,12353,80.35450744628906,85.22895050048828
f3_238a098ac5af445d,3,cora,sage,12354,83.3087158203125,84.63810729980469
f3_238a098ac5af445d,3,cora,sage,12355,85.22895050048828,83.3087158203125
f3_238a098ac5af445d,3,cora,sage,12356,85.52436828613281,83.16100311279297
f3_238a098ac5af445d,3,cora,sage,12357,84.34268951416016,85.52436828613281
f3_238a098ac5af445d,3,cora,sage,12358,83.75184631347656,81.53618621826172
f3_238a098ac5af445d,3,cora,sage,12359,84.49039459228516,84.0472640991211
f3_238a098ac5af445d,3,cora,sage,12360,84.19497680664062,87.00147247314453
f3_238a098ac5af445d,3,cora,sage,12361,86.1152114868164,83.8995590209961
f3_238a098ac5af445d,3,cora,sage,12362,84.78582000732422,82.57015991210938
f3_238a098ac5af445d,3,cora,sage,12363,85.52436828613281,83.3087158203125
f3_238a098ac5af445d,3,cora,sage,12364,86.85376739501953,84.93353271484375
f3_7904e332a47ba54d,3,cora,sage,12345,81.83161163330078,84.34268951416016
f3_7904e332a47ba54d,3,cora,sage,12346,83.8995590209961,82.57015991210938
f3_7904e332a47ba54d,3,cora,sage,12347,84.93353271484375,85.37666320800781
f3_7904e332a47ba54d,3,cora,sage,12348,85.37666320800781,85.22895050048828
f3_7904e332a47ba54d,3,cora,sage,12349,83.8995590209961,83.3087158203125
f3_7904e332a47ba54d,3,cora,sage,12350,81.97931671142578,80.94534301757812
f3_7904e332a47ba54d,3,cora,sage,12351,84.49039459228516,84.63810729980469
f3_7904e332a47ba54d,3,cora,sage,12352,84.93353271484375,84.49039459228516
f3_7904e332a47ba54d,3,cora,sage,12353,83.8995590209961,83.75184631347656
f3_7904e332a47ba54d,3,cora,sage,12354,82.86558532714844,85.52436828613281
f3_7904e332a47ba54d,3,cora,sage,12355,83.75184631347656,80.50221252441406
f3_7904e332a47ba54d,3,cora,sage,12356,85.67208099365234,81.83161163330078
f3_7904e332a47ba54d,3,cora,sage,12357,84.93353271484375,86.26292419433594
f3_7904e332a47ba54d,3,cora,sage,12358,83.60413360595703,82.7178726196289
f3_7904e332a47ba54d,3,cora,sage,12359,85.22895050048828,83.3087158203125
f3_7904e332a47ba54d,3,cora,sage,12360,83.60413360595703,85.96749877929688
f3_7904e332a47ba54d,3,cora,sage,12361,85.96749877929688,84.49039459228516
f3_7904e332a47ba54d,3,cora,sage,12362,84.93353271484375,83.60413360595703
f3_7904e332a47ba54d,3,cora,sage,12363,85.52436828613281,82.7178726196289
f3_7904e332a47ba54d,3,cora,sage,12364,86.41063690185547,84.19497680664062
f3_7b2d183f7697d693,3,cora,sage,12345,81.83161163330078,85.52436828613281
f3_7b2d183f7697d693,3,cora,sage,12346,85.67208099365234,84.78582000732422
f3_7b2d183f7697d693,3,cora,sage,12347,85.22895050048828,84.19497680664062
f3_7b2d183f7697d693,3,cora,sage,12348,86.55834197998047,84.34268951416016
f3_7b2d183f7697d693,3,cora,sage,12349,84.78582000732422,83.16100311279297
f3_7b2d183f7697d693,3,cora,sage,12350,83.4564208984375,82.86558532714844
f3_7b2d183f7697d693,3,cora,sage,12351,84.78582000732422,84.63810729980469
f3_7b2d183f7697d693,3,cora,sage,12352,85.37666320800781,85.22895050048828
f3_7b2d183f7697d693,3,cora,sage,12353,84.34268951416016,85.96749877929688
f3_7b2d183f7697d693,3,cora,sage,12354,84.78582000732422,85.81979370117188
f3_7b2d183f7697d693,3,cora,sage,12355,87.44461059570312,82.27474212646484
f3_7b2d183f7697d693,3,cora,sage,12356,86.85376739501953,83.3087158203125
f3_7b2d183f7697d693,3,cora,sage,12357,85.67208099365234,85.67208099365234
f3_7b2d183f7697d693,3,cora,sage,12358,84.93353271484375,83.16100311279297
f3_7b2d183f7697d693,3,cora,sage,12359,85.52436828613281,83.75184631347656
f3_7b2d183f7697d693,3,cora,sage,12360,85.08123779296875,85.22895050048828
f3_7b2d183f7697d693,3,cora,sage,12361,86.55834197998047,83.8995590209961
f3_7b2d183f7697d693,3,cora,sage,12362,85.37666320800781,82.42245483398438
f3_7b2d183f7697d693,3,cora,sage,12363,86.7060546875,84.78582000732422
f3_7b2d183f7697d693,3,cora,sage,12364,86.1152114868164,82.57015991210938
f3_39e3d2adbbcf19b6,3,cora,sage,12345,82.27474212646484,84.49039459228516
f3_39e3d2adbbcf19b6,3,cora,sage,12346,86.55834197998047,84.93353271484375
f3_39e3d2adbbcf19b6,3,cora,sage,12347,85.37666320800781,85.37666320800781
f3_39e3d2adbbcf19b6,3,cora,sage,12348,86.41063690185547,85.37666320800781
f3_39e3d2adbbcf19b6,3,cora,sage,12349,84.49039459228516,84.63810729980469
f3_39e3d2adbbcf19b6,3,cora,sage,12350,83.4564208984375,83.8995590209961
f3_39e3d2adbbcf19b6,3,cora,sage,12351,84.93353271484375,84.34268951416016
f3_39e3d2adbbcf19b6,3,cora,sage,12352,85.96749877929688,85.96749877929688
f3_39e3d2adbbcf19b6,3,cora,sage,12353,84.93353271484375,86.26292419433594
f3_39e3d2adbbcf19b6,3,cora,sage,12354,84.34268951416016,86.7060546875
f3_39e3d2adbbcf19b6,3,cora,sage,12355,87.44461059570312,83.4564208984375
f3_39e3d2adbbcf19b6,3,cora,sage,12356,87.59231567382812,83.8995590209961
f3_39e3d2adbbcf19b6,3,cora,sage,12357,86.26292419433594,86.1152114868164
f3_39e3d2adbbcf19b6,3,cora,sage,12358,83.16100311279297,83.01329040527344
f3_39e3d2adbbcf19b6,3,cora,sage,12359,85.37666320800781,84.19497680664062
f3_39e3d2adbbcf19b6,3,cora,sage,12360,85.37666320800781,85.67208099365234
f3_39e3d2adbbcf19b6,3,cora,sage,12361,87.88774108886719,86.1152114868164
f3_39e3d2adbbcf19b6,3,cora,sage,12362,85.67208099365234,82.7178726196289
f3_39e3d2adbbcf19b6,3,cora,sage,12363,86.41063690185547,84.63810729980469
f3_39e3d2adbbcf19b6,3,cora,sage,12364,87.00147247314453,84.78582000732422
f3_4f371d7a2299727d,3,cora,sage,12345,82.7178726196289,84.34268951416016
f3_4f371d7a2299727d,3,cora,sage,12346,86.55834197998047,84.49039459228516
f3_4f371d7a2299727d,3,cora,sage,12347,86.1152114868164,84.78582000732422
f3_4f371d7a2299727d,3,cora,sage,12348,85.52436828613281,86.41063690185547
f3_4f371d7a2299727d,3,cora,sage,12349,84.78582000732422,82.7178726196289
f3_4f371d7a2299727d,3,cora,sage,12350,83.16100311279297,82.42245483398438
f3_4f371d7a2299727d,3,cora,sage,12351,84.78582000732422,85.08123779296875
f3_4f371d7a2299727d,3,cora,sage,12352,85.37666320800781,86.55834197998047
f3_4f371d7a2299727d,3,cora,sage,12353,84.34268951416016,84.93353271484375
f3_4f371d7a2299727d,3,cora,sage,12354,84.49039459228516,84.78582000732422
f3_4f371d7a2299727d,3,cora,sage,12355,86.26292419433594,83.75184631347656
f3_4f371d7a2299727d,3,cora,sage,12356,78.87740325927734,76.0708999633789
f3_4f371d7a2299727d,3,cora,sage,12357,86.55834197998047,86.26292419433594
f3_4f371d7a2299727d,3,cora,sage,12358,84.63810729980469,83.01329040527344
f3_4f371d7a2299727d,3,cora,sage,12359,85.96749877929688,85.08123779296875
f3_4f371d7a2299727d,3,cora,sage,12360,86.26292419433594,86.41063690185547
f3_4f371d7a2299727d,3,cora,sage,12361,86.85376739501953,85.37666320800781
f3_4f371d7a2299727d,3,cora,sage,12362,83.8995590209961,81.24076843261719
f3_4f371d7a2299727d,3,cora,sage,12363,85.81979370117188,84.0472640991211
f3_4f371d7a2299727d,3,cora,sage,12364,88.77400207519531,85.37666320800781
f3_8daa9de7cfa5e570,3,cora,sage,12345,81.83161163330078,83.75184631347656
f3_8daa9de7cfa5e570,3,cora,sage,12346,86.85376739501953,84.49039459228516
f3_8daa9de7cfa5e570,3,cora,sage,12347,85.81979370117188,85.08123779296875
f3_8daa9de7cfa5e570,3,cora,sage,12348,86.55834197998047,85.67208099365234
f3_8daa9de7cfa5e570,3,cora,sage,12349,84.19497680664062,84.34268951416016
f3_8daa9de7cfa5e570,3,cora,sage,12350,83.16100311279297,82.12702941894531
f3_8daa9de7cfa5e570,3,cora,sage,12351,84.78582000732422,85.37666320800781
f3_8daa9de7cfa5e570,3,cora,sage,12352,84.63810729980469,85.81979370117188
f3_8daa9de7cfa5e570,3,cora,sage,12353,84.19497680664062,83.4564208984375
f3_8daa9de7cfa5e570,3,cora,sage,12354,85.22895050048828,86.55834197998047
f3_8daa9de7cfa5e570,3,cora,sage,12355,85.67208099365234,81.38848114013672
f3_8daa9de7cfa5e570,3,cora,sage,12356,87.00147247314453,85.37666320800781
f3_8daa9de7cfa5e570,3,cora,sage,12357,85.67208099365234,85.96749877929688
f3_8daa9de7cfa5e570,3,cora,sage,12358,84.93353271484375,83.01329040527344
f3_8daa9de7cfa5e570,3,cora,sage,12359,85.67208099365234,83.16100311279297
f3_8daa9de7cfa5e570,3,cora,sage,12360,85.67208099365234,86.41063690185547
f3_8daa9de7cfa5e570,3,cora,sage,12361,86.85376739501953,85.37666320800781
f3_8daa9de7cfa5e570,3,cora,sage,12362,84.19497680664062,82.86558532714844
f3_8daa9de7cfa5e570,3,cora,sage,12363,83.8995590209961,82.12702941894531
f3_8daa9de7cfa5e570,3,cora,sage,12364,87.74002838134766,84.49039459228516
f3_b5265559539022b5,3,cora,sage,12345,81.83161163330078,84.78582000732422
f3_b5265559539022b5,3,cora,sage,12346,87.14918518066406,85.67208099365234
f3_b5265559539022b5,3,cora,sage,12347,85.96749877929688,87.00147247314453
f3_b5265559539022b5,3,cora,sage,12348,86.1152114868164,86.55834197998047
f3_b5265559539022b5,3,cora,sage,12349,84.63810729980469,83.75184631347656
f3_b5265559539022b5,3,cora,sage,12350,82.7178726196289,82.12702941894531
f3_b5265559539022b5,3,cora,sage,12351,84.93353271484375,84.93353271484375
f3_b5265559539022b5,3,cora,sage,12352,85.67208099365234,85.81979370117188
f3_b5265559539022b5,3,cora,sage,12353,83.75184631347656,85.08123779296875
f3_b5265559539022b5,3,cora,sage,12354,85.22895050048828,86.41063690185547
f3_b5265559539022b5,3,cora,sage,12355,87.00147247314453,83.3087158203125
f3_b5265559539022b5,3,cora,sage,12356,87.74002838134766,84.63810729980469
f3_b5265559539022b5,3,cora,sage,12357,85.81979370117188,86.26292419433594
f3_b5265559539022b5,3,cora,sage,12358,84.19497680664062,82.7178726196289
f3_b5265559539022b5,3,cora,sage,12359,85.37666320800781,84.78582000732422
f3_b5265559539022b5,3,cora,sage,12360,87.14918518066406,87.59231567382812
f3_b5265559539022b5,3,cora,sage,12361,85.96749877929688,84.78582000732422
f3_b5265559539022b5,3,cora,sage,12362,85.22895050048828,82.27474212646484
f3_b5265559539022b5,3,cora,sage,12363,85.96749877929688,82.86558532714844
f3_b5265559539022b5,3,cora,sage,12364,87.74002838134766,85.37666320800781
f3_441baec11985f38a,3,cora,sage,12345,81.83161163330078,84.63810729980469
f3_441baec11985f38a,3,cora,sage,12346,87.00147247314453,84.0472640991211
f3_441baec11985f38a,3,cora,sage,12347,86.26292419433594,86.55834197998047
f3_441baec11985f38a,3,cora,sage,12348,86.41063690185547,85.96749877929688
f3_441baec11985f38a,3,cora,sage,12349,86.7060546875,83.60413360595703
f3_441baec11985f38a,3,cora,sage,12350,83.01329040527344,83.4564208984375
f3_441baec11985f38a,3,cora,sage,12351,84.49039459228516,85.67208099365234
f3_441baec11985f38a,3,cora,sage,12352,85.81979370117188,85.67208099365234
f3_441baec11985f38a,3,cora,sage,12353,85.52436828613281,84.93353271484375
f3_441baec11985f38a,3,cora,sage,12354,84.78582000732422,85.81979370117188
f3_441baec11985f38a,3,cora,sage,12355,86.7060546875,84.93353271484375
f3_441baec11985f38a,3,cora,sage,12356,87.2968978881836,83.60413360595703
f3_441baec11985f38a,3,cora,sage,12357,85.81979370117188,86.41063690185547
f3_441baec11985f38a,3,cora,sage,12358,85.22895050048828,84.0472640991211
f3_441baec11985f38a,3,cora,sage,12359,85.37666320800781,84.63810729980469
f3_441baec11985f38a,3,cora,sage,12360,85.81979370117188,85.52436828613281
f3_441baec11985f38a,3,cora,sage,12361,87.14918518066406,83.3087158203125
f3_441baec11985f38a,3,cora,sage,12362,85.22895050048828,82.7178726196289
f3_441baec11985f38a,3,cora,sage,12363,85.81979370117188,84.63810729980469
f3_441baec11985f38a,3,cora,sage,12364,87.14918518066406,86.55834197998047
f3_9b8308770851a509,3,cora,sage,12345,81.53618621826172,84.63810729980469
f3_9b8308770851a509,3,cora,sage,12346,87.14918518066406,83.8995590209961
f3_9b8308770851a509,3,cora,sage,12347,85.67208099365234,85.52436828613281
f3_9b8308770851a509,3,cora,sage,12348,86.85376739501953,85.37666320800781
f3_9b8308770851a509,3,cora,sage,12349,84.0472640991211,83.8995590209961
f3_9b8308770851a509,3,cora,sage,12350,83.4564208984375,83.3087158203125
f3_9b8308770851a509,3,cora,sage,12351,84.78582000732422,85.22895050048828
f3_9b8308770851a509,3,cora,sage,12352,85.22895050048828,86.26292419433594
f3_9b8308770851a509,3,cora,sage,12353,84.49039459228516,84.34268951416016
f3_9b8308770851a509,3,cora,sage,12354,84.49039459228516,86.41063690185547
f3_9b8308770851a509,3,cora,sage,12355,87.2968978881836,85.67208099365234
f3_9b8308770851a509,3,cora,sage,12356,86.85376739501953,84.78582000732422
f3_9b8308770851a509,3,cora,sage,12357,85.96749877929688,87.74002838134766
f3_9b8308770851a509,3,cora,sage,12358,84.49039459228516,83.4564208984375
f3_9b8308770851a509,3,cora,sage,12359,85.96749877929688,84.63810729980469
f3_9b8308770851a509,3,cora,sage,12360,86.41063690185547,85.67208099365234
f3_9b8308770851a509,3,cora,sage,12361,86.55834197998047,84.0472640991211
f3_9b8308770851a509,3,cora,sage,12362,85.81979370117188,83.01329040527344
f3_9b8308770851a509,3,cora,sage,12363,86.55834197998047,83.3087158203125
f3_9b8308770851a509,3,cora,sage,12364,88.47858428955078,84.49039459228516
f3_0f1a3447ba633a55,3,cora,sage,12345,81.97931671142578,84.63810729980469
f3_0f1a3447ba633a55,3,cora,sage,12346,86.7060546875,85.22895050048828
f3_0f1a3447ba633a55,3,cora,sage,12347,85.22895050048828,84.78582000732422
f3_0f1a3447ba633a55,3,cora,sage,12348,86.7060546875,85.96749877929688
f3_0f1a3447ba633a55,3,cora,sage,12349,84.34268951416016,85.22895050048828
f3_0f1a3447ba633a55,3,cora,sage,12350,82.7178726196289,83.8995590209961
f3_0f1a3447ba633a55,3,cora,sage,12351,85.96749877929688,85.67208099365234
f3_0f1a3447ba633a55,3,cora,sage,12352,85.37666320800781,86.1152114868164
f3_0f1a3447ba633a55,3,cora,sage,12353,82.86558532714844,85.22895050048828
f3_0f1a3447ba633a55,3,cora,sage,12354,84.19497680664062,86.1152114868164
f3_0f1a3447ba633a55,3,cora,sage,12355,87.2968978881836,84.63810729980469
f3_0f1a3447ba633a55,3,cora,sage,12356,87.14918518066406,84.19497680664062
f3_0f1a3447ba633a55,3,cora,sage,12357,87.00147247314453,85.81979370117188
f3_0f1a3447ba633a55,3,cora,sage,12358,84.49039459228516,84.19497680664062
f3_0f1a3447ba633a55,3,cora,sage,12359,85.67208099365234,84.49039459228516
f3_0f1a3447ba633a55,3,cora,sage,12360,86.41063690185547,88.18315887451172
f3_0f1a3447ba633a55,3,cora,sage,12361,86.85376739501953,84.49039459228516
f3_0f1a3447ba633a55,3,cora,sage,12362,84.93353271484375,82.7178726196289
f3_0f1a3447ba633a55,3,cora,sage,12363,86.26292419433594,86.1152114868164
f3_0f1a3447ba633a55,3,cora,sage,12364,87.88774108886719,84.93353271484375
