source,backbone,dataset,x_eps,x_index,line_label,pipeline,smoother,feature_dim,candidate_id,x_steps,learning_rate,weight_decay,dropout,tao2,test_acc_mean,test_acc_ci_low,test_acc_ci_high,test_acc_std,test_acc_min,test_acc_max,val_acc_mean,val_acc_ci_low,val_acc_ci_high,n,point_id
main_add_10seed,gat,citeseer,0.001,0,$\mathsf{LPGNN}$,figure3_pipeline1,kprop,,87,4,0.001,0.0,0.75,none,64.17067527770996,63.064605789184576,65.20462791442871,1.8606749338015716,60.9375,67.06730651855469,65.21634902954102,63.18449880599976,67.00781606674194,10,f1_cbfd8413e8171873
main_add_10seed,gat,citeseer,0.01,1,$\mathsf{LPGNN}$,figure3_pipeline1,kprop,,87,4,0.001,0.0,0.75,none,62.6923095703125,60.733174896240236,64.54357174873353,3.2077321950444224,58.293270111083984,67.42788696289062,63.42548294067383,62.16316311836243,64.8686920452118,10,f1_d0549fcd533b14da
main_add_10seed,gat,citeseer,0.1,2,$\mathsf{LPGNN}$,figure3_pipeline1,kprop,,172,16,0.0001,0.0001,0.25,none,65.57692527770996,64.72325910568237,66.47836837768554,1.5570461840713121,62.980770111083984,68.99038696289062,65.28846282958985,64.07422037124634,66.5865394973755,10,f1_275b0ba4e8b7f697
main_add_10seed,gat,citeseer,1.0,3,$\mathsf{LPGNN}$,figure3_pipeline1,kprop,,190,32,0.01,0.01,0.25,none,67.46394500732421,66.76652921676636,68.36598791122437,1.379800038583086,65.3846206665039,70.55288696289062,68.72596435546875,67.93269577026368,69.48347761154174,10,f1_b79a18632ee2d416
main_add_10seed,gat,citeseer,10.0,9,$\mathsf{LPGNN}$,figure3_pipeline1,kprop,,119,8,0.01,0.01,0.5,none,67.95673370361328,67.16346584320068,68.65415021896362,1.2947580355852124,65.2644271850586,69.59134674072266,68.88221435546875,68.329329662323,69.47115482330322,10,f1_6949c9555c8de3d8
main_add_10seed,gat,citeseer,2.0,4,$\mathsf{LPGNN}$,figure3_pipeline1,kprop,,145,16,0.01,0.0,0.25,none,67.3197135925293,66.56220108032225,68.1009635925293,1.3837488924911163,65.02404022216797,70.3125,68.37740707397461,67.76442640304566,69.0384635925293,10,f1_6d5fcae59216e6a2
main_add_10seed,gat,citeseer,3.0,5,$\mathsf{LPGNN}$,figure3_pipeline1,kprop,,190,32,0.01,0.01,0.25,none,67.51202163696288,66.98317640304566,68.04116886138915,0.913689913841416,66.10577392578125,69.23077392578125,69.3509635925293,68.59375303268433,70.1322135925293,10,f1_2bcf9b4e3e00214c
main_add_10seed,gat,citeseer,4.0,6,$\mathsf{LPGNN}$,figure3_pipeline1,kprop,,190,32,0.01,0.01,0.25,none,67.9687515258789,67.40354627609253,68.53395601272584,0.9485130009404963,66.34615325927734,69.59134674072266,69.27884902954102,68.46154098510742,70.02404174804687,10,f1_b7c18359d6b9f011
main_add_10seed,gat,citeseer,6.0,7,$\mathsf{LPGNN}$,figure3_pipeline1,kprop,,154,16,0.01,0.01,0.25,none,67.7644256591797,67.05499128341674,68.42578266143799,1.1746353307668023,66.10577392578125,69.47115325927734,68.95432968139649,68.24489454269408,69.6277082824707,10,f1_0a6cf97fc0f2149a
main_add_10seed,gat,citeseer,8.0,8,$\mathsf{LPGNN}$,figure3_pipeline1,kprop,,190,32,0.01,0.01,0.25,none,67.88461685180664,67.42788467407226,68.3536680984497,0.8206805755411,66.34615325927734,69.35096740722656,69.63942642211914,68.81009975433349,70.43269653320313,10,f1_10998bc085481102
main_add_10seed,gat,cora,0.001,0,$\mathsf{LPGNN}$,figure3_pipeline1,kprop,,41,2,0.01,0.0001,0.5,none,76.9867057800293,75.45014726638793,78.55243682861328,2.5525383738900116,73.264404296875,80.6499252319336,76.86853637695313,75.55354309082031,78.06536102294922,10,f1_ea5305dfa0d11aed
main_add_10seed,gat,cora,0.01,1,$\mathsf{LPGNN}$,figure3_pipeline1,kprop,,118,8,0.01,0.01,0.25,none,77.88773880004882,76.5432045173645,79.30686651229858,2.3572562520772067,74.59379577636719,81.68389892578125,78.38995590209962,76.74999923706055,79.7935760307312,10,f1_8894c0933c9ef4d2
main_add_10seed,gat,cora,0.1,2,$\mathsf{LPGNN}$,figure3_pipeline1,kprop,,200,32,0.001,0.001,0.5,none,79.30576095581054,77.14881898880004,81.30022050857544,3.6338297059127824,71.78730010986328,85.52436828613281,79.12850646972656,77.13367687225342,80.9900276184082,10,f1_90e160a32e29a924
main_add_10seed,gat,cora,1.0,3,$\mathsf{LPGNN}$,figure3_pipeline1,kprop,,146,16,0.01,0.0,0.5,none,81.6838981628418,79.86705930709839,83.32348407745361,2.921201523559803,75.92318725585938,85.22895050048828,82.17134323120118,80.2658775138855,83.8408416748047,10,f1_afeced9ba0926d17
main_add_10seed,gat,cora,10.0,9,$\mathsf{LPGNN}$,figure3_pipeline1,kprop,,155,16,0.01,0.01,0.5,none,84.88921661376953,84.19497680664062,85.6129981994629,1.25152611473036,83.01329040527344,86.55834197998047,85.24372100830078,84.44534454345703,85.93796083450317,10,f1_2cead9718b5313e9
main_add_10seed,gat,cora,2.0,4,$\mathsf{LPGNN}$,figure3_pipeline1,kprop,,156,16,0.01,0.01,0.75,none,85.11078262329102,84.35708997726441,85.93796157836914,1.4095840162461195,83.60413360595703,87.44461059570312,84.711962890625,83.94386899948121,85.49482803344726,10,f1_cdf6a4069c91efdd
main_add_10seed,gat,cora,3.0,5,$\mathsf{LPGNN}$,figure3_pipeline1,kprop,,156,16,0.01,0.01,0.75,none,84.83013229370117,84.18020629882812,85.49482879638671,1.1610909999296442,82.7178726196289,86.55834197998047,85.02215576171875,84.26846239089966,85.68722230911254,10,f1_68ba528ae8f53769
main_add_10seed,gat,cora,4.0,6,$\mathsf{LPGNN}$,figure3_pipeline1,kprop,,154,16,0.01,0.01,0.25,none,84.35745849609376,83.67799070358276,85.03692705154418,1.192811845629309,82.42245483398438,86.1152114868164,84.66764907836914,83.94349821090698,85.36188888549805,10,f1_b91af11b8b0e6a85
main_add_10seed,gat,cora,6.0,7,$\mathsf{LPGNN}$,figure3_pipeline1,kprop,,155,16,0.01,0.01,0.5,none,84.9926139831543,84.44571533203124,85.61299896240234,1.0449351066426136,83.8995590209961,86.55834197998047,85.15509490966797,84.34268798828126,85.90878753662109,10,f1_a197433838cb96b6
main_add_10seed,gat,cora,8.0,8,$\mathsf{LPGNN}$,figure3_pipeline1,kprop,,117,8,0.01,0.001,0.75,none,84.85967559814453,84.1654365348816,85.62813949584961,1.2938145458284167,82.7178726196289,87.44461059570312,84.93352890014648,84.223779296875,85.58345491409301,10,f1_59f0b077c6539b13
main_add_10seed,gat,facebook,0.001,0,$\mathsf{LPGNN}$,figure3_pipeline1,kprop,,79,4,0.01,0.001,0.25,none,83.5617660522461,82.2445278930664,84.72236660003662,2.1125134135193258,80.24208068847656,86.13385772705078,84.09042358398438,82.96003826141359,85.13349843978882,10,f1_5398d67f6d3e7b41
main_add_10seed,gat,facebook,0.01,1,$\mathsf{LPGNN}$,figure3_pipeline1,kprop,,91,4,0.001,0.001,0.25,none,85.75827865600586,84.71867399215698,86.72681550979614,1.685715194035846,82.91207122802734,87.94944763183594,86.36703567504883,85.37375541687011,87.33361688613891,10,f1_c1ce72001de7c18a
main_add_10seed,gat,facebook,0.1,2,$\mathsf{LPGNN}$,figure3_pipeline1,kprop,,193,32,0.001,0.0,0.25,none,89.3698829650879,88.93195928573608,89.77763593673707,0.7387307355001618,88.02064514160156,90.29904174804688,89.74190292358398,89.15094451904297,90.39707330703735,10,f1_7e67745f4b282990
main_add_10seed,gat,facebook,1.0,3,$\mathsf{LPGNN}$,figure3_pipeline1,kprop,,166,16,0.001,0.01,0.25,none,92.8106086730957,92.6450253868103,93.00111185073852,0.31187423286094107,92.38162994384766,93.46742248535156,93.2983268737793,93.01691108703614,93.61516496658325,10,f1_1edf63a600959440
main_add_10seed,gat,facebook,10.0,9,$\mathsf{LPGNN}$,figure3_pipeline1,kprop,,84,4,0.01,0.01,0.75,none,93.58490600585938,93.40325727462769,93.75582910537719,0.3067227024516803,92.96903228759766,93.98362731933594,93.86436462402344,93.57066650390625,94.18534181594849,10,f1_29eb8502b71b7d64
main_add_10seed,gat,facebook,2.0,4,$\mathsf{LPGNN}$,figure3_pipeline1,kprop,,119,8,0.01,0.01,0.5,none,93.30544662475586,93.145247631073,93.46569232940674,0.2692251530274592,92.86222839355467,93.69882202148438,93.78782424926757,93.53501945495606,94.07262344360352,10,f1_a3105810a18052af
main_add_10seed,gat,facebook,3.0,5,$\mathsf{LPGNN}$,figure3_pipeline1,kprop,,119,8,0.01,0.01,0.5,none,93.26272659301758,93.08294830322265,93.44259538650512,0.30969905291522026,92.70203399658205,93.85902404785156,93.75756530761718,93.53146184921265,94.00324960708618,10,f1_fc1ec200eb8bf07d
main_add_10seed,gat,facebook,4.0,6,$\mathsf{LPGNN}$,figure3_pipeline1,kprop,,119,8,0.01,0.01,0.5,none,93.35172653198242,93.20220640182495,93.51548461914062,0.2636479403246998,92.91563415527344,93.87682342529295,93.79850540161132,93.49052179336547,94.0816121673584,10,f1_350d9a4a6596092d
main_add_10seed,gat,facebook,6.0,7,$\mathsf{LPGNN}$,figure3_pipeline1,kprop,,119,8,0.01,0.01,0.5,none,93.31434783935546,93.15058822631836,93.47988739013672,0.27166605317457837,92.95122528076172,93.77002716064452,93.81986465454102,93.62753704071045,94.04774730682374,10,f1_c8329f149061ea10
main_add_10seed,gat,facebook,8.0,8,$\mathsf{LPGNN}$,figure3_pipeline1,kprop,,84,4,0.01,0.01,0.75,none,93.4638671875,93.18258337020875,93.74163562774658,0.4709280184349309,92.86222839355467,94.03702545166016,93.79316558837891,93.55282188415528,94.05126420974732,10,f1_910d245b3facfd75
main_add_10seed,gat,lastfm,0.001,0,$\mathsf{LPGNN}$,figure3_pipeline1,kprop,,127,8,0.001,0.001,0.25,none,80.74534149169922,79.32792280197144,82.15146715164184,2.4165241230669268,77.07510375976562,83.79446411132812,81.49068145751953,80.48560024261474,82.46767194747925,10,f1_fcef4049b53bd936
main_add_10seed,gat,lastfm,0.01,1,$\mathsf{LPGNN}$,figure3_pipeline1,kprop,,121,8,0.001,0.0,0.25,none,82.24731674194337,81.46767267227173,82.99279939651488,1.3875099354522333,79.89836120605469,83.62506866455078,83.07735595703124,82.41064294815064,83.66473541259765,10,f1_f498b3de5563b038
main_add_10seed,gat,lastfm,0.1,2,$\mathsf{LPGNN}$,figure3_pipeline1,kprop,,211,32,0.0001,0.001,0.25,none,83.92433547973633,82.86264570236206,84.76016313552856,1.7363113012085896,81.81818389892578,86.22247314453125,84.21795349121093,82.99773782730102,85.18915710449218,10,f1_ca361726a17676f2
main_add_10seed,gat,lastfm,1.0,3,$\mathsf{LPGNN}$,figure3_pipeline1,kprop,,205,32,0.0001,0.0,0.25,none,87.4082420349121,86.66247858047485,87.96724855422973,1.0580433248605106,84.98023986816406,88.65047454833984,87.87690200805665,87.49279783248902,88.30617830276489,10,f1_5628afc3edbb75bb
main_add_10seed,gat,lastfm,10.0,9,$\mathsf{LPGNN}$,figure3_pipeline1,kprop,,167,16,0.001,0.01,0.5,none,87.97854156494141,87.40259628295898,88.50945440292358,0.9090923046072902,86.33540344238281,89.21512603759766,88.6674186706543,88.334130153656,88.98941417694091,10,f1_00d9455cd2b118a4
main_add_10seed,gat,lastfm,2.0,4,$\mathsf{LPGNN}$,figure3_pipeline1,kprop,,154,16,0.01,0.01,0.25,none,87.7357406616211,87.21018978118896,88.21583856582642,0.8986477356601942,86.33540344238281,88.76341247558594,88.3794448852539,88.09147108078004,88.67871248245238,10,f1_124e29deba7d30f4
main_add_10seed,gat,lastfm,3.0,5,$\mathsf{LPGNN}$,figure3_pipeline1,kprop,,155,16,0.01,0.01,0.5,none,87.83737869262696,87.28952409744262,88.38509216308594,0.957212211957195,86.10954284667969,89.32806396484375,88.49237670898438,88.24957733154297,88.72388160705566,10,f1_750279831b184c41
main_add_10seed,gat,lastfm,4.0,6,$\mathsf{LPGNN}$,figure3_pipeline1,kprop,,155,16,0.01,0.01,0.5,none,87.89948959350586,87.43068616867066,88.35699995040893,0.8413345083714938,86.6741943359375,89.32806396484375,88.50931396484376,88.21569366455078,88.79728776931762,10,f1_baf2c0849b49ad93
main_add_10seed,gat,lastfm,6.0,7,$\mathsf{LPGNN}$,figure3_pipeline1,kprop,,154,16,0.01,0.01,0.25,none,87.7075080871582,87.10333023071288,88.22727054595948,0.9350636094371452,85.94014739990234,88.65047454833984,88.41897125244141,88.17052305221559,88.6788543701172,10,f1_5a3804bf2e896828
main_add_10seed,gat,lastfm,8.0,8,$\mathsf{LPGNN}$,figure3_pipeline1,kprop,,155,16,0.01,0.01,0.5,none,87.93336944580078,87.47021253585815,88.3965263557434,0.803427243662191,86.50479888916016,89.27159881591797,88.5883674621582,88.2721618461609,88.8877746963501,10,f1_f74e818f13cafd0e
main_add_10seed,gat,citeseer,0.001,0,$\mathsf{PrivGE}$,figure3_pipeline2,kprop,,128,8,0.001,0.001,0.5,none,63.84615592956543,63.23317527770996,64.47115555763246,1.0612066124124673,62.139427185058594,65.74519348144531,65.20432929992675,64.09825947761536,66.43028985023498,10,f1_d40dd3990a586161
main_add_10seed,gat,citeseer,0.01,1,$\mathsf{PrivGE}$,figure3_pipeline2,kprop,,94,4,0.001,0.01,0.25,none,63.43750152587891,62.355770111083984,64.75991731643677,2.0653811770249217,60.81730651855469,67.90865325927734,64.25481071472169,62.98047192573547,65.55318897247314,10,f1_48ccfb7c62709267
main_add_10seed,gat,citeseer,0.1,2,$\mathsf{PrivGE}$,figure3_pipeline2,kprop,,124,8,0.001,0.0001,0.25,none,62.92067451477051,61.73077049255371,63.990385828018184,2.0587258874014926,59.49519348144531,65.625,64.0865406036377,62.83654097557068,65.40895712852478,10,f1_40fc7456e5b06164
main_add_10seed,gat,citeseer,1.0,3,$\mathsf{PrivGE}$,figure3_pipeline2,kprop,,187,32,0.01,0.001,0.25,none,67.24759902954102,66.73077238082887,67.7764450263977,0.9069899608912124,66.10577392578125,68.99038696289062,68.24519424438476,67.34345104217529,69.09886003494263,10,f1_1d8a934057034e5d
main_add_10seed,gat,citeseer,10.0,9,$\mathsf{PrivGE}$,figure3_pipeline2,kprop,,190,32,0.01,0.01,0.25,none,67.75240554809571,67.33173217773438,68.23347459793091,0.7517753689430824,66.70673370361328,69.47115325927734,69.23077087402343,68.50871465682984,69.93990554809571,10,f1_c7b0abc4365efac7
main_add_10seed,gat,citeseer,2.0,4,$\mathsf{PrivGE}$,figure3_pipeline2,kprop,,190,32,0.01,0.01,0.25,none,67.70433044433594,66.98317642211914,68.44952241897583,1.2218568304558268,65.98558044433594,69.23077392578125,69.09855880737305,68.26893022537232,69.75961608886719,10,f1_d431fbda53d989b6
main_add_10seed,gat,citeseer,3.0,5,$\mathsf{PrivGE}$,figure3_pipeline2,kprop,,190,32,0.01,0.01,0.25,none,67.6322135925293,66.81490627288818,68.42548370361328,1.4300707554352075,65.50480651855469,69.83173370361328,69.11057968139649,68.22085733413697,69.85607063293457,10,f1_5bcc6a461fb017f5
main_add_10seed,gat,citeseer,4.0,6,$\mathsf{PrivGE}$,figure3_pipeline2,kprop,,154,16,0.01,0.01,0.25,none,67.64423294067383,66.97115554809571,68.4615410041809,1.2462462632094489,66.34615325927734,70.19231414794922,68.50961761474609,67.74038619995117,69.1709761428833,10,f1_13f84d5ca72ead6a
main_add_10seed,gat,citeseer,6.0,7,$\mathsf{PrivGE}$,figure3_pipeline2,kprop,,187,32,0.01,0.001,0.25,none,67.64423446655273,67.103369140625,68.17308120727539,0.9008640497385294,66.10577392578125,69.35096740722656,68.71394577026368,67.84825986862182,69.45943967819214,10,f1_5998faff12eeac19
main_add_10seed,gat,citeseer,8.0,8,$\mathsf{PrivGE}$,figure3_pipeline2,kprop,,119,8,0.01,0.01,0.5,none,66.87500305175782,66.15384902954102,67.62019424438476,1.2747687855061172,65.2644271850586,68.75,68.20913619995117,67.28365552902223,69.23077011108398,10,f1_70d1999c816b9cc5
main_add_10seed,gat,cora,0.001,0,$\mathsf{PrivGE}$,figure3_pipeline2,kprop,,38,2,0.01,0.0,0.5,none,77.09010391235351,75.5683173942566,78.68537525177003,2.741787424086979,73.70753479003906,80.94534301757812,77.35598068237304,76.27732469558715,78.40472564697265,10,f1_62223947836765ab
main_add_10seed,gat,cora,0.01,1,$\mathsf{PrivGE}$,figure3_pipeline2,kprop,,115,8,0.01,0.001,0.25,none,78.27178726196288,77.0897346496582,79.64586410522462,2.0940989396543896,75.33235168457031,81.97931671142578,78.78877410888671,77.9025115776062,79.55686876296997,10,f1_2bf497d4d8884a67
main_add_10seed,gat,cora,0.1,2,$\mathsf{PrivGE}$,figure3_pipeline2,kprop,,193,32,0.001,0.0,0.25,none,80.20679473876953,78.7293212890625,81.4623336982727,2.3334297385867475,76.80945587158203,83.01329040527344,79.88183135986328,78.5073867034912,81.41838914871215,10,f1_6deaf9a44c7073d1
main_add_10seed,gat,cora,1.0,3,$\mathsf{PrivGE}$,figure3_pipeline2,kprop,,155,16,0.01,0.01,0.5,none,84.51993942260742,83.26439971923828,85.59822616577148,1.9306872753873505,80.50221252441406,87.14918518066406,84.63810882568359,83.9438705444336,85.25886152267456,10,f1_9c3042d2475e3857
main_add_10seed,gat,cora,10.0,9,$\mathsf{PrivGE}$,figure3_pipeline2,kprop,,120,8,0.01,0.01,0.75,none,85.03692626953125,84.56425247192382,85.46565774917603,0.826973700416318,83.75184631347656,86.41063690185547,85.42097320556641,84.57902297973632,86.1004425048828,10,f1_124d0c91c99d5efa
main_add_10seed,gat,cora,2.0,4,$\mathsf{PrivGE}$,figure3_pipeline2,kprop,,156,16,0.01,0.01,0.75,none,84.20974807739258,83.19054565429687,85.3028060913086,1.7316392630232844,81.83161163330078,86.85376739501953,84.53471145629882,83.84047315597535,85.18463747024536,10,f1_0d338604d1bc368e
main_add_10seed,gat,cora,3.0,5,$\mathsf{PrivGE}$,figure3_pipeline2,kprop,,120,8,0.01,0.01,0.75,none,84.94830017089843,84.35708921432496,85.53951108932496,1.0361971151102143,83.16100311279297,86.55834197998047,84.9926139831543,84.04689790725708,85.80539171218872,10,f1_53f172949ba451d5
main_add_10seed,gat,cora,4.0,6,$\mathsf{PrivGE}$,figure3_pipeline2,kprop,,156,16,0.01,0.01,0.75,none,84.20974655151367,83.64844665527343,84.81535873413085,0.9684763573156612,82.7178726196289,85.96749877929688,84.81536026000977,83.9734100341797,85.6425392150879,10,f1_d79c70c8295d372d
main_add_10seed,gat,cora,6.0,7,$\mathsf{PrivGE}$,figure3_pipeline2,kprop,,153,16,0.01,0.001,0.75,none,85.21417922973633,84.50516891479492,85.938330078125,1.2049448462674337,83.16100311279297,87.14918518066406,85.0664680480957,83.98781282424926,86.08603897094727,10,f1_6fb4014edc5834b8
main_add_10seed,gat,cora,8.0,8,$\mathsf{PrivGE}$,figure3_pipeline2,kprop,,156,16,0.01,0.01,0.75,none,84.99261245727538,84.18020553588867,85.80538940429688,1.3397476887576334,82.7178726196289,87.00147247314453,85.09601058959962,84.15029449462891,85.89364776611328,10,f1_83cdf59af102d5ac
main_add_10seed,gat,facebook,0.001,0,$\mathsf{PrivGE}$,figure3_pipeline2,kprop,,91,4,0.001,0.001,0.25,none,84.14560241699219,82.80162067413329,85.4098413848877,2.2311934918802265,79.45887756347656,86.95265197753906,84.63332138061523,83.66318105697633,85.44321746826172,10,f1_0ea3adfee6f8069e
main_add_10seed,gat,facebook,0.01,1,$\mathsf{PrivGE}$,figure3_pipeline2,kprop,,88,4,0.001,0.0001,0.25,none,86.10893630981445,85.508990650177,86.88861867904663,1.1363863213597547,84.63866424560547,88.85724639892578,86.40263442993164,85.99844205856324,86.90650709152222,10,f1_e0f03264ffa8e597
main_add_10seed,gat,facebook,0.1,2,$\mathsf{PrivGE}$,figure3_pipeline2,kprop,,202,32,0.001,0.01,0.25,none,88.82698593139648,87.71257629394532,89.75084712982178,1.738289924470941,85.51085662841797,90.47703552246094,89.2114646911621,88.1932200241089,89.94682510375976,10,f1_a8a979d0779935b6
main_add_10seed,gat,facebook,1.0,3,$\mathsf{PrivGE}$,figure3_pipeline2,kprop,,154,16,0.01,0.01,0.25,none,92.46884994506836,92.28902488708496,92.67715553283692,0.34264073933638406,92.07903289794922,93.14702606201172,93.03666839599609,92.71622444152833,93.34460678100587,10,f1_10967d2b32dbd98b
main_add_10seed,gat,facebook,10.0,9,$\mathsf{PrivGE}$,figure3_pipeline2,kprop,,119,8,0.01,0.01,0.5,none,93.42470779418946,93.25912450790406,93.59914705276489,0.3055745944941493,93.00462341308594,93.85902404785156,93.7557876586914,93.50818994522095,94.02990646362305,10,f1_aa0781b708fc582c
main_add_10seed,gat,facebook,2.0,4,$\mathsf{PrivGE}$,figure3_pipeline2,kprop,,119,8,0.01,0.01,0.5,none,93.24136657714844,93.09896697998047,93.3517695236206,0.21978171954925357,92.79102325439452,93.53862762451172,93.59736633300781,93.22708333969116,93.95714624404907,10,f1_cad510fe97069d23
main_add_10seed,gat,facebook,3.0,5,$\mathsf{PrivGE}$,figure3_pipeline2,kprop,,119,8,0.01,0.01,0.5,none,93.30010681152343,93.09362941741942,93.48348949432373,0.32951926213846805,92.77323150634766,93.7522201538086,93.63118515014648,93.36774671554566,93.92666399002074,10,f1_82705344c28eb2fa
main_add_10seed,gat,facebook,4.0,6,$\mathsf{PrivGE}$,figure3_pipeline2,kprop,,119,8,0.01,0.01,0.5,none,93.36774673461915,93.22525886535645,93.51023530960083,0.23751125676344034,93.00462341308594,93.78782653808594,93.66322555541993,93.41215993881227,94.02460886001586,10,f1_4d2ae97c41e5db54
main_add_10seed,gat,facebook,6.0,7,$\mathsf{PrivGE}$,figure3_pipeline2,kprop,,119,8,0.01,0.01,0.5,none,93.35172729492187,93.14515939712524,93.52260665893554,0.3353510864593881,92.61302947998048,93.6632308959961,93.7166244506836,93.37125982284546,94.06550373077393,10,f1_98071c6c48bedf70
main_add_10seed,gat,facebook,8.0,8,$\mathsf{PrivGE}$,figure3_pipeline2,kprop,,84,4,0.01,0.01,0.75,none,93.47454605102538,93.32858732223511,93.63848442077636,0.2577002613217135,93.14702606201172,94.01922607421876,93.77536544799804,93.4905669593811,94.06203504562379,10,f1_fdfa6316fcb421da
main_add_10seed,gat,lastfm,0.001,0,$\mathsf{PrivGE}$,figure3_pipeline2,kprop,,76,4,0.01,0.0001,0.25,none,80.3726692199707,78.97162311553954,81.51905666351318,2.306600343744244,74.98587799072266,82.3828353881836,80.5928825378418,79.42348627090453,81.76256114959718,10,f1_ef93e1ba16d19edc
main_add_10seed,gat,lastfm,0.01,1,$\mathsf{PrivGE}$,figure3_pipeline2,kprop,,124,8,0.001,0.0001,0.25,none,82.01016235351562,80.90894773483276,83.15669097900391,1.9144992610306744,78.93844604492188,84.64144134521484,82.6086929321289,81.63720851898192,83.54601594924927,10,f1_d2b0dde96dac886d
main_add_10seed,gat,lastfm,0.1,2,$\mathsf{PrivGE}$,figure3_pipeline2,kprop,,208,32,0.0001,0.0001,0.25,none,83.5573112487793,82.6312812614441,84.62549303054809,1.7378913566195449,80.85826873779297,86.78712463378906,83.98644714355468,82.82284004211427,84.96894227981566,10,f1_ae927070fcaa8a60
main_add_10seed,gat,lastfm,1.0,3,$\mathsf{PrivGE}$,figure3_pipeline2,kprop,,166,16,0.001,0.01,0.25,none,87.16544189453126,86.43139419555663,87.76976015090942,1.156288756374644,84.5849838256836,88.53755187988281,87.63410339355468,87.13142166137695,88.03500520706176,10,f1_7e8d41f09ff2e95e
main_add_10seed,gat,lastfm,10.0,9,$\mathsf{PrivGE}$,figure3_pipeline2,kprop,,155,16,0.01,0.01,0.5,none,87.86561126708985,87.26693801879883,88.38523256301879,0.9694396143860458,86.22247314453125,89.10220336914062,88.65612411499023,88.39031145095825,88.92715761184692,10,f1_54360470bd88e033
main_add_10seed,gat,lastfm,2.0,4,$\mathsf{PrivGE}$,figure3_pipeline2,kprop,,167,16,0.001,0.01,0.5,none,87.70750579833984,87.13156202316284,88.24392473220824,0.9493510313622485,85.99661254882812,88.87633514404297,88.37379760742188,87.96160049438477,88.76905368804933,10,f1_cbda21538884242b
main_add_10seed,gat,lastfm,3.0,5,$\mathsf{PrivGE}$,figure3_pipeline2,kprop,,165,16,0.001,0.001,0.75,none,87.82043991088867,87.32919309616089,88.20454710006715,0.7338322610945557,86.3918685913086,88.76341247558594,88.4189697265625,88.00112607955933,88.78599475860597,10,f1_132acf306df339e3
main_add_10seed,gat,lastfm,4.0,6,$\mathsf{PrivGE}$,figure3_pipeline2,kprop,,167,16,0.001,0.01,0.5,none,87.69056854248046,87.21047286987304,88.09711690902711,0.7654686998630981,86.27893829345703,88.81986999511719,88.53754959106445,88.23263626098633,88.84810791015624,10,f1_4b7d4f9c87728dfe
main_add_10seed,gat,lastfm,6.0,7,$\mathsf{PrivGE}$,figure3_pipeline2,kprop,,154,16,0.01,0.01,0.25,none,87.5550521850586,87.08060300827027,88.00677339553833,0.8122629491560123,86.16600799560547,88.5940170288086,88.41332626342773,88.19875944137574,88.62817838668823,10,f1_ffeb90833cbb1262
main_add_10seed,gat,lastfm,8.0,8,$\mathsf{PrivGE}$,figure3_pipeline2,kprop,,167,16,0.001,0.01,0.5,none,87.8881965637207,87.39680711746216,88.37958597183227,0.8278352089155394,86.16600799560547,88.81986999511719,88.49237747192383,88.19296880722047,88.79743045806886,10,f1_5d1eab7ed085e15c
main_add_10seed,gat,citeseer,0.001,0,$\mathsf{UPGNet\text{-}MBM}$,figure3_pipeline3,hoa,,431,4,0.001,0.0,0.75,0.1,63.43750152587891,61.981972970962524,64.84405159950256,2.56397635106571,59.014427185058594,67.06730651855469,64.45913772583008,62.82422192573547,66.19020720481872,10,f1_07a950f0a1a5db99
main_add_10seed,gat,citeseer,0.01,1,$\mathsf{UPGNet\text{-}MBM}$,figure3_pipeline3,hoa,,1053,32,0.0001,0.001,0.25,0.5,63.737984085083006,62.8245223903656,64.69952202796937,1.6304169931594537,61.17788696289063,66.8269271850586,64.47115745544434,63.34134902000427,65.66106110572815,10,f1_02eb34a9f2a8aebe
main_add_10seed,gat,citeseer,0.1,2,$\mathsf{UPGNet\text{-}MBM}$,figure3_pipeline3,hoa,,1130,64,0.01,0.01,0.25,0.9,67.75240478515624,67.09044607162475,68.4738585281372,1.2310175815795485,65.98558044433594,70.3125,69.15865631103516,68.37740707397461,69.88011005401611,10,f1_f8d71eab56ed1487
main_add_10seed,gat,citeseer,1.0,3,$\mathsf{UPGNet\text{-}MBM}$,figure3_pipeline3,hoa,,1130,64,0.01,0.01,0.25,0.9,68.65384826660156,67.93269424438476,69.51923370361328,1.3748464153741233,67.06730651855469,71.875,69.96394577026368,69.08654098510742,70.76923522949218,10,f1_04915744f2676dad
main_add_10seed,gat,citeseer,10.0,9,$\mathsf{UPGNet\text{-}MBM}$,figure3_pipeline3,hoa,,1133,64,0.01,0.01,0.5,0.5,68.22115783691406,67.54777923583984,68.88251630783081,1.1433366768680087,66.70673370361328,69.59134674072266,69.85577239990235,69.2067336845398,70.46875305175782,10,f1_9f1591cec22acae2
main_add_10seed,gat,citeseer,2.0,4,$\mathsf{UPGNet\text{-}MBM}$,figure3_pipeline3,hoa,,1130,64,0.01,0.01,0.25,0.9,68.64183044433594,67.87259977340699,69.5913490486145,1.5716669910944685,66.58654022216797,72.11538696289062,70.02404174804687,69.27884902954102,70.67338092803955,10,f1_ed3a53948f0122da
main_add_10seed,gat,citeseer,3.0,5,$\mathsf{UPGNet\text{-}MBM}$,figure3_pipeline3,hoa,,1127,64,0.01,0.01,0.25,0.3,67.82452163696288,67.01863201141357,68.64213014602662,1.3982885383665542,65.2644271850586,70.55288696289062,69.56731185913085,68.65384977340699,70.32452392578125,10,f1_d07b1cf10672338b
main_add_10seed,gat,citeseer,4.0,6,$\mathsf{UPGNet\text{-}MBM}$,figure3_pipeline3,hoa,,1133,64,0.01,0.01,0.5,0.5,68.18509902954102,67.56009977340699,68.8224203300476,1.1360843227136768,66.46634674072266,69.83173370361328,69.84375228881837,68.96634824752807,70.66105958938599,10,f1_97196dc2e47ba74d
main_add_10seed,gat,citeseer,6.0,7,$\mathsf{UPGNet\text{-}MBM}$,figure3_pipeline3,hoa,,1132,64,0.01,0.01,0.5,0.3,67.98077087402343,67.22325756072998,68.75000232696534,1.3156664061795622,65.50480651855469,70.0721206665039,69.55529098510742,68.70192564010621,70.42097539901732,10,f1_57ff7017f7352611
main_add_10seed,gat,citeseer,8.0,8,$\mathsf{UPGNet\text{-}MBM}$,figure3_pipeline3,hoa,,955,32,0.01,0.01,0.5,0.9,68.509619140625,67.88461912155152,69.18299850463868,1.1458627588643988,66.46634674072266,70.79327392578125,69.77163696289062,69.02644498825073,70.42067489624023,10,f1_6041378baa31c69f
main_add_10seed,gat,cora,0.001,0,$\mathsf{UPGNet\text{-}MBM}$,figure3_pipeline3,hoa,,783,16,0.001,0.0,0.25,0.5,78.13884887695312,77.16359022140503,79.12850954055786,1.6015223861766377,75.48005676269531,80.79763793945312,78.6410629272461,78.02068019866942,79.24667512893676,10,f1_735f872dafb822d5
main_add_10seed,gat,cora,0.01,1,$\mathsf{UPGNet\text{-}MBM}$,figure3_pipeline3,hoa,,826,16,0.001,0.01,0.25,0.1,78.41949691772462,76.9719337463379,79.7488914489746,2.3873016728370735,74.88921356201172,81.68389892578125,79.14327850341797,77.82865447998047,80.31019136428833,10,f1_cbcd03f8623ca557
main_add_10seed,gat,cora,0.1,2,$\mathsf{UPGNet\text{-}MBM}$,figure3_pipeline3,hoa,,1140,64,0.01,0.01,0.75,0.9,84.59379653930664,83.84047315597535,85.34748918533325,1.2915635253404008,82.42245483398438,86.26292419433594,85.11078109741212,84.19423677444459,85.92318878173828,10,f1_b52589b9aee6cdf2
main_add_10seed,gat,cora,1.0,3,$\mathsf{UPGNet\text{-}MBM}$,figure3_pipeline3,hoa,,1139,64,0.01,0.01,0.75,0.7,85.12555313110352,84.35745847702027,85.86410598754883,1.3212551657561566,83.3087158203125,87.2968978881836,85.49482955932618,84.9630714225769,86.02658767700196,10,f1_6e690df3805c7ed3
main_add_10seed,gat,cora,10.0,9,$\mathsf{UPGNet\text{-}MBM}$,figure3_pipeline3,hoa,,951,32,0.01,0.01,0.5,0.1,84.97784271240235,84.16506576538086,85.80539093017579,1.3698988065462037,83.3087158203125,87.14918518066406,85.30280685424805,84.71159517288207,85.87887725830078,10,f1_6146836159094c89
main_add_10seed,gat,cora,2.0,4,$\mathsf{UPGNet\text{-}MBM}$,figure3_pipeline3,hoa,,1139,64,0.01,0.01,0.75,0.7,85.46528625488281,84.78581771850585,86.2337494468689,1.2224230657238506,83.60413360595703,87.74002838134766,85.37666015625,84.81536026000977,85.93832931518556,10,f1_9a30387a7d119d66
main_add_10seed,gat,cora,3.0,5,$\mathsf{UPGNet\text{-}MBM}$,figure3_pipeline3,hoa,,1139,64,0.01,0.01,0.75,0.7,85.37666015625,84.85967330932617,85.86447446823121,0.829753437541602,84.0472640991211,86.55834197998047,85.56868515014648,84.84453506469727,86.20420913696289,10,f1_0463aa7184a5ac52
main_add_10seed,gat,cora,4.0,6,$\mathsf{UPGNet\text{-}MBM}$,figure3_pipeline3,hoa,,1139,64,0.01,0.01,0.75,0.7,85.62776794433594,85.12518310546875,86.1299835205078,0.8614333779749968,84.34268951416016,87.14918518066406,85.58345565795898,84.78581924438477,86.3810920715332,10,f1_2a294bf376ef3463
main_add_10seed,gat,cora,6.0,7,$\mathsf{UPGNet\text{-}MBM}$,figure3_pipeline3,hoa,,1132,64,0.01,0.01,0.5,0.3,85.3028060913086,84.56425397872925,86.01181640625,1.2749389454591382,82.86558532714844,87.44461059570312,85.6425392150879,85.03692548751832,86.15952684402465,10,f1_ef26e076515ba8db
main_add_10seed,gat,cora,8.0,8,$\mathsf{UPGNet\text{-}MBM}$,figure3_pipeline3,hoa,,1137,64,0.01,0.01,0.75,0.3,85.36189041137695,84.51957096099854,86.20420989990235,1.4311753756727275,82.57015991210938,87.44461059570312,85.80502014160156,85.1248130607605,86.38109130859375,10,f1_8f47d179b5c9688a
main_add_10seed,gat,facebook,0.001,0,$\mathsf{UPGNet\text{-}MBM}$,figure3_pipeline3,hoa,,785,16,0.001,0.0,0.25,0.9,85.57671890258788,85.08005722045898,86.1003495979309,0.8860344019227052,84.44286346435547,87.20185089111328,86.08223724365234,85.48941066741943,86.69290771484376,10,f1_7a14ab349d9218a2
main_add_10seed,gat,facebook,0.01,1,$\mathsf{UPGNet\text{-}MBM}$,figure3_pipeline3,hoa,,1145,64,0.001,0.0,0.25,0.9,89.4072639465332,88.25538738250734,90.33290431976319,1.867163212506086,84.83446502685547,91.8120346069336,89.76860046386719,88.9390345954895,90.46653467178345,10,f1_e4dade1c15bf5c7e
main_add_10seed,gat,facebook,0.1,2,$\mathsf{UPGNet\text{-}MBM}$,figure3_pipeline3,hoa,,1130,64,0.01,0.01,0.25,0.9,93.38198776245117,93.06670715332031,93.69353054046631,0.557401713404086,92.4350357055664,93.93022918701172,93.59736557006836,93.3463422203064,93.85025783538818,10,f1_eef12bfee550e966
main_add_10seed,gat,facebook,1.0,3,$\mathsf{UPGNet\text{-}MBM}$,figure3_pipeline3,hoa,,1125,64,0.01,0.001,0.75,0.9,93.8163055419922,93.67203699111938,93.93734592437745,0.21787535887996035,93.41402435302734,94.05482482910156,94.1438232421875,93.91771903991699,94.40548248291016,10,f1_8bb046c376ae7d73
main_add_10seed,gat,facebook,10.0,9,$\mathsf{UPGNet\text{-}MBM}$,figure3_pipeline3,hoa,,1110,64,0.01,0.0001,0.75,0.9,93.92310485839843,93.72183155059815,94.14026336669922,0.3705530786773853,93.3072280883789,94.71341705322266,94.0868637084961,93.87682418823242,94.33610788345337,10,f1_2b763dc9effaea1a
main_add_10seed,gat,facebook,2.0,4,$\mathsf{UPGNet\text{-}MBM}$,figure3_pipeline3,hoa,,1125,64,0.01,0.001,0.75,0.9,93.89818420410157,93.71479999542235,94.08512977600098,0.30908084161976895,93.48522186279295,94.46422576904295,94.13314285278321,93.90886459350585,94.38607963562012,10,f1_04613430e6d5d4bc
main_add_10seed,gat,facebook,3.0,5,$\mathsf{UPGNet\text{-}MBM}$,figure3_pipeline3,hoa,,1118,64,0.01,0.001,0.5,0.5,93.82342529296875,93.63648347854614,94.05486852645875,0.35530448669486087,93.41402435302734,94.66001892089844,94.00676574707032,93.79481203079223,94.25427446365356,10,f1_3ddf450a55341f25
main_add_10seed,gat,facebook,4.0,6,$\mathsf{UPGNet\text{-}MBM}$,figure3_pipeline3,hoa,,945,32,0.01,0.001,0.75,0.9,93.92844467163086,93.77354026794434,94.11178359985351,0.2969553776256992,93.55642700195312,94.62442016601562,94.1545036315918,93.91059930801391,94.43040241241455,10,f1_e9e2163ea6b92d1f
main_add_10seed,gat,facebook,6.0,7,$\mathsf{UPGNet\text{-}MBM}$,figure3_pipeline3,hoa,,945,32,0.01,0.001,0.75,0.9,93.87326431274414,93.6595774269104,94.09941150665283,0.39835301027604203,93.25382995605467,94.71341705322266,94.19010391235352,93.99786603927613,94.40201086044311,10,f1_f4367342c512b54e
main_add_10seed,gat,facebook,8.0,8,$\mathsf{UPGNet\text{-}MBM}$,figure3_pipeline3,hoa,,599,8,0.01,0.01,0.75,0.7,93.81452407836915,93.65249990463258,93.97828369140625,0.2785811854798498,93.34282684326172,94.357421875,94.17764587402344,93.93908130645751,94.46791765213013,10,f1_aea1661bbd425f14
main_add_10seed,gat,lastfm,0.001,0,$\mathsf{UPGNet\text{-}MBM}$,figure3_pipeline3,hoa,,934,32,0.01,0.001,0.25,0.7,81.97628326416016,80.67758319854735,83.11688158035278,2.022756144943674,78.5431900024414,85.48841857910156,82.34895324707031,81.00493844985962,83.54615634918214,10,f1_b34b856b1e87e818
main_add_10seed,gat,lastfm,0.01,1,$\mathsf{UPGNet\text{-}MBM}$,figure3_pipeline3,hoa,,767,16,0.01,0.01,0.25,0.3,82.55222930908204,81.65400770187378,83.46146162033081,1.6419220627916076,80.12422180175781,84.41558837890625,82.71033172607422,81.76722101211547,83.56323930740356,10,f1_b999724b7e520ad7
main_add_10seed,gat,lastfm,0.1,2,$\mathsf{UPGNet\text{-}MBM}$,figure3_pipeline3,hoa,,1200,64,0.001,0.01,0.75,0.9,87.34048309326172,86.67419277191162,87.95595321655273,1.0626538338558686,85.48841857910156,88.87633514404297,87.88819808959961,87.3404853630066,88.37394248962403,10,f1_e036f7735647f010
main_add_10seed,gat,lastfm,1.0,3,$\mathsf{UPGNet\text{-}MBM}$,figure3_pipeline3,hoa,,1140,64,0.01,0.01,0.75,0.9,88.42461547851562,87.98404464721679,88.84810413360596,0.732841186109469,87.35177612304688,89.38452911376953,88.91586380004883,88.53740537643434,89.27159425735474,10,f1_407361963f299e35
main_add_10seed,gat,lastfm,10.0,9,$\mathsf{UPGNet\text{-}MBM}$,figure3_pipeline3,hoa,,945,32,0.01,0.001,0.75,0.9,88.46978988647462,87.89370191574098,89.0063522529602,0.9361071716859952,86.9565200805664,89.89271545410156,88.9384521484375,88.4923781967163,89.33935400009156,10,f1_eb52d2701fabd5a1
main_add_10seed,gat,lastfm,2.0,4,$\mathsf{UPGNet\text{-}MBM}$,figure3_pipeline3,hoa,,1140,64,0.01,0.01,0.75,0.9,88.48108215332032,87.98969268798828,88.98376466751098,0.8358215058953954,87.06945037841797,89.61038208007812,89.02879486083984,88.6448310470581,89.45256811141968,10,f1_4712df194e6a2913
main_add_10seed,gat,lastfm,3.0,5,$\mathsf{UPGNet\text{-}MBM}$,figure3_pipeline3,hoa,,1125,64,0.01,0.001,0.75,0.9,88.47543640136719,87.98969345092773,88.88763202667236,0.7826099501731518,87.35177612304688,89.32806396484375,88.98927154541016,88.61645811080933,89.35657884597778,10,f1_b648350eafa1af79
main_add_10seed,gat,lastfm,4.0,6,$\mathsf{UPGNet\text{-}MBM}$,figure3_pipeline3,hoa,,1125,64,0.01,0.001,0.75,0.9,88.46414031982422,87.96710508346558,88.93858877182006,0.8217367680426684,87.2953109741211,89.66685485839844,88.9892692565918,88.54884105682372,89.36758728027344,10,f1_f61387eb360e7e92
main_add_10seed,gat,lastfm,6.0,7,$\mathsf{UPGNet\text{-}MBM}$,figure3_pipeline3,hoa,,945,32,0.01,0.001,0.75,0.9,88.31168670654297,87.91078262329101,88.71823654174804,0.6765376629436385,87.2953109741211,88.98927307128906,88.82552032470703,88.37365644454957,89.26030200958253,10,f1_d78ac35462fdb35c
main_add_10seed,gat,lastfm,8.0,8,$\mathsf{UPGNet\text{-}MBM}$,figure3_pipeline3,hoa,,950,32,0.01,0.01,0.25,0.9,88.40202941894532,87.98983383178711,88.7916389465332,0.6998046096936335,87.35177612304688,89.21512603759766,88.8989242553711,88.53175886154175,89.28867572784425,10,f1_bf1baebfa877e119
main_add_10seed,gat,citeseer,0.001,0,$\mathsf{UPGNet\text{-}PM}$,figure3_pipeline4,hoa,,976,32,0.001,0.0001,0.25,0.1,65.0480785369873,64.39873972892761,65.73317489624023,1.1215086316766458,63.1009635925293,67.30769348144531,65.07211685180664,63.72566236495972,66.45462938308717,10,f1_3c6228a898c3b8cb
main_add_10seed,gat,citeseer,0.01,1,$\mathsf{UPGNet\text{-}PM}$,figure3_pipeline4,hoa,,991,32,0.001,0.001,0.25,0.1,65.36057891845704,64.63942485809325,66.18990556716919,1.3536700792532887,63.94230651855469,67.66827392578125,65.00000305175782,63.67788846969604,66.21394465446473,10,f1_1ff2dc3d6466ce17
main_add_10seed,gat,citeseer,0.1,2,$\mathsf{UPGNet\text{-}PM}$,figure3_pipeline4,hoa,,991,32,0.001,0.001,0.25,0.1,64.83173408508301,64.14663771629333,65.45673370361328,1.1018722259360034,62.86057662963867,66.34615325927734,65.98557929992675,64.95162405967713,66.86298370361328,10,f1_461901d34f1076ca
main_add_10seed,gat,citeseer,1.0,3,$\mathsf{UPGNet\text{-}PM}$,figure3_pipeline4,hoa,,1126,64,0.01,0.01,0.25,0.1,67.64423370361328,66.94711837768554,68.55769577026368,1.3200506050011107,66.10577392578125,70.79327392578125,69.09856033325195,68.19711835861206,70.03636232376098,10,f1_341d6fe5f4dfb3ab
main_add_10seed,gat,citeseer,10.0,9,$\mathsf{UPGNet\text{-}PM}$,figure3_pipeline4,hoa,,1131,64,0.01,0.01,0.5,0.1,68.1009651184082,67.19952238082887,69.07482362747193,1.5580765368158065,66.22596740722656,70.67308044433594,69.73557968139649,69.07452314376832,70.30048294067383,10,f1_b6fe69e18e279a4a
main_add_10seed,gat,citeseer,2.0,4,$\mathsf{UPGNet\text{-}PM}$,figure3_pipeline4,hoa,,1133,64,0.01,0.01,0.5,0.5,68.32932815551757,67.65595027923584,68.9903854560852,1.1192889362633398,67.06730651855469,69.71154022216797,69.45913772583008,68.96634902954102,69.96424772262573,10,f1_2cb7cb7a51915ddc
main_add_10seed,gat,citeseer,3.0,5,$\mathsf{UPGNet\text{-}PM}$,figure3_pipeline4,hoa,,954,32,0.01,0.01,0.5,0.7,68.14904174804687,67.33143173217773,69.14693895339965,1.5160978850853997,66.58654022216797,71.5144271850586,69.31490631103516,68.50931715011596,70.09615631103516,10,f1_915c2bd66c3e1dd3
main_add_10seed,gat,citeseer,4.0,6,$\mathsf{UPGNet\text{-}PM}$,figure3_pipeline4,hoa,,954,32,0.01,0.01,0.5,0.7,68.18509979248047,67.46364530563355,68.84615783691406,1.2019911096366602,65.98558044433594,69.83173370361328,69.4831756591797,68.53365703582763,70.31250158309936,10,f1_fea86d6df4ccbfe2
main_add_10seed,gat,citeseer,6.0,7,$\mathsf{UPGNet\text{-}PM}$,figure3_pipeline4,hoa,,952,32,0.01,0.01,0.5,0.3,67.95673217773438,67.25961606979371,68.58203340530396,1.1628259697369918,65.74519348144531,69.47115325927734,69.290869140625,68.5456771850586,70.00030502319336,10,f1_19057ba009a9b136
main_add_10seed,gat,citeseer,8.0,8,$\mathsf{UPGNet\text{-}PM}$,figure3_pipeline4,hoa,,1138,64,0.01,0.01,0.75,0.5,68.42548370361328,67.65625305175782,69.219354763031,1.3902310733689938,66.70673370361328,71.6346206665039,69.59134826660156,68.73798294067383,70.37259826660156,10,f1_95ca87e47855b45d
main_add_10seed,gat,cora,0.001,0,$\mathsf{UPGNet\text{-}PM}$,figure3_pipeline4,hoa,,948,32,0.01,0.01,0.25,0.5,77.13441619873046,74.9032501220703,78.80354387283325,3.424561716261057,68.09453582763672,80.50221252441406,77.6514045715332,75.37629316329956,79.17282258987426,10,f1_c7971662b5f432b3
main_add_10seed,gat,cora,0.01,1,$\mathsf{UPGNet\text{-}PM}$,figure3_pipeline4,hoa,,1130,64,0.01,0.01,0.25,0.9,82.0088623046875,81.2259963798523,82.77732618331909,1.3480461350307482,79.76366424560547,83.60413360595703,82.20088577270508,81.58013231277465,82.82126922607422,10,f1_eade0b56d4bc1b71
main_add_10seed,gat,cora,0.1,2,$\mathsf{UPGNet\text{-}PM}$,figure3_pipeline4,hoa,,1139,64,0.01,0.01,0.75,0.7,83.57459259033203,83.08714750289917,84.25406112670899,1.0715107913932933,82.7178726196289,86.41063690185547,83.87001419067383,82.9542106628418,84.7119644165039,10,f1_a1e2c0db5d88293e
main_add_10seed,gat,cora,1.0,3,$\mathsf{UPGNet\text{-}PM}$,figure3_pipeline4,hoa,,1139,64,0.01,0.01,0.75,0.7,84.38700103759766,83.92872924804688,84.84490432739258,0.829899950103142,83.16100311279297,85.22895050048828,85.18463592529297,84.40139999389648,85.92318801879883,10,f1_ed33a26c62530354
main_add_10seed,gat,cora,10.0,9,$\mathsf{UPGNet\text{-}PM}$,figure3_pipeline4,hoa,,1131,64,0.01,0.01,0.5,0.1,85.3323486328125,84.62333982467652,86.05612869262696,1.253460185104677,83.75184631347656,87.14918518066406,85.6277687072754,84.99261396408082,86.30760648727417,10,f1_f99ef7028f0e959a
main_add_10seed,gat,cora,2.0,4,$\mathsf{UPGNet\text{-}PM}$,figure3_pipeline4,hoa,,1133,64,0.01,0.01,0.5,0.5,85.14032287597657,84.50516815185547,85.73153457641602,1.0947870825303347,83.01329040527344,86.85376739501953,85.34711837768555,84.50479963302612,86.26292343139649,10,f1_af3c95eda5a07c6c
main_add_10seed,gat,cora,3.0,5,$\mathsf{UPGNet\text{-}PM}$,figure3_pipeline4,hoa,,1138,64,0.01,0.01,0.75,0.5,85.0664680480957,84.35745845794678,85.77547838211059,1.1826070550249157,83.4564208984375,86.7060546875,85.52437133789063,84.83013229370117,86.13035503387451,10,f1_e863ca6b643ba9f0
main_add_10seed,gat,cora,4.0,6,$\mathsf{UPGNet\text{-}PM}$,figure3_pipeline4,hoa,,1138,64,0.01,0.01,0.75,0.5,85.50959930419921,84.83013227462769,86.1447540283203,1.1172518759480161,83.3087158203125,87.00147247314453,85.64253997802734,84.93316040039062,86.38146284103394,10,f1_a26741d61953d1c3
main_add_10seed,gat,cora,6.0,7,$\mathsf{UPGNet\text{-}PM}$,figure3_pipeline4,hoa,,1137,64,0.01,0.01,0.75,0.3,85.46528701782226,84.8445327758789,86.13035430908204,1.144584556210272,83.75184631347656,87.2968978881836,85.6573097229004,85.06609878540038,86.26329193115235,10,f1_faf577cb6fbd9ede
main_add_10seed,gat,cora,8.0,8,$\mathsf{UPGNet\text{-}PM}$,figure3_pipeline4,hoa,,1138,64,0.01,0.01,0.75,0.5,85.83456192016601,85.27326202392578,86.44017412185669,1.03150888967942,84.0472640991211,87.59231567382812,85.56868362426758,84.81536024093629,86.39586183547974,10,f1_92fefdcbea4b49d3
main_add_10seed,gat,facebook,0.001,0,$\mathsf{UPGNet\text{-}PM}$,figure3_pipeline4,hoa,,604,8,0.001,0.0,0.25,0.7,85.04628067016601,84.04770582199097,86.0628788948059,1.7601931576264684,82.23567199707031,88.09185028076172,85.22961959838867,84.47641529083252,86.00436191558838,10,f1_58ffabd06c0a04cb
main_add_10seed,gat,facebook,0.01,1,$\mathsf{UPGNet\text{-}PM}$,figure3_pipeline4,hoa,,1130,64,0.01,0.01,0.25,0.9,92.53470840454102,92.27656454086303,92.78390810012817,0.44505408210686986,91.6518325805664,93.2894287109375,92.9476692199707,92.63412328720094,93.32863107681274,10,f1_4c65c485a9240c6e
main_add_10seed,gat,facebook,0.1,2,$\mathsf{UPGNet\text{-}PM}$,figure3_pipeline4,hoa,,960,32,0.01,0.01,0.75,0.9,93.05802993774414,92.80344594955444,93.32502824783325,0.4517115581527713,92.4350357055664,93.93022918701172,93.50658569335937,93.31964237213134,93.6704342842102,10,f1_4d82428f7ddf545b
main_add_10seed,gat,facebook,1.0,3,$\mathsf{UPGNet\text{-}PM}$,figure3_pipeline4,hoa,,599,8,0.01,0.01,0.75,0.7,93.69170608520508,93.4618639755249,93.9695205116272,0.4310716714759251,93.12922668457033,94.55322265625,94.1028823852539,93.92488397598267,94.30046157836914,10,f1_d43662224e6f5b91
main_add_10seed,gat,facebook,10.0,9,$\mathsf{UPGNet\text{-}PM}$,figure3_pipeline4,hoa,,944,32,0.01,0.001,0.75,0.7,94.05838546752929,93.96048507690429,94.18133924484253,0.19923918678872163,93.84122467041016,94.55322265625,94.22392196655274,93.96226497650146,94.50164516448974,10,f1_34f11d828b1da01f
main_add_10seed,gat,facebook,2.0,4,$\mathsf{UPGNet\text{-}PM}$,figure3_pipeline4,hoa,,1124,64,0.01,0.001,0.75,0.7,93.64542617797852,93.35337371826172,93.90530471801758,0.4599750414391788,92.59523010253906,94.3752212524414,93.94446334838867,93.67025707244873,94.25427066802978,10,f1_233086aa1324268f
main_add_10seed,gat,facebook,3.0,5,$\mathsf{UPGNet\text{-}PM}$,figure3_pipeline4,hoa,,1110,64,0.01,0.0001,0.75,0.9,93.6294044494629,93.38910444259643,93.88216331481934,0.4120530058516675,92.95122528076172,94.41082763671876,93.91420440673828,93.72356624603272,94.11360803604126,10,f1_12cacf8b5e53e5b2
main_add_10seed,gat,facebook,4.0,6,$\mathsf{UPGNet\text{-}PM}$,figure3_pipeline4,hoa,,599,8,0.01,0.01,0.75,0.7,93.71484451293945,93.52607526779175,93.93912355422974,0.35266565041171816,93.12922668457033,94.5176239013672,94.07796478271484,93.79846164703369,94.33076807022094,10,f1_113ca26ed97048c7
main_add_10seed,gat,facebook,6.0,7,$\mathsf{UPGNet\text{-}PM}$,figure3_pipeline4,hoa,,944,32,0.01,0.001,0.75,0.7,93.84300384521484,93.55998533248902,94.09932176589966,0.45096657993921807,92.8978271484375,94.5888214111328,94.14738388061524,93.983626537323,94.32542747497558,10,f1_ac5bd9d553e5d67d
main_add_10seed,gat,facebook,8.0,8,$\mathsf{UPGNet\text{-}PM}$,figure3_pipeline4,hoa,,944,32,0.01,0.001,0.75,0.7,93.9088638305664,93.6470273399353,94.18836767196656,0.4614113829007366,92.86222839355467,94.71341705322266,94.15984191894532,93.85190277099609,94.45709993362426,10,f1_ab045fa7d05644ff
main_add_10seed,gat,lastfm,0.001,0,$\mathsf{UPGNet\text{-}PM}$,figure3_pipeline4,hoa,,785,16,0.001,0.0,0.25,0.9,81.54714736938476,80.56465299606323,82.50197458267212,1.703092856775726,78.99491882324219,84.35911560058594,82.59740142822265,81.91403049468995,83.20736772537231,10,f1_5fe5d8d37b32586f
main_add_10seed,gat,lastfm,0.01,1,$\mathsf{UPGNet\text{-}PM}$,figure3_pipeline4,hoa,,1150,64,0.001,0.0,0.5,0.9,85.36419906616212,83.68139192581177,86.53881761550903,2.4236688188858504,79.22077941894531,87.40824127197266,85.99661026000976,84.1214003753662,87.19931947708129,10,f1_9c63cec0df93611e
main_add_10seed,gat,lastfm,0.1,2,$\mathsf{UPGNet\text{-}PM}$,figure3_pipeline4,hoa,,960,32,0.01,0.01,0.75,0.9,87.51552734375,87.0410774230957,87.96739196777344,0.7911645376671257,86.10954284667969,88.5940170288086,88.3060401916504,87.93336938858032,88.69014661788941,10,f1_c969761a9070d25c
main_add_10seed,gat,lastfm,1.0,3,$\mathsf{UPGNet\text{-}PM}$,figure3_pipeline4,hoa,,1139,64,0.01,0.01,0.75,0.7,88.12535247802734,87.71287153244019,88.5433380508423,0.7107819219026458,86.9565200805664,88.98927307128906,88.63918533325196,88.24392850875854,89.01764450073242,10,f1_f0a483383ea77f97
main_add_10seed,gat,lastfm,10.0,9,$\mathsf{UPGNet\text{-}PM}$,figure3_pipeline4,hoa,,1128,64,0.01,0.01,0.25,0.5,88.28345184326172,87.67348707199098,88.80872035980224,0.9415561645077176,86.84358978271484,89.61038208007812,88.76340942382812,88.39624328613282,89.11913990020753,10,f1_7bdb3f2dde6a9969
main_add_10seed,gat,lastfm,2.0,4,$\mathsf{UPGNet\text{-}PM}$,figure3_pipeline4,hoa,,1139,64,0.01,0.01,0.75,0.7,88.38509140014648,88.01213756561279,88.75776292800903,0.6718358622698357,87.35177612304688,89.38452911376953,88.78034896850586,88.36787031173706,89.22077714920043,10,f1_f7d1fb3173cd171b
main_add_10seed,gat,lastfm,3.0,5,$\mathsf{UPGNet\text{-}PM}$,figure3_pipeline4,hoa,,1134,64,0.01,0.01,0.5,0.7,88.40203018188477,87.89948881149293,88.81436845779419,0.7986283856101424,86.84358978271484,89.27159881591797,88.88763427734375,88.48094253540039,89.2772445678711,10,f1_2baf998e0cecbbbd
main_add_10seed,gat,lastfm,4.0,6,$\mathsf{UPGNet\text{-}PM}$,figure3_pipeline4,hoa,,1133,64,0.01,0.01,0.5,0.5,88.16487731933594,87.65090251922607,88.70708465576172,0.888897511998514,86.90005493164062,89.44098663330078,88.71258926391602,88.3342727470398,89.08525701522828,10,f1_339f07401d3f7c75
main_add_10seed,gat,lastfm,6.0,7,$\mathsf{UPGNet\text{-}PM}$,figure3_pipeline4,hoa,,959,32,0.01,0.01,0.75,0.7,88.36815032958984,87.92757951736449,88.80886308670044,0.7542801658752819,87.12591552734375,89.61038208007812,88.84246063232422,88.46414335250854,89.20948415756226,10,f1_b3eb42f85b792e04
main_add_10seed,gat,lastfm,8.0,8,$\mathsf{UPGNet\text{-}PM}$,figure3_pipeline4,hoa,,1129,64,0.01,0.01,0.25,0.7,88.40203170776367,88.02921838760375,88.80857856750488,0.6676799654003259,87.57764434814453,89.27159881591797,88.87069091796874,88.38508909225465,89.32820281982421,10,f1_a6408b395670a64c
main_add_10seed,gcn,citeseer,0.001,0,$\mathsf{LPGNN}$,figure3_pipeline1,kprop,,56,2,0.001,0.001,0.5,none,64.17067527770996,63.44952239990234,64.87980882644653,1.2775981098619813,62.139427185058594,65.98558044433594,64.92788658142089,64.00210431098938,66.10607173919678,10,f1_fca61ea91a3e085b
main_add_10seed,gcn,citeseer,0.01,1,$\mathsf{LPGNN}$,figure3_pipeline1,kprop,,88,4,0.001,0.0001,0.25,none,63.665867233276366,62.439604682922365,64.73557892799379,1.994412019669253,60.33654022216797,66.22596740722656,64.19471435546875,63.13672004699707,65.19291166305543,10,f1_3246a5a09d652890
main_add_10seed,gcn,citeseer,0.1,2,$\mathsf{LPGNN}$,figure3_pipeline1,kprop,,59,2,0.001,0.01,0.5,none,64.14663696289062,63.04086761474609,65.18029024124145,1.8246108818932412,61.17788696289063,66.70673370361328,65.25240631103516,64.1947135925293,66.5510831451416,10,f1_ab5f3cf028b0efae
main_add_10seed,gcn,citeseer,1.0,3,$\mathsf{LPGNN}$,figure3_pipeline1,kprop,,238,64,0.001,0.01,0.25,none,66.4423095703125,64.63942487716675,67.93329595565795,2.9899743853132943,58.77404022216797,69.23077392578125,66.77884826660156,64.92758569717408,68.53395753860474,10,f1_1d03e5b53a1e5871
main_add_10seed,gcn,citeseer,10.0,9,$\mathsf{LPGNN}$,figure3_pipeline1,kprop,,204,32,0.001,0.01,0.75,none,67.54807891845704,66.62259901046754,68.19741735458373,1.3982305203589098,63.82212066650391,69.11058044433594,69.37500305175782,68.65384826660156,70.08443820953369,10,f1_8c473d0f9f13b58e
main_add_10seed,gcn,citeseer,2.0,4,$\mathsf{LPGNN}$,figure3_pipeline1,kprop,,204,32,0.001,0.01,0.75,none,67.2956756591797,66.11779094696044,68.37800804138183,1.9226184624544995,64.42308044433594,70.43269348144531,68.73798294067383,67.7884620666504,69.78395755767822,10,f1_72af25c01e2f561b
main_add_10seed,gcn,citeseer,3.0,5,$\mathsf{LPGNN}$,figure3_pipeline1,kprop,,240,64,0.001,0.01,0.75,none,68.04086608886719,67.48768020629882,68.5697120666504,0.9055729818209368,66.34615325927734,69.47115325927734,69.00240554809571,67.94471282958985,70.10877660751343,10,f1_7fcd65e7bd1f2a89
main_add_10seed,gcn,citeseer,4.0,6,$\mathsf{LPGNN}$,figure3_pipeline1,kprop,,211,32,0.0001,0.001,0.25,none,67.19952163696288,66.3578744316101,67.93269577026368,1.3709301942980634,65.2644271850586,69.23077392578125,68.20913772583008,67.37981033325195,69.06250381469727,10,f1_c1e0e10af95ea967
main_add_10seed,gcn,citeseer,6.0,7,$\mathsf{LPGNN}$,figure3_pipeline1,kprop,,239,64,0.001,0.01,0.5,none,67.35577163696288,66.18930459976197,68.4263858604431,2.0500932689069904,62.74038696289063,69.59134674072266,68.54567642211914,67.54777769088744,69.62800806045531,10,f1_8c047d857d915ba6
main_add_10seed,gcn,citeseer,8.0,8,$\mathsf{LPGNN}$,figure3_pipeline1,kprop,,203,32,0.001,0.01,0.5,none,66.94711837768554,66.12950986862182,67.6923110961914,1.4028152809564594,64.66346740722656,68.75,67.9807731628418,66.3218186569214,69.39904251098633,10,f1_acada23d96f4d7b1
main_add_10seed,gcn,cora,0.001,0,$\mathsf{LPGNN}$,figure3_pipeline1,kprop,,53,2,0.001,0.0001,0.5,none,79.15804977416992,78.37481534957885,79.86742858886718,1.363512239320894,76.80945587158203,81.09305572509766,79.3943862915039,78.56646953582764,80.31129842758179,10,f1_04fc3cec3fcfe7dc
main_add_10seed,gcn,cora,0.01,1,$\mathsf{LPGNN}$,figure3_pipeline1,kprop,,53,2,0.001,0.0001,0.5,none,79.67503662109375,78.87740018844605,80.47304229736328,1.3666210390665774,77.10487365722656,81.53618621826172,79.42393035888672,78.6262939453125,80.35450592041016,10,f1_9a962b7d06e2c1b7
main_add_10seed,gcn,cora,0.1,2,$\mathsf{LPGNN}$,figure3_pipeline1,kprop,,38,2,0.01,0.0,0.5,none,78.6853759765625,77.25258407592773,79.8526580619812,2.175409630873492,74.44608306884766,80.94534301757812,78.67060470581055,77.11890712738037,79.98596500396728,10,f1_1615c095370576e2
main_add_10seed,gcn,cora,1.0,3,$\mathsf{LPGNN}$,figure3_pipeline1,kprop,,204,32,0.001,0.01,0.75,none,83.55982131958008,82.88035278320312,84.32791522979737,1.2398495612825982,81.97931671142578,86.26292419433594,84.19497680664062,83.38256910324097,85.0812401008606,10,f1_4f47e5dc63e1727d
main_add_10seed,gcn,cora,10.0,9,$\mathsf{LPGNN}$,figure3_pipeline1,kprop,,167,16,0.001,0.01,0.5,none,84.80058975219727,84.17983627319336,85.43574447631836,1.0797352623548984,83.16100311279297,86.55834197998047,84.65288009643555,83.91395797729491,85.37740020751954,10,f1_7b1a9b713d869a93
main_add_10seed,gcn,cora,2.0,4,$\mathsf{LPGNN}$,figure3_pipeline1,kprop,,168,16,0.001,0.01,0.75,none,84.88921585083008,84.15029373168944,85.59859617233276,1.2611749185004206,83.01329040527344,86.85376739501953,84.49039840698242,83.75184780120848,85.28840257644653,10,f1_e65e2149af86a0c9
main_add_10seed,gcn,cora,3.0,5,$\mathsf{LPGNN}$,figure3_pipeline1,kprop,,156,16,0.01,0.01,0.75,none,84.88921661376953,84.1802070426941,85.62776872634888,1.2476462899025953,83.16100311279297,86.41063690185547,84.97784194946288,84.34268646240234,85.62776718139648,10,f1_4b7138e2168beae4
main_add_10seed,gcn,cora,4.0,6,$\mathsf{LPGNN}$,figure3_pipeline1,kprop,,156,16,0.01,0.01,0.75,none,84.56425399780274,83.79616010665895,85.31757511138916,1.291937602821319,82.42245483398438,86.26292419433594,85.08124008178712,84.35745847702027,85.82016220092774,10,f1_cfd4c5a7d0fffd77
main_add_10seed,gcn,cora,6.0,7,$\mathsf{LPGNN}$,figure3_pipeline1,kprop,,168,16,0.001,0.01,0.75,none,84.80059127807617,84.40177307128906,85.28840560913086,0.7546257469512173,83.8995590209961,86.41063690185547,84.7415054321289,83.97304077148438,85.48042757034301,10,f1_ff5ded8bb1e8421e
main_add_10seed,gcn,cora,8.0,8,$\mathsf{LPGNN}$,figure3_pipeline1,kprop,,167,16,0.001,0.01,0.5,none,84.682421875,84.04689708709718,85.30280611038208,1.1357608576214302,83.01329040527344,86.7060546875,84.43131408691406,83.67798994064331,85.18463747024536,10,f1_a1ad71b96f8d9ed0
main_add_10seed,gcn,facebook,0.001,0,$\mathsf{LPGNN}$,figure3_pipeline1,kprop,,50,2,0.001,0.0,0.5,none,91.60199432373047,91.33143539428711,91.87615837097168,0.47390769783642445,90.90423583984376,92.32823181152344,91.97045288085937,91.77109298706054,92.22143173217773,10,f1_75ab941b5a976a7e
main_add_10seed,gcn,facebook,0.01,1,$\mathsf{LPGNN}$,figure3_pipeline1,kprop,,59,2,0.001,0.01,0.5,none,91.62869186401367,91.37401966094971,91.87615308761598,0.42030502254756974,90.81523895263672,92.3104248046875,91.9846923828125,91.76205904006957,92.26059114456176,10,f1_f9aa825301500c1e
main_add_10seed,gcn,facebook,0.1,2,$\mathsf{LPGNN}$,figure3_pipeline1,kprop,,50,2,0.001,0.0,0.5,none,91.65717544555665,91.38483732223511,91.95091882705688,0.4657586967718068,90.99324035644533,92.54183197021484,92.09327239990235,91.81910905838012,92.40655212402343,10,f1_a3fc71a0f89f205e
main_add_10seed,gcn,facebook,1.0,3,$\mathsf{LPGNN}$,figure3_pipeline1,kprop,,132,8,0.001,0.01,0.75,none,93.44962768554687,93.30001863479613,93.58134691238403,0.2442046879640486,93.04022979736328,93.77002716064452,93.85190505981446,93.61338577270507,94.11004892349243,10,f1_5d80f4df7d55b01a
main_add_10seed,gcn,facebook,10.0,9,$\mathsf{LPGNN}$,figure3_pipeline1,kprop,,95,4,0.001,0.01,0.5,none,93.67390594482421,93.50836561203003,93.84482982635498,0.29442803309703675,93.27162170410156,94.26842498779295,93.96226425170899,93.73086547851562,94.19909259796142,10,f1_14072aa467839be6
main_add_10seed,gcn,facebook,2.0,4,$\mathsf{LPGNN}$,figure3_pipeline1,kprop,,83,4,0.01,0.01,0.5,none,93.12744674682617,92.9405471420288,93.29481073379516,0.3131143695698666,92.45282745361328,93.36062622070312,93.71128540039062,93.51014781951903,93.92314708709718,10,f1_e2b7c43f96c0f962
main_add_10seed,gcn,facebook,3.0,5,$\mathsf{LPGNN}$,figure3_pipeline1,kprop,,131,8,0.001,0.01,0.5,none,93.56354598999023,93.41576131820679,93.71306610107422,0.2549535787246529,93.23603057861328,94.01922607421876,93.94624633789063,93.66500778198242,94.22392501831055,10,f1_8f30384b80873a66
main_add_10seed,gcn,facebook,4.0,6,$\mathsf{LPGNN}$,figure3_pipeline1,kprop,,131,8,0.001,0.01,0.5,none,93.47810592651368,93.31434707641601,93.65080972671508,0.2769267112318418,92.98683166503906,93.87682342529295,93.87326507568359,93.65606132507324,94.07974397659301,10,f1_a4bd44fefd994729
main_add_10seed,gcn,facebook,6.0,7,$\mathsf{LPGNN}$,figure3_pipeline1,kprop,,96,4,0.001,0.01,0.75,none,93.6774658203125,93.55099742889405,93.82880962371827,0.22915169482290193,93.36062622070312,94.07262420654295,93.98184432983399,93.73255640029907,94.24350212097168,10,f1_0d518ea6095b323b
main_add_10seed,gcn,facebook,8.0,8,$\mathsf{LPGNN}$,figure3_pipeline1,kprop,,96,4,0.001,0.01,0.75,none,93.68458480834961,93.48696180343629,93.8679697227478,0.33561802065777724,93.20042419433594,94.1794204711914,94.07440414428712,93.83940027236937,94.3220011138916,10,f1_d684cd5d2fcb0df1
main_add_10seed,gcn,lastfm,0.001,0,$\mathsf{LPGNN}$,figure3_pipeline1,kprop,,39,2,0.01,0.0,0.75,none,83.59118957519532,82.3654693031311,84.70355682373047,1.9625600750408112,80.29361724853516,85.770751953125,84.32523956298829,83.15076293945313,85.31916887283325,10,f1_10668f251b0c36ac
main_add_10seed,gcn,lastfm,0.01,1,$\mathsf{LPGNN}$,figure3_pipeline1,kprop,,42,2,0.01,0.0001,0.75,none,83.63636093139648,82.39977188110352,84.73842248916625,2.0199520522716012,79.95482635498047,86.3918685913086,84.33088302612305,83.30872186660767,85.22303314208985,10,f1_668b3aac71d54f64
main_add_10seed,gcn,lastfm,0.1,2,$\mathsf{LPGNN}$,figure3_pipeline1,kprop,,39,2,0.01,0.0,0.75,none,83.77752456665038,82.65937042236328,84.78853534698487,1.8213494224792175,80.51947784423828,86.05307006835938,84.19536743164062,83.29757156372071,84.96922454833984,10,f1_f717d95bc4de8360
main_add_10seed,gcn,lastfm,1.0,3,$\mathsf{LPGNN}$,figure3_pipeline1,kprop,,165,16,0.001,0.001,0.75,none,87.54375915527343,86.98475416183472,88.01242065429688,0.8719971749804253,85.82721710205078,88.5940170288086,88.20440139770508,87.85417478561402,88.56606294631958,10,f1_b7a51eab428b5060
main_add_10seed,gcn,lastfm,10.0,9,$\mathsf{LPGNN}$,figure3_pipeline1,kprop,,171,16,0.0001,0.0,0.75,none,87.95595626831054,87.45327301025391,88.47543792724609,0.8497155886827282,86.56126403808594,89.10220336914062,88.46414489746094,88.10827104568482,88.82552337646484,10,f1_8e7cc035e366f378
main_add_10seed,gcn,lastfm,2.0,4,$\mathsf{LPGNN}$,figure3_pipeline1,kprop,,168,16,0.001,0.01,0.75,none,88.03500671386719,87.52103042602539,88.49816362380982,0.8326166477297193,86.44832611083984,89.21512603759766,88.64483337402343,88.32298049926757,88.98941421508789,10,f1_7607dce367c782a4
main_add_10seed,gcn,lastfm,3.0,5,$\mathsf{LPGNN}$,figure3_pipeline1,kprop,,167,16,0.001,0.01,0.5,none,87.89384384155274,87.34019855499268,88.38509141921996,0.9144372221320854,86.44832611083984,88.93280792236328,88.46978912353515,88.16473541259765,88.79728851318359,10,f1_9d904a85bb43cee6
main_add_10seed,gcn,lastfm,4.0,6,$\mathsf{LPGNN}$,figure3_pipeline1,kprop,,168,16,0.001,0.01,0.75,none,87.97854385375976,87.52667850494386,88.39088212966918,0.7633626001530667,86.3918685913086,88.70694732666016,88.69565048217774,88.33991926193238,89.07975618362427,10,f1_b0aa6e15e9080775
main_add_10seed,gcn,lastfm,6.0,7,$\mathsf{LPGNN}$,figure3_pipeline1,kprop,,165,16,0.001,0.001,0.75,none,87.94466171264648,87.41953353881836,88.38537523269653,0.803075487278138,86.44832611083984,88.81986999511719,88.45849685668945,88.0801788330078,88.8708344078064,10,f1_a2df07e2394f65db
main_add_10seed,gcn,lastfm,8.0,8,$\mathsf{LPGNN}$,figure3_pipeline1,kprop,,144,8,0.0001,0.01,0.75,none,87.69056930541993,87.23305667877197,88.11984859466553,0.7819556117606259,86.44832611083984,88.76341247558594,88.10276489257812,87.70736545562745,88.52639688491821,10,f1_b9f1ea4e978d2156
main_add_10seed,gcn,citeseer,0.001,0,$\mathsf{PrivGE}$,figure3_pipeline2,kprop,,59,2,0.001,0.01,0.5,none,63.68990592956543,63.064305000305175,64.33894424438476,1.093462611673486,61.77885055541992,65.50480651855469,64.9038475036621,63.845854711532596,65.86538469314574,10,f1_d42210ee4c6b294b
main_add_10seed,gcn,citeseer,0.01,1,$\mathsf{PrivGE}$,figure3_pipeline2,kprop,,53,2,0.001,0.0001,0.5,none,63.62980995178223,63.1850978755951,64.09856036186218,0.7814051366905911,62.62019348144531,64.66346740722656,64.90384979248047,63.72596549987793,65.86538810729981,10,f1_6ff3967f36792e4b
main_add_10seed,gcn,citeseer,0.1,2,$\mathsf{PrivGE}$,figure3_pipeline2,kprop,,56,2,0.001,0.001,0.5,none,64.12259864807129,63.557393379211426,64.7235603427887,0.9834092413222194,62.5,65.86538696289062,65.07211799621582,64.08594003677368,66.07061502456665,10,f1_e37fcf0e52ae5288
main_add_10seed,gcn,citeseer,1.0,3,$\mathsf{PrivGE}$,figure3_pipeline2,kprop,,238,64,0.001,0.01,0.25,none,67.56009979248047,66.58624128341674,68.31761157989501,1.5048862485850174,64.18269348144531,68.87019348144531,67.71634826660156,66.51442564010621,68.97866958618165,10,f1_54e7961fdbdaa341
main_add_10seed,gcn,citeseer,10.0,9,$\mathsf{PrivGE}$,figure3_pipeline2,kprop,,203,32,0.001,0.01,0.5,none,67.3197135925293,66.16556636810303,68.16106035232544,1.7849455022163427,62.62019348144531,68.99038696289062,68.59375228881837,66.57391994476318,70.01202163696288,10,f1_493237947ef30fe0
main_add_10seed,gcn,citeseer,2.0,4,$\mathsf{PrivGE}$,figure3_pipeline2,kprop,,204,32,0.001,0.01,0.75,none,67.27163772583008,66.57422117233276,68.00511157989501,1.2179104410323933,65.50480651855469,69.35096740722656,68.79807968139649,67.93209253311157,69.57933044433594,10,f1_0046bdd9b2c02d43
main_add_10seed,gcn,citeseer,3.0,5,$\mathsf{PrivGE}$,figure3_pipeline2,kprop,,204,32,0.001,0.01,0.75,none,67.51202163696288,66.24970180511475,68.54597539901732,1.9529349563317056,62.74038696289063,69.47115325927734,68.52163696289062,67.19921964645386,69.79567642211914,10,f1_ea813b1b4059a38b
main_add_10seed,gcn,citeseer,4.0,6,$\mathsf{PrivGE}$,figure3_pipeline2,kprop,,195,32,0.001,0.0,0.75,none,67.31971435546875,66.4290898323059,68.22115633010864,1.6416012376556386,64.30288696289062,69.83173370361328,68.37740631103516,67.5360595703125,69.35126558303833,10,f1_126dde93ee46cf85
main_add_10seed,gcn,citeseer,6.0,7,$\mathsf{PrivGE}$,figure3_pipeline2,kprop,,202,32,0.001,0.01,0.25,none,66.83894500732421,65.34825908660889,68.1253042793274,2.3718836827885363,62.37980651855469,69.71154022216797,67.22355995178222,65.79297074317932,68.64182970046997,10,f1_f083ce7041ad705b
main_add_10seed,gcn,citeseer,8.0,8,$\mathsf{PrivGE}$,figure3_pipeline2,kprop,,201,32,0.001,0.001,0.75,none,67.0072135925293,66.26171960830689,67.82452239990235,1.3823582866563588,65.14423370361328,69.11058044433594,68.02884826660156,67.16316312789917,68.8825148010254,10,f1_5176a9b6632ae96e
main_add_10seed,gcn,cora,0.001,0,$\mathsf{PrivGE}$,figure3_pipeline2,kprop,,38,2,0.01,0.0,0.5,none,78.65583419799805,76.95568687438966,80.04468156814575,2.6306014199845635,73.70753479003906,81.38848114013672,78.40472412109375,77.13367460250855,79.6163200378418,10,f1_2ec11ef5246acf76
main_add_10seed,gcn,cora,0.01,1,$\mathsf{PrivGE}$,figure3_pipeline2,kprop,,74,4,0.01,0.0,0.5,none,78.9955680847168,78.1384780883789,79.86742933273315,1.541041040990097,76.36632537841797,81.53618621826172,78.31609954833985,77.01624753952026,79.4534713935852,10,f1_cfd94b1473c6d9de
main_add_10seed,gcn,cora,0.1,2,$\mathsf{PrivGE}$,figure3_pipeline2,kprop,,79,4,0.01,0.001,0.25,none,78.74446029663086,77.38515396118164,80.04431154251098,2.277116882201863,74.0029525756836,81.09305572509766,78.93648376464844,77.50369184494019,80.4579017829895,10,f1_869a7a1013e2a9d3
main_add_10seed,gcn,cora,1.0,3,$\mathsf{PrivGE}$,figure3_pipeline2,kprop,,156,16,0.01,0.01,0.75,none,84.3722297668457,83.66284944534301,85.06646883010863,1.249102736694313,82.57015991210938,86.85376739501953,84.87444610595703,84.0912109375,85.79025039672851,10,f1_a79f6ffb9dc2cae3
main_add_10seed,gcn,cora,10.0,9,$\mathsf{PrivGE}$,figure3_pipeline2,kprop,,203,32,0.001,0.01,0.5,none,83.73707580566406,82.96860893249512,84.40214382171631,1.254235629783393,81.38848114013672,84.93353271484375,84.40177154541016,83.67761919021606,85.21454851150513,10,f1_086db22fbf429f3e
main_add_10seed,gcn,cora,2.0,4,$\mathsf{PrivGE}$,figure3_pipeline2,kprop,,155,16,0.01,0.01,0.5,none,84.59379577636719,84.12112195968628,85.08124084472657,0.8415036437773976,83.16100311279297,85.81979370117188,84.93352966308593,84.25406263351441,85.6868522644043,10,f1_d3e3f9e7349817cf
main_add_10seed,gcn,cora,3.0,5,$\mathsf{PrivGE}$,figure3_pipeline2,kprop,,156,16,0.01,0.01,0.75,none,84.62333679199219,83.9139564704895,85.40620193481445,1.24842219642982,82.7178726196289,87.00147247314453,85.00738525390625,84.34268798828126,85.79062042236329,10,f1_55d4e4fef5d5d9c5
main_add_10seed,gcn,cora,4.0,6,$\mathsf{PrivGE}$,figure3_pipeline2,kprop,,204,32,0.001,0.01,0.75,none,83.6336769104004,83.04283447265625,84.31351545333862,1.1093049473189756,81.83161163330078,85.67208099365234,84.3870002746582,83.6632194519043,85.0967498779297,10,f1_15514f0caadb82f4
main_add_10seed,gcn,cora,6.0,7,$\mathsf{PrivGE}$,figure3_pipeline2,kprop,,156,16,0.01,0.01,0.75,none,84.47562561035156,83.60413360595703,85.27326051712036,1.4038097285150928,82.57015991210938,87.00147247314453,85.05169677734375,84.25406034469604,85.93796005249024,10,f1_c922575777d5b7b3
main_add_10seed,gcn,cora,8.0,8,$\mathsf{PrivGE}$,figure3_pipeline2,kprop,,156,16,0.01,0.01,0.75,none,84.59379501342774,83.91432723999023,85.19977645874023,1.109849575001692,82.86558532714844,85.96749877929688,84.53471221923829,83.76661834716796,85.244091796875,10,f1_65d76d778f416052
main_add_10seed,gcn,facebook,0.001,0,$\mathsf{PrivGE}$,figure3_pipeline2,kprop,,53,2,0.001,0.0001,0.5,none,91.6553939819336,91.34919105529785,91.94731216430664,0.4951217792151974,90.9754409790039,92.20362854003906,92.0736915588379,91.8244029045105,92.3353500366211,10,f1_d1ef4f0515c1eb5a
main_add_10seed,gcn,facebook,0.01,1,$\mathsf{PrivGE}$,figure3_pipeline2,kprop,,59,2,0.001,0.01,0.5,none,91.69989395141602,91.42039159774781,91.93667629241943,0.43195400301296477,91.04663848876952,92.20362854003906,92.06657028198242,91.82969669342042,92.36396257400513,10,f1_5cb8fe59fd6c2741
main_add_10seed,gcn,facebook,0.1,2,$\mathsf{PrivGE}$,figure3_pipeline2,kprop,,50,2,0.001,0.0,0.5,none,91.7123519897461,91.45767824172974,91.95799102783204,0.4284496594546257,91.0110321044922,92.3104248046875,92.05589218139649,91.80482431411743,92.32827627182007,10,f1_4b84328e69fed8a3
main_add_10seed,gcn,facebook,1.0,3,$\mathsf{PrivGE}$,figure3_pipeline2,kprop,,131,8,0.001,0.01,0.5,none,93.53862686157227,93.27683568954468,93.79681369781494,0.4358442903868074,92.82662963867188,94.23281860351562,93.93734512329101,93.70234043121337,94.21146471023559,10,f1_49ead630a5161749
main_add_10seed,gcn,facebook,10.0,9,$\mathsf{PrivGE}$,figure3_pipeline2,kprop,,96,4,0.001,0.01,0.75,none,93.66144409179688,93.527899684906,93.79494325637818,0.23139252311011646,93.27162170410156,94.10822296142578,93.98718643188477,93.77354104995727,94.19371133804322,10,f1_96c829858ff4c75c
main_add_10seed,gcn,facebook,2.0,4,$\mathsf{PrivGE}$,figure3_pipeline2,kprop,,132,8,0.001,0.01,0.75,none,93.5208251953125,93.39978485107422,93.64017459869385,0.2074121730514113,93.1114273071289,93.84122467041016,93.96760406494141,93.6934400177002,94.27745668411255,10,f1_62087af52aff3954
main_add_10seed,gcn,facebook,3.0,5,$\mathsf{PrivGE}$,figure3_pipeline2,kprop,,132,8,0.001,0.01,0.75,none,93.59558563232422,93.48340204238892,93.71667119979858,0.208225307645712,93.23603057861328,93.93022918701172,93.95870437622071,93.65784049987793,94.27029312133789,10,f1_e51c72fd1311e007
main_add_10seed,gcn,facebook,4.0,6,$\mathsf{PrivGE}$,figure3_pipeline2,kprop,,132,8,0.001,0.01,0.75,none,93.53150634765625,93.37126136779786,93.68814546585082,0.2803391530477904,92.93342590332033,93.91242218017578,93.96582489013672,93.67550720214844,94.28444366455078,10,f1_23c4d8da5024df4c
main_add_10seed,gcn,facebook,6.0,7,$\mathsf{PrivGE}$,figure3_pipeline2,kprop,,132,8,0.001,0.01,0.75,none,93.57422637939453,93.43182674407959,93.70243169784547,0.224056905029599,93.16482543945312,93.84122467041016,93.9320053100586,93.67564138412476,94.20621465682984,10,f1_97cfad4c45fb3e50
main_add_10seed,gcn,facebook,8.0,8,$\mathsf{PrivGE}$,figure3_pipeline2,kprop,,131,8,0.001,0.01,0.5,none,93.61872711181641,93.46204277038574,93.76646505355835,0.26082998546078434,93.0936279296875,94.01922607421876,93.94802398681641,93.65966566085815,94.26130142211915,10,f1_44f5bc32bcbc8f79
main_add_10seed,gcn,lastfm,0.001,0,$\mathsf{PrivGE}$,figure3_pipeline2,kprop,,50,2,0.001,0.0,0.5,none,83.82269744873047,82.13424449920653,85.07058029174804,2.7367705851078625,76.7363052368164,86.22247314453125,84.34782409667969,82.969222946167,85.3812805557251,10,f1_2527d7b6f14031ff
main_add_10seed,gcn,lastfm,0.01,1,$\mathsf{PrivGE}$,figure3_pipeline2,kprop,,53,2,0.001,0.0001,0.5,none,83.76623153686523,82.1343864440918,84.9352035522461,2.4483096815513177,77.4703598022461,86.10954284667969,84.39299621582032,83.26905662536622,85.2569153213501,10,f1_dd1e9c209bc982ea
main_add_10seed,gcn,lastfm,0.1,2,$\mathsf{PrivGE}$,figure3_pipeline2,kprop,,53,2,0.001,0.0001,0.5,none,83.91868896484375,82.66473690032959,84.88989030838012,2.045050695986875,78.88198852539062,86.50479888916016,84.49463424682617,83.61363447189332,85.18351135253906,10,f1_569479473c0a1133
main_add_10seed,gcn,lastfm,1.0,3,$\mathsf{PrivGE}$,figure3_pipeline2,kprop,,166,16,0.001,0.01,0.25,none,87.23884582519531,86.54404144287109,87.82636795043945,1.105526858233308,85.1496353149414,88.4810791015625,88.10276718139649,87.56069944381714,88.69014890670776,10,f1_45d4675f13fc82b2
main_add_10seed,gcn,lastfm,10.0,9,$\mathsf{PrivGE}$,figure3_pipeline2,kprop,,168,16,0.001,0.01,0.75,none,88.13099670410156,87.61702116012573,88.66755828857421,0.9053245753334183,86.61772918701172,89.27159881591797,88.7295295715332,88.41318281173706,89.05702669143676,10,f1_f300fb2ef2de4a43
main_add_10seed,gcn,lastfm,2.0,4,$\mathsf{PrivGE}$,figure3_pipeline2,kprop,,165,16,0.001,0.001,0.75,none,87.72444610595703,87.20482557296754,88.22698593139648,0.8988034678107444,86.3918685913086,89.21512603759766,88.4076759338379,87.97839963912965,88.82015535354614,10,f1_cd0fb314beec24e6
main_add_10seed,gcn,lastfm,3.0,5,$\mathsf{PrivGE}$,figure3_pipeline2,kprop,,165,16,0.001,0.001,0.75,none,87.9390151977539,87.407958984375,88.41911087036132,0.8691490375648032,86.27893829345703,88.87633514404297,88.56013488769531,88.11391677856446,88.96103822708129,10,f1_f2f3811c9346715d
main_add_10seed,gcn,lastfm,4.0,6,$\mathsf{PrivGE}$,figure3_pipeline2,kprop,,165,16,0.001,0.001,0.75,none,88.01242065429688,87.58878782272339,88.39073867797852,0.7127729807181632,86.44832611083984,88.87633514404297,88.5206085205078,88.13085632324218,88.90471420288085,10,f1_883fadec6fed7bf7
main_add_10seed,gcn,lastfm,6.0,7,$\mathsf{PrivGE}$,figure3_pipeline2,kprop,,168,16,0.001,0.01,0.75,none,88.09147262573242,87.65104291915894,88.515104637146,0.7530828838825402,86.84358978271484,89.10220336914062,88.71823577880859,88.31154331207276,89.1079887199402,10,f1_f1064b03707f03ba
main_add_10seed,gcn,lastfm,8.0,8,$\mathsf{PrivGE}$,figure3_pipeline2,kprop,,168,16,0.001,0.01,0.75,none,88.00112838745117,87.58328399658203,88.36815340042114,0.6575516834947304,86.9565200805664,88.76341247558594,88.7295310974121,88.3962433242798,89.10799028396606,10,f1_9ce20e4378007762
main_add_10seed,gcn,citeseer,0.001,0,$\mathsf{UPGNet\text{-}MBM}$,figure3_pipeline3,hoa,,455,4,0.001,0.001,0.25,0.9,63.52163581848144,62.9086555480957,64.18299394607544,1.1077552946569675,61.77885055541992,64.90384674072266,64.7355785369873,63.97806637763977,65.57692413330078,10,f1_f63889f9aa4e9e81
main_add_10seed,gcn,citeseer,0.01,1,$\mathsf{UPGNet\text{-}MBM}$,figure3_pipeline3,hoa,,470,4,0.001,0.01,0.25,0.9,64.00240631103516,63.26893172264099,64.69982213973998,1.245537097991068,61.5384635925293,65.2644271850586,65.06009864807129,64.29086796760559,65.82932968139649,10,f1_fd6ff0fda6a7657a
main_add_10seed,gcn,citeseer,0.1,2,$\mathsf{UPGNet\text{-}MBM}$,figure3_pipeline3,hoa,,1190,64,0.001,0.01,0.25,0.9,66.6826946258545,65.49248976707459,67.8128027534485,2.019803330862519,63.34135055541992,69.23077392578125,67.19952239990235,65.67277923583984,68.67788698196411,10,f1_a17cea06e2b14b9c
main_add_10seed,gcn,citeseer,1.0,3,$\mathsf{UPGNet\text{-}MBM}$,figure3_pipeline3,hoa,,1130,64,0.01,0.01,0.25,0.9,68.29327239990235,67.69200912475586,69.0144271850586,1.1114456985320287,66.8269271850586,70.0721206665039,69.65144577026368,68.71394651412965,70.63762260437011,10,f1_1b093a73e171c790
main_add_10seed,gcn,citeseer,10.0,9,$\mathsf{UPGNet\text{-}MBM}$,figure3_pipeline3,hoa,,1130,64,0.01,0.01,0.25,0.9,68.91827087402343,68.06490478515624,69.84375078201293,1.476622488693476,67.06730651855469,71.99519348144531,69.65144500732421,68.83413772583008,70.42097612380982,10,f1_9efeeb0c78ce39ea
main_add_10seed,gcn,citeseer,2.0,4,$\mathsf{UPGNet\text{-}MBM}$,figure3_pipeline3,hoa,,1135,64,0.01,0.01,0.5,0.9,68.50961685180664,67.7761429977417,69.29086610794067,1.3384055566290063,67.06730651855469,71.03365325927734,69.60336837768554,68.70102348327636,70.56490785598754,10,f1_d224d69ffc1cf98d
main_add_10seed,gcn,citeseer,3.0,5,$\mathsf{UPGNet\text{-}MBM}$,figure3_pipeline3,hoa,,1134,64,0.01,0.01,0.5,0.7,68.10096435546875,67.09104705810546,69.12289949417115,1.7354736360628917,65.2644271850586,70.67308044433594,69.3509651184082,68.28125379562378,70.44501556396484,10,f1_67301d4098650e1a
main_add_10seed,gcn,citeseer,4.0,6,$\mathsf{UPGNet\text{-}MBM}$,figure3_pipeline3,hoa,,1134,64,0.01,0.01,0.5,0.7,68.31731033325195,67.43960582733155,69.14663774490356,1.5099432098859944,66.22596740722656,71.03365325927734,69.53125228881837,68.68960586547851,70.40895603179932,10,f1_e49e792d5a8b4b76
main_add_10seed,gcn,citeseer,6.0,7,$\mathsf{UPGNet\text{-}MBM}$,figure3_pipeline3,hoa,,1134,64,0.01,0.01,0.5,0.7,68.32933044433594,67.90865781784058,68.75000383377075,0.7261448056301217,66.9471206665039,69.23077392578125,69.51923294067383,68.70192487716675,70.28846437454223,10,f1_8a3f3f2aab729134
main_add_10seed,gcn,citeseer,8.0,8,$\mathsf{UPGNet\text{-}MBM}$,figure3_pipeline3,hoa,,955,32,0.01,0.01,0.5,0.9,68.5456771850586,67.96875381469727,69.1706771850586,1.0570399029216757,66.70673370361328,70.79327392578125,69.42307968139649,68.6778877067566,70.1322151184082,10,f1_4b983314697d659c
main_add_10seed,gcn,cora,0.001,0,$\mathsf{UPGNet\text{-}MBM}$,figure3_pipeline3,hoa,,190,2,0.01,0.0,0.5,0.9,78.0502212524414,77.14918746948243,79.09933547973633,1.6858849391067359,76.0708999633789,80.50221252441406,78.12407684326172,76.77954177856445,79.29098968505859,10,f1_9e75dc3e5119608f
main_add_10seed,gcn,cora,0.01,1,$\mathsf{UPGNet\text{-}MBM}$,figure3_pipeline3,hoa,,187,2,0.01,0.0,0.5,0.3,78.55243606567383,77.38552320480348,79.52769470214844,1.8128242505744967,75.77548217773438,80.94534301757812,78.64106369018555,77.41506801605225,79.79357305526734,10,f1_852b4bf7851ccfc7
main_add_10seed,gcn,cora,0.1,2,$\mathsf{UPGNet\text{-}MBM}$,figure3_pipeline3,hoa,,1130,64,0.01,0.01,0.25,0.9,84.32791519165039,83.38256759643555,85.24446029663086,1.5900523880042956,81.97931671142578,86.85376739501953,84.60856628417969,83.85524291992188,85.30280458450316,10,f1_243d75d8c3c77fd7
main_add_10seed,gcn,cora,1.0,3,$\mathsf{UPGNet\text{-}MBM}$,figure3_pipeline3,hoa,,1139,64,0.01,0.01,0.75,0.7,85.06646881103515,84.46085660934449,85.6868522644043,1.0220640180451028,83.3087158203125,86.7060546875,85.30280532836915,84.72673490524292,85.87887649536133,10,f1_b23f8a97da2c25f2
main_add_10seed,gcn,cora,10.0,9,$\mathsf{UPGNet\text{-}MBM}$,figure3_pipeline3,hoa,,1133,64,0.01,0.01,0.5,0.5,85.08124160766602,84.22415159225464,85.96750411987304,1.409928095623954,82.86558532714844,87.44461059570312,85.19940643310547,84.57902221679687,85.82015993118286,10,f1_a234bdb5ba82e933
main_add_10seed,gcn,cora,2.0,4,$\mathsf{UPGNet\text{-}MBM}$,figure3_pipeline3,hoa,,1200,64,0.001,0.01,0.75,0.9,85.0369255065918,84.4313117980957,85.58345415115356,1.0305684933231278,83.01329040527344,86.26292419433594,84.6971923828125,83.79578859329223,85.55391235351563,10,f1_67d8172613c01bf1
main_add_10seed,gcn,cora,3.0,5,$\mathsf{UPGNet\text{-}MBM}$,figure3_pipeline3,hoa,,1134,64,0.01,0.01,0.5,0.7,85.09600982666015,84.51993864059449,85.61299667358398,0.9010484477447313,83.4564208984375,86.26292419433594,85.16986541748047,84.51994092941284,85.81979066848754,10,f1_9accf99937b7d9ed
main_add_10seed,gcn,cora,4.0,6,$\mathsf{UPGNet\text{-}MBM}$,figure3_pipeline3,hoa,,1140,64,0.01,0.01,0.75,0.9,85.25849227905273,84.68205263137817,85.80501939773559,0.9491338586728,83.8995590209961,86.7060546875,85.11078186035157,84.32791595458984,85.92355882644654,10,f1_3207443ece0bea62
main_add_10seed,gcn,cora,6.0,7,$\mathsf{UPGNet\text{-}MBM}$,figure3_pipeline3,hoa,,1134,64,0.01,0.01,0.5,0.7,85.16986618041992,84.49039764404297,85.92319030761719,1.1882312936932389,83.4564208984375,87.2968978881836,85.24372024536133,84.5638832092285,85.98264310836792,10,f1_6b452e07bd34ef32
main_add_10seed,gcn,cora,8.0,8,$\mathsf{UPGNet\text{-}MBM}$,figure3_pipeline3,hoa,,1139,64,0.01,0.01,0.75,0.7,85.0073844909668,84.28360441207886,85.71639482498169,1.2264808533903964,82.7178726196289,86.7060546875,85.24372253417968,84.53471374511719,86.04135746002198,10,f1_66ee27833cf65ddb
main_add_10seed,gcn,facebook,0.001,0,$\mathsf{UPGNet\text{-}MBM}$,figure3_pipeline3,hoa,,204,2,0.01,0.0001,0.5,0.7,90.9042366027832,90.64969938278199,91.18195899963379,0.44850285134648527,90.42363739013672,91.6518325805664,90.99145736694337,90.65321329116821,91.41340457916259,10,f1_5527ec771abbbc6e
main_add_10seed,gcn,facebook,0.01,1,$\mathsf{UPGNet\text{-}MBM}$,figure3_pipeline3,hoa,,830,16,0.001,0.01,0.25,0.9,91.43289337158203,91.13919525146484,91.72303314208985,0.49200377795055794,90.69063568115234,92.18582916259766,91.84229202270508,91.5271886253357,92.16451444625855,10,f1_1aff8c436c996786
main_add_10seed,gcn,facebook,0.1,2,$\mathsf{UPGNet\text{-}MBM}$,figure3_pipeline3,hoa,,1200,64,0.001,0.01,0.75,0.9,93.79316482543945,93.6222854232788,93.96760406494141,0.3004455290233009,93.27162170410156,94.25062561035156,94.14738388061524,93.93022535324097,94.40726165771484,10,f1_8df6d0b7d4f85659
main_add_10seed,gcn,facebook,1.0,3,$\mathsf{UPGNet\text{-}MBM}$,figure3_pipeline3,hoa,,1193,64,0.001,0.01,0.5,0.5,93.8341064453125,93.6845886039734,93.99430543899535,0.2587903964410167,93.44963073730467,94.26842498779295,94.15984344482422,93.90886610031129,94.40370407104493,10,f1_93a0cb3835424d75
main_add_10seed,gcn,facebook,10.0,9,$\mathsf{UPGNet\text{-}MBM}$,figure3_pipeline3,hoa,,760,16,0.01,0.001,0.5,0.9,93.91420440673828,93.69878059387207,94.13140962600708,0.38291160334717067,93.25382995605467,94.5888214111328,94.06728286743164,93.79476455688476,94.34865495681763,10,f1_0f717b2fe25f283d
main_add_10seed,gcn,facebook,2.0,4,$\mathsf{UPGNet\text{-}MBM}$,figure3_pipeline3,hoa,,1018,32,0.001,0.01,0.75,0.5,93.83588485717773,93.63826190948485,94.03172937393188,0.3406416544530598,93.20042419433594,94.30402374267578,94.22748336791992,93.95158462524414,94.49110054016113,10,f1_065129cb0fd8bab7
main_add_10seed,gcn,facebook,3.0,5,$\mathsf{UPGNet\text{-}MBM}$,figure3_pipeline3,hoa,,1016,32,0.001,0.01,0.75,0.1,93.85190505981446,93.70594482421875,93.98184432983399,0.24624269883474928,93.37842559814452,94.1794204711914,94.19900360107422,93.95501176834107,94.46244127273559,10,f1_1e7a1c10a6323fd5
main_add_10seed,gcn,facebook,4.0,6,$\mathsf{UPGNet\text{-}MBM}$,figure3_pipeline3,hoa,,1016,32,0.001,0.01,0.75,0.1,93.83054428100586,93.69166009902953,93.98193256378173,0.2552277999810641,93.44963073730467,94.21502685546876,94.24528427124024,93.98718490600587,94.50872270584107,10,f1_e8a3d0dd7b55d014
main_add_10seed,gcn,facebook,6.0,7,$\mathsf{UPGNet\text{-}MBM}$,figure3_pipeline3,hoa,,930,32,0.01,0.0001,0.75,0.9,93.66500549316406,93.44962615966797,93.87687019348145,0.36848266971238813,92.98683166503906,94.26842498779295,94.03524475097656,93.74510572433472,94.30762882232665,10,f1_255881f169faefb0
main_add_10seed,gcn,facebook,8.0,8,$\mathsf{UPGNet\text{-}MBM}$,figure3_pipeline3,hoa,,925,32,0.01,0.0001,0.5,0.9,93.75934524536133,93.55099668502808,93.96230875015259,0.3586783042280432,93.1114273071289,94.357421875,94.04592514038086,93.73967765808105,94.33962253570557,10,f1_f3ae6114dcb1f4b8
main_add_10seed,gcn,lastfm,0.001,0,$\mathsf{UPGNet\text{-}MBM}$,figure3_pipeline3,hoa,,220,2,0.01,0.001,0.5,0.9,82.62563400268554,81.84641187667847,83.45581663131715,1.3728423969846164,81.0841293334961,84.81084442138672,83.48955307006835,82.75536495208739,84.39327779769897,10,f1_f5e88e65bb8c0d1c
main_add_10seed,gcn,lastfm,0.01,1,$\mathsf{UPGNet\text{-}MBM}$,figure3_pipeline3,hoa,,235,2,0.01,0.01,0.5,0.9,82.69903564453125,82.13438409805298,83.31450733184815,1.0368048100185154,81.70524597167969,84.64144134521484,83.63071670532227,82.95313413619995,84.39920965194702,10,f1_3a1a40d298379202
main_add_10seed,gcn,lastfm,0.1,2,$\mathsf{UPGNet\text{-}MBM}$,figure3_pipeline3,hoa,,1155,64,0.001,0.0,0.75,0.9,86.54996948242187,85.70256567001343,87.36320951461792,1.419215617862057,83.8509292602539,88.4810791015625,87.2783706665039,86.60064617156982,87.84302291870117,10,f1_04ab0a81f0f9ab40
main_add_10seed,gcn,lastfm,1.0,3,$\mathsf{UPGNet\text{-}MBM}$,figure3_pipeline3,hoa,,1200,64,0.001,0.01,0.75,0.9,88.44155578613281,88.0293586730957,88.82594230651856,0.6585202934322678,87.46470642089844,89.38452911376953,88.95539169311523,88.61095426559449,89.2888176727295,10,f1_6b679f1cebaa8901
main_add_10seed,gcn,lastfm,10.0,9,$\mathsf{UPGNet\text{-}MBM}$,figure3_pipeline3,hoa,,775,16,0.01,0.01,0.5,0.9,88.46978988647462,87.99548183441162,88.91036069869996,0.7750370864068638,87.2953109741211,89.66685485839844,88.96668395996093,88.62789375305177,89.33370746612549,10,f1_63336410bf6ed3c7
main_add_10seed,gcn,lastfm,2.0,4,$\mathsf{UPGNet\text{-}MBM}$,figure3_pipeline3,hoa,,950,32,0.01,0.01,0.25,0.9,88.58271789550781,88.13099670410156,89.0742477607727,0.8310603550738114,87.40824127197266,89.61038208007812,88.8876335144043,88.526114692688,89.22106168746949,10,f1_6906ee74a5a7f879
main_add_10seed,gcn,lastfm,3.0,5,$\mathsf{UPGNet\text{-}MBM}$,figure3_pipeline3,hoa,,1140,64,0.01,0.01,0.75,0.9,88.4359115600586,87.96710737228393,88.90457384109497,0.7745803496132267,87.12591552734375,89.38452911376953,88.98926849365235,88.7012954711914,89.34500122070312,10,f1_4b330632fbab07a0
main_add_10seed,gcn,lastfm,4.0,6,$\mathsf{UPGNet\text{-}MBM}$,figure3_pipeline3,hoa,,1135,64,0.01,0.01,0.5,0.9,88.59401245117188,88.13085556030273,89.11363227844238,0.8353967533195525,87.2953109741211,89.66685485839844,89.03444137573243,88.68986051559449,89.36758804321289,10,f1_6d3673bbd6cb85ac
main_add_10seed,gcn,lastfm,6.0,7,$\mathsf{UPGNet\text{-}MBM}$,figure3_pipeline3,hoa,,945,32,0.01,0.001,0.75,0.9,88.44155731201172,87.92193534851074,88.92715686798097,0.8104494699936216,87.23884582519531,89.27159881591797,88.85940017700196,88.49802093505859,89.24350664138794,10,f1_3e535f6adb756a06
main_add_10seed,gcn,lastfm,8.0,8,$\mathsf{UPGNet\text{-}MBM}$,figure3_pipeline3,hoa,,780,16,0.01,0.01,0.75,0.9,88.537548828125,87.95016784667969,89.07961654663086,0.9350469494385937,86.84358978271484,89.66685485839844,88.98362579345704,88.59966352462769,89.33963928222656,10,f1_3115900078ae501a
main_add_10seed,gcn,citeseer,0.001,0,$\mathsf{UPGNet\text{-}PM}$,figure3_pipeline4,hoa,,261,2,0.001,0.0001,0.5,0.1,63.61779098510742,62.99248975753784,64.29147006988526,1.1304187291228343,61.89904022216797,65.14423370361328,64.21875305175782,63.269233312606815,65.18029063224793,10,f1_e5978f220cf58cd3
main_add_10seed,gcn,citeseer,0.01,1,$\mathsf{UPGNet\text{-}PM}$,figure3_pipeline4,hoa,,261,2,0.001,0.0001,0.5,0.1,63.35336761474609,62.87229742050171,63.79838015556336,0.8199942609175267,62.01923370361328,64.42308044433594,64.47115592956543,63.72596433639526,65.28846286773683,10,f1_cc3e8d8ea8f9d4a7
main_add_10seed,gcn,citeseer,0.1,2,$\mathsf{UPGNet\text{-}PM}$,figure3_pipeline4,hoa,,451,4,0.001,0.001,0.25,0.1,63.810099029541014,63.232875204086305,64.41105996131897,0.9804660158379241,62.25962066650391,65.14423370361328,64.43509826660156,63.12500226020813,65.66106147766114,10,f1_afbaad48aad1440f
main_add_10seed,gcn,citeseer,1.0,3,$\mathsf{UPGNet\text{-}PM}$,figure3_pipeline4,hoa,,1187,64,0.001,0.01,0.25,0.3,67.30769500732421,66.39393398284912,68.19741735458373,1.6499393644135836,64.54327392578125,69.11058044433594,67.7163475036621,66.70673292160035,68.96664798736572,10,f1_631e76b89b8166a7
main_add_10seed,gcn,citeseer,10.0,9,$\mathsf{UPGNet\text{-}PM}$,figure3_pipeline4,hoa,,953,32,0.01,0.01,0.5,0.5,67.90865707397461,66.98317640304566,68.95463167190552,1.74819243830071,65.50480651855469,71.6346206665039,69.27884979248047,68.61749050140381,69.82001630783081,10,f1_20a0ef4fceb925dd
main_add_10seed,gcn,citeseer,2.0,4,$\mathsf{UPGNet\text{-}PM}$,figure3_pipeline4,hoa,,946,32,0.01,0.01,0.25,0.1,67.64423370361328,66.92308040618896,68.4498243713379,1.2666855874643104,65.86538696289062,70.0721206665039,67.96875228881837,66.94681716918944,68.9546301651001,10,f1_c51be1ad78e4d095
main_add_10seed,gcn,citeseer,3.0,5,$\mathsf{UPGNet\text{-}PM}$,figure3_pipeline4,hoa,,1128,64,0.01,0.01,0.25,0.5,67.72836761474609,67.24729703903198,68.31761156082153,0.8836837914800708,66.34615325927734,69.47115325927734,69.21875228881837,68.19711761474609,70.28846284866333,10,f1_2a606af65b357ce8
main_add_10seed,gcn,citeseer,4.0,6,$\mathsf{UPGNet\text{-}PM}$,figure3_pipeline4,hoa,,1129,64,0.01,0.01,0.25,0.7,68.35336837768554,67.71634901046754,69.0027075767517,1.1232964195306854,66.70673370361328,70.0721206665039,69.50721282958985,68.60486791610718,70.4089560508728,10,f1_4b954a5b37634d65
main_add_10seed,gcn,citeseer,6.0,7,$\mathsf{UPGNet\text{-}PM}$,figure3_pipeline4,hoa,,1129,64,0.01,0.01,0.25,0.7,67.884619140625,67.25961837768554,68.62981187820434,1.1042011359691652,66.70673370361328,70.0721206665039,69.33894424438476,68.30529172897339,70.2884620666504,10,f1_2ebc30d5d7003ecf
main_add_10seed,gcn,citeseer,8.0,8,$\mathsf{UPGNet\text{-}PM}$,figure3_pipeline4,hoa,,959,32,0.01,0.01,0.75,0.7,68.50961761474609,67.42758571624756,69.67548370361328,1.943006020183259,65.02404022216797,71.5144271850586,69.47115707397461,68.78575983047486,70.22836839675902,10,f1_026baaf7c8431981
main_add_10seed,gcn,cora,0.001,0,$\mathsf{UPGNet\text{-}PM}$,figure3_pipeline4,hoa,,199,2,0.01,0.0001,0.25,0.7,78.37518463134765,77.41395795822143,79.33567272186279,1.6627179580596734,76.0708999633789,80.94534301757812,78.9955680847168,77.56240690231323,80.36964567184448,10,f1_4d206440a1cfb0c8
main_add_10seed,gcn,cora,0.01,1,$\mathsf{UPGNet\text{-}PM}$,figure3_pipeline4,hoa,,1135,64,0.01,0.01,0.5,0.9,81.0930564880371,80.31019134521485,81.90583419799805,1.3978401198454935,78.58197784423828,83.01329040527344,81.63958587646485,80.94497905731201,82.28988115310669,10,f1_234ff1f9e4fb39ab
main_add_10seed,gcn,cora,0.1,2,$\mathsf{UPGNet\text{-}PM}$,figure3_pipeline4,hoa,,1199,64,0.001,0.01,0.75,0.7,83.50073852539063,82.64401779174804,84.37222978591919,1.4151624717500593,81.24076843261719,86.1152114868164,83.27917251586913,81.96344142913819,84.37260053634644,10,f1_701634e763e8b1ef
main_add_10seed,gcn,cora,1.0,3,$\mathsf{UPGNet\text{-}PM}$,figure3_pipeline4,hoa,,1123,64,0.01,0.001,0.75,0.5,84.13589324951172,83.0871482849121,84.88921739578247,1.5789599405379184,80.20679473876953,85.52436828613281,84.59379501342774,83.44165344238282,85.58345569610596,10,f1_0feb9e5067ac7d8c
main_add_10seed,gcn,cora,10.0,9,$\mathsf{UPGNet\text{-}PM}$,figure3_pipeline4,hoa,,1133,64,0.01,0.01,0.5,0.5,84.94829940795898,84.19423751831054,85.64253770828246,1.2923134904958473,82.27474212646484,86.55834197998047,85.43574371337891,84.90361707687379,86.04172592163086,10,f1_2262f7b8a7830235
main_add_10seed,gcn,cora,2.0,4,$\mathsf{UPGNet\text{-}PM}$,figure3_pipeline4,hoa,,1139,64,0.01,0.01,0.75,0.7,85.03692626953125,84.65251005172729,85.39180143356323,0.6496647105985542,84.0472640991211,86.1152114868164,85.19940719604492,84.41617202758789,85.93833003997803,10,f1_54b5c2612737f3fb
main_add_10seed,gcn,cora,3.0,5,$\mathsf{UPGNet\text{-}PM}$,figure3_pipeline4,hoa,,1138,64,0.01,0.01,0.75,0.5,85.33234558105468,84.6824203300476,85.92318725585938,1.028212387836523,83.75184631347656,87.00147247314453,85.19940795898438,84.43131408691406,85.9826431274414,10,f1_ef33edca81540386
main_add_10seed,gcn,cora,4.0,6,$\mathsf{UPGNet\text{-}PM}$,figure3_pipeline4,hoa,,1005,32,0.001,0.001,0.75,0.9,84.40177154541016,83.66284938812257,85.05206605911255,1.20846148866821,81.97931671142578,85.96749877929688,84.56425323486329,83.42688217163087,85.49482955932618,10,f1_df528745af058c95
main_add_10seed,gcn,cora,6.0,7,$\mathsf{UPGNet\text{-}PM}$,figure3_pipeline4,hoa,,1139,64,0.01,0.01,0.75,0.7,85.53914260864258,84.9479309272766,86.15952682495117,1.047831151696055,83.8995590209961,87.14918518066406,85.3618896484375,84.59379652023316,86.11521226882934,10,f1_b08d423097ac2809
main_add_10seed,gcn,cora,8.0,8,$\mathsf{UPGNet\text{-}PM}$,figure3_pipeline4,hoa,,815,16,0.001,0.001,0.25,0.9,84.9630729675293,84.06203842163086,85.71676559448242,1.4232770503833605,82.12702941894531,86.85376739501953,84.83013153076172,84.15066297531128,85.49519876480103,10,f1_eb60601729d6ad0d
main_add_10seed,gcn,facebook,0.001,0,$\mathsf{UPGNet\text{-}PM}$,figure3_pipeline4,hoa,,264,2,0.001,0.0001,0.5,0.7,91.5574935913086,91.2850672531128,91.79801456451415,0.431627792561532,90.7618408203125,92.16802978515624,91.95977172851562,91.66954448699951,92.30339864730836,10,f1_99e0f83214197da0
main_add_10seed,gcn,facebook,0.01,1,$\mathsf{UPGNet\text{-}PM}$,figure3_pipeline4,hoa,,1010,32,0.001,0.01,0.25,0.9,92.88002700805664,92.60412824630738,93.10964586257934,0.4162631608416577,91.97222900390624,93.36062622070312,93.18796615600586,92.94223810195922,93.40161003112793,10,f1_7d934996e7081cad
main_add_10seed,gcn,facebook,0.1,2,$\mathsf{UPGNet\text{-}PM}$,figure3_pipeline4,hoa,,1199,64,0.001,0.01,0.75,0.7,93.59558486938477,93.41936491012574,93.75938974380493,0.288582222565633,92.93342590332033,94.01922607421876,94.02456359863281,93.7076357460022,94.38786033630372,10,f1_582494955b3aa459
main_add_10seed,gcn,facebook,1.0,3,$\mathsf{UPGNet\text{-}PM}$,figure3_pipeline4,hoa,,1018,32,0.001,0.01,0.75,0.5,93.86970443725586,93.6899268913269,94.04236297607422,0.30407273998444095,93.39622497558594,94.30402374267578,94.21502380371093,93.95327556610108,94.48914339065551,10,f1_99e0ae8088338e36
main_add_10seed,gcn,facebook,10.0,9,$\mathsf{UPGNet\text{-}PM}$,figure3_pipeline4,hoa,,764,16,0.01,0.001,0.75,0.7,93.8323257446289,93.68627727508546,93.96582489013672,0.24510344322289657,93.32502746582033,94.16162109375,94.1794219970703,93.9088193321228,94.45354005813599,10,f1_d1cb12a8546f7003
main_add_10seed,gcn,facebook,2.0,4,$\mathsf{UPGNet\text{-}PM}$,figure3_pipeline4,hoa,,1012,32,0.001,0.01,0.5,0.3,93.87148590087891,93.65957746505738,94.04775030136109,0.32692995025358956,93.12922668457033,94.26842498779295,94.14916381835937,93.87500053405762,94.42337230682372,10,f1_cdac4b59ded21d6c
main_add_10seed,gcn,facebook,3.0,5,$\mathsf{UPGNet\text{-}PM}$,figure3_pipeline4,hoa,,1016,32,0.001,0.01,0.75,0.1,93.87148513793946,93.72183155059815,94.06732959747313,0.29512443509145464,93.55642700195312,94.46422576904295,94.22392349243164,93.95865842819214,94.51054710388183,10,f1_cd79f57e094e6edb
main_add_10seed,gcn,facebook,4.0,6,$\mathsf{UPGNet\text{-}PM}$,figure3_pipeline4,hoa,,1016,32,0.001,0.01,0.75,0.1,93.83944549560547,93.70772703170776,93.96586936950683,0.21564080457616286,93.55642700195312,94.16162109375,94.1723030090332,93.9301801109314,94.41794055938722,10,f1_bf65318f0452be17
main_add_10seed,gcn,facebook,6.0,7,$\mathsf{UPGNet\text{-}PM}$,figure3_pipeline4,hoa,,944,32,0.01,0.001,0.75,0.7,93.77002334594727,93.59024427413941,93.93204751968383,0.2954773430055988,93.27162170410156,94.1794204711914,94.17230377197265,93.89818647384644,94.4535415649414,10,f1_fdcaf442edb3b479
main_add_10seed,gcn,facebook,8.0,8,$\mathsf{UPGNet\text{-}PM}$,figure3_pipeline4,hoa,,759,16,0.01,0.001,0.5,0.7,93.84834442138671,93.62927099227906,94.04236375808715,0.33292202100004925,93.23603057861328,94.25062561035156,94.13314514160156,93.89818721771239,94.35043863296508,10,f1_3ba4943e6165d07d
main_add_10seed,gcn,lastfm,0.001,0,$\mathsf{UPGNet\text{-}PM}$,figure3_pipeline4,hoa,,190,2,0.01,0.0,0.5,0.9,82.86278686523437,81.33808210372925,84.07156759262085,2.399644654005319,77.41388702392578,84.98023986816406,83.8396385192871,82.94748912811279,84.6132110786438,10,f1_9bd711a661cd6790
main_add_10seed,gcn,lastfm,0.01,1,$\mathsf{UPGNet\text{-}PM}$,figure3_pipeline4,hoa,,1155,64,0.001,0.0,0.75,0.9,84.12761077880859,82.87408292770387,85.43774496078491,2.3332065424459993,80.63241577148438,87.06945037841797,84.8898910522461,83.38198543548583,86.15485534667968,10,f1_3d9590a6cb1217ff
main_add_10seed,gcn,lastfm,0.1,2,$\mathsf{UPGNet\text{-}PM}$,figure3_pipeline4,hoa,,1135,64,0.01,0.01,0.5,0.9,87.36871643066407,86.77540887832642,87.98432849884034,1.0233382205092965,85.770751953125,88.65047454833984,88.3060401916504,87.78091278076172,88.85375368118285,10,f1_de5d031e5e454659
main_add_10seed,gcn,lastfm,1.0,3,$\mathsf{UPGNet\text{-}PM}$,figure3_pipeline4,hoa,,1169,64,0.001,0.0001,0.75,0.7,88.01806640625,87.69056852340698,88.30603866577148,0.5607497471638774,87.23884582519531,88.81986999511719,88.61659774780273,88.28331369400024,88.93280336380005,10,f1_24f0950ba62872d4
main_add_10seed,gcn,lastfm,10.0,9,$\mathsf{UPGNet\text{-}PM}$,figure3_pipeline4,hoa,,770,16,0.01,0.01,0.25,0.9,88.46979064941407,88.04630199432373,88.92730030059815,0.7551264921257452,87.2953109741211,89.66685485839844,89.00620880126954,88.69000242233277,89.33949661254883,10,f1_8876eb619d312f77
main_add_10seed,gcn,lastfm,2.0,4,$\mathsf{UPGNet\text{-}PM}$,figure3_pipeline4,hoa,,1134,64,0.01,0.01,0.5,0.7,88.33427276611329,87.78063270568848,88.84824829101562,0.8884985641149612,86.9565200805664,89.4974594116211,88.88198699951172,88.50367124557495,89.25465850830078,10,f1_1b2320bef105b3f8
main_add_10seed,gcn,lastfm,3.0,5,$\mathsf{UPGNet\text{-}PM}$,figure3_pipeline4,hoa,,949,32,0.01,0.01,0.25,0.7,88.33991928100586,87.92193450927735,88.79728702545167,0.7655856409453284,87.35177612304688,89.32806396484375,88.7295295715332,88.26086727142334,89.14186710357667,10,f1_5e9012d102fcc361
main_add_10seed,gcn,lastfm,4.0,6,$\mathsf{UPGNet\text{-}PM}$,figure3_pipeline4,hoa,,950,32,0.01,0.01,0.25,0.9,88.29474563598633,87.79192272186279,88.76354824066162,0.8225990144378967,86.78712463378906,89.44098663330078,88.88198623657226,88.4978812980652,89.26609117507934,10,f1_55dffab7a1c509c9
main_add_10seed,gcn,lastfm,6.0,7,$\mathsf{UPGNet\text{-}PM}$,figure3_pipeline4,hoa,,955,32,0.01,0.01,0.5,0.9,88.35121154785156,87.9277214050293,88.71837768554687,0.6622752147337971,87.12591552734375,89.10220336914062,89.00056533813476,88.67871473312378,89.36194305419922,10,f1_5e5848a076573e8b
main_add_10seed,gcn,lastfm,8.0,8,$\mathsf{UPGNet\text{-}PM}$,figure3_pipeline4,hoa,,949,32,0.01,0.01,0.25,0.7,88.55448684692382,88.19861448287965,88.91035995483398,0.623707337106,87.57764434814453,89.27159881591797,88.86504516601562,88.46978834152222,89.24900747299195,10,f1_81f490e58fbb28f2
main_add_10seed,sage,citeseer,0.001,0,$\mathsf{LPGNN}$,figure3_pipeline1,kprop,,44,2,0.01,0.001,0.5,none,52.367790603637694,49.470855436325074,55.084436311721795,4.933272189753922,44.3509635925293,58.4134635925293,52.90865592956543,49.795374412536624,56.14212940216064,10,f1_684ad9e4cd6fe8ec
main_add_10seed,sage,citeseer,0.01,1,$\mathsf{LPGNN}$,figure3_pipeline1,kprop,,100,4,0.0001,0.0001,0.25,none,50.588944625854495,49.12199767112732,51.89904023170471,2.295536778406034,45.43269348144531,54.20673370361328,52.52404022216797,51.117490491867066,53.87019235610962,10,f1_44bd9476e64855f7
main_add_10seed,sage,citeseer,0.1,2,$\mathsf{LPGNN}$,figure3_pipeline1,kprop,,133,8,0.0001,0.0,0.25,none,51.62259864807129,50.49279135704041,52.89693745613098,2.057945977537747,48.31731033325195,55.76923370361328,53.47355842590332,52.138520832061765,54.80799359321594,10,f1_78dc2585975eae05
main_add_10seed,sage,citeseer,1.0,3,$\mathsf{LPGNN}$,figure3_pipeline1,kprop,,216,32,0.0001,0.01,0.75,none,59.43509864807129,58.173079671859746,60.64964230537415,2.120182415089492,55.168270111083984,62.74038696289063,61.17788734436035,59.75931827545166,62.42818780899048,10,f1_24d7a466d132aab1
main_add_10seed,sage,citeseer,10.0,9,$\mathsf{LPGNN}$,figure3_pipeline1,kprop,,204,32,0.001,0.01,0.75,none,64.80769538879395,64.0264446258545,65.51683009147644,1.3783465570510667,62.37980651855469,66.22596740722656,65.82932891845704,64.84375228881837,67.0673095703125,10,f1_40d8f7832ae45312
main_add_10seed,sage,citeseer,2.0,4,$\mathsf{LPGNN}$,figure3_pipeline1,kprop,,207,32,0.0001,0.0,0.75,none,59.639424896240236,58.628909254074095,60.50480919837951,1.6939108169144197,55.76923370361328,61.17788696289063,61.88702201843262,60.91346395492553,62.848560342788694,10,f1_d4f4370c2b1c3fbd
main_add_10seed,sage,citeseer,3.0,5,$\mathsf{LPGNN}$,figure3_pipeline1,kprop,,198,32,0.001,0.0001,0.75,none,63.31730995178223,62.55979703903198,64.0270459651947,1.251387294670117,60.81730651855469,65.02404022216797,64.23077049255372,63.19711760520935,65.40865440368653,10,f1_5196e8dcfd63ce3f
main_add_10seed,sage,citeseer,4.0,6,$\mathsf{LPGNN}$,figure3_pipeline1,kprop,,201,32,0.001,0.001,0.75,none,63.42548179626465,62.487680950164794,64.27914759635925,1.5885299599305747,60.33654022216797,65.74519348144531,64.37500228881837,63.58173368453979,65.0964567565918,10,f1_a48436d6b0ee3b0c
main_add_10seed,sage,citeseer,6.0,7,$\mathsf{LPGNN}$,figure3_pipeline1,kprop,,168,16,0.001,0.01,0.75,none,64.15865669250488,62.90775562286377,65.13221435546875,1.8392873442163624,59.9759635925293,65.86538696289062,64.89182968139649,64.07452201843262,65.72145716667174,10,f1_f2ee69f90ccab6da
main_add_10seed,sage,citeseer,8.0,8,$\mathsf{LPGNN}$,figure3_pipeline1,kprop,,240,64,0.001,0.01,0.75,none,64.59134864807129,63.71334478378296,65.3485584640503,1.4098917410739014,62.139427185058594,66.22596740722656,65.24038696289062,64.35066425323487,66.15384788513184,10,f1_7ab3d9a12aadad0b
main_add_10seed,sage,cora,0.001,0,$\mathsf{LPGNN}$,figure3_pipeline1,kprop,,85,4,0.001,0.0,0.25,none,71.92023620605468,70.16248092651367,73.73744508743286,2.924063628428596,66.91284942626953,76.80945587158203,72.28951110839844,70.60524215698241,73.73707353591918,10,f1_b5e431ed9aecef03
main_add_10seed,sage,cora,0.01,1,$\mathsf{LPGNN}$,figure3_pipeline1,kprop,,49,2,0.001,0.0,0.25,none,72.25997161865234,70.82717971801758,73.51587984085083,2.1906787265072754,68.09453582763672,76.0708999633789,72.23042755126953,71.06351470947266,73.5155075263977,10,f1_e8430612fb674a59
main_add_10seed,sage,cora,0.1,2,$\mathsf{LPGNN}$,figure3_pipeline1,kprop,,214,32,0.0001,0.01,0.25,none,76.3810935974121,74.2241501045227,78.05022277832032,3.344084485676007,67.94682312011719,80.35450744628906,76.11521377563477,72.96861114501952,78.2872963142395,10,f1_7596a7eff81635c9
main_add_10seed,sage,cora,1.0,3,$\mathsf{LPGNN}$,figure3_pipeline1,kprop,,198,32,0.001,0.0001,0.75,none,83.01329193115234,82.14142917633058,83.95937805175782,1.58172150291649,80.94534301757812,86.1152114868164,82.7474136352539,81.72821044921875,83.67798921585083,10,f1_24e819d80dbe0ba5
main_add_10seed,sage,cora,10.0,9,$\mathsf{LPGNN}$,figure3_pipeline1,kprop,,201,32,0.001,0.001,0.75,none,83.11669006347657,82.2747413635254,84.10634918212891,1.4355702269493684,80.79763793945312,85.96749877929688,83.42688293457032,82.74704587936401,84.1214912223816,10,f1_428ad74a295f3ab6
main_add_10seed,sage,cora,2.0,4,$\mathsf{LPGNN}$,figure3_pipeline1,kprop,,198,32,0.001,0.0001,0.75,none,82.89512557983399,82.20088804244996,83.7518440246582,1.292969331377502,80.79763793945312,85.52436828613281,82.90989532470704,82.0088623046875,83.76698455810548,10,f1_6fe403ab1b2965b7
main_add_10seed,sage,cora,3.0,5,$\mathsf{LPGNN}$,figure3_pipeline1,kprop,,154,16,0.01,0.01,0.25,none,83.50073776245117,82.74704437255859,84.16543502807617,1.210165316715662,81.09305572509766,85.22895050048828,83.23485870361328,82.52510908126831,83.97378082275391,10,f1_ce718ef9b9114f3b
main_add_10seed,sage,cora,4.0,6,$\mathsf{LPGNN}$,figure3_pipeline1,kprop,,204,32,0.001,0.01,0.75,none,82.96898040771484,81.96417921066285,83.94386980056763,1.6856703586530852,80.05908203125,85.67208099365234,83.30871353149413,82.43722303390503,84.0919479560852,10,f1_3fbe94ec90c152ea
main_add_10seed,sage,cora,6.0,7,$\mathsf{LPGNN}$,figure3_pipeline1,kprop,,155,16,0.01,0.01,0.5,none,83.75184631347656,82.88035354614257,84.5350814819336,1.453945688101627,81.09305572509766,85.52436828613281,83.92909698486328,83.17540510177612,84.54984972000122,10,f1_21f0417c620643c3
main_add_10seed,sage,cora,8.0,8,$\mathsf{LPGNN}$,figure3_pipeline1,kprop,,155,16,0.01,0.01,0.5,none,84.19497604370117,83.73707275390625,84.65324861526489,0.7908610681177325,83.16100311279297,85.22895050048828,83.75184555053711,83.0424659538269,84.490396900177,10,f1_8969a5cd730c70e4
main_add_10seed,sage,facebook,0.001,0,$\mathsf{LPGNN}$,figure3_pipeline1,kprop,,58,2,0.001,0.01,0.25,none,88.91776657104492,88.22347894668579,89.54619342803954,1.0823784021331926,87.2730484008789,90.5660400390625,89.39302520751953,88.82689842224121,89.88078792572021,10,f1_bcf4c7ff91308073
main_add_10seed,sage,facebook,0.01,1,$\mathsf{LPGNN}$,figure3_pipeline1,kprop,,37,2,0.01,0.0,0.25,none,88.88572540283204,88.35341897964477,89.4553682899475,0.967883365850986,87.20185089111328,90.61943817138672,89.35030364990234,88.62032905578613,90.00356142044068,10,f1_118f0e208f39406b
main_add_10seed,sage,facebook,0.1,2,$\mathsf{LPGNN}$,figure3_pipeline1,kprop,,95,4,0.001,0.01,0.5,none,90.4556785583496,90.08001125335694,90.85973663330078,0.7253597575550358,89.46244049072266,91.90103149414062,91.1658950805664,90.79734754562378,91.52011489868164,10,f1_1cf105f75095c288
main_add_10seed,sage,facebook,1.0,3,$\mathsf{LPGNN}$,figure3_pipeline1,kprop,,96,4,0.001,0.01,0.75,none,93.69170455932617,93.5475242614746,93.82698442459106,0.24652984144602472,93.27162170410156,94.07262420654295,94.08330459594727,93.79668098449707,94.36992897033691,10,f1_480f84b998b6a267
main_add_10seed,sage,facebook,10.0,9,$\mathsf{LPGNN}$,figure3_pipeline1,kprop,,96,4,0.001,0.01,0.75,none,93.77002410888672,93.56701608657836,94.0264332962036,0.39669043443284757,93.23603057861328,94.67782592773438,94.20078353881836,93.90169960021973,94.49626312255859,10,f1_57a2d6c1f70609c4
main_add_10seed,sage,facebook,2.0,4,$\mathsf{LPGNN}$,figure3_pipeline1,kprop,,96,4,0.001,0.01,0.75,none,93.84478378295898,93.65605899810791,94.04058383941651,0.32180340109493294,93.46742248535156,94.3752212524414,94.24706268310547,93.99955474853516,94.51406099319458,10,f1_1b0f7f252c7f00d0
main_add_10seed,sage,facebook,3.0,5,$\mathsf{LPGNN}$,figure3_pipeline1,kprop,,96,4,0.001,0.01,0.75,none,93.8928451538086,93.68102722167968,94.11716798782348,0.38893238254894347,93.23603057861328,94.44641876220705,94.28266296386718,94.00129011154175,94.55153171539305,10,f1_1c518e22daf5180e
main_add_10seed,sage,facebook,4.0,6,$\mathsf{LPGNN}$,figure3_pipeline1,kprop,,132,8,0.001,0.01,0.75,none,93.66144561767578,93.46916103363037,93.86258394241332,0.3299737520121672,93.16482543945312,94.3396224975586,94.06194458007812,93.79846164703369,94.40908838272094,10,f1_3cffac2b987c920a
main_add_10seed,sage,facebook,6.0,7,$\mathsf{LPGNN}$,figure3_pipeline1,kprop,,96,4,0.001,0.01,0.75,none,93.84300537109375,93.60982587814331,94.0638150024414,0.38079252405554737,93.14702606201172,94.3218231201172,94.24350357055664,93.98713968276977,94.5639030456543,10,f1_b1cf1b0b8f5cd503
main_add_10seed,sage,facebook,8.0,8,$\mathsf{LPGNN}$,figure3_pipeline1,kprop,,96,4,0.001,0.01,0.75,none,93.85368499755859,93.68098045349122,94.04775032043457,0.3221574615615733,93.46742248535156,94.48202514648438,94.2808822631836,94.02264865875244,94.52839023590087,10,f1_947da863789d1435
main_add_10seed,sage,lastfm,0.001,0,$\mathsf{LPGNN}$,figure3_pipeline1,kprop,,115,8,0.01,0.001,0.25,none,77.93337020874023,74.47755504608153,80.67828760147094,5.178398047425588,69.28289031982422,83.00395202636719,78.5093147277832,75.31846231460571,81.38381963729859,10,f1_6bf10fae5c816255
main_add_10seed,sage,lastfm,0.01,1,$\mathsf{LPGNN}$,figure3_pipeline1,kprop,,73,4,0.01,0.0,0.25,none,80.27667770385742,77.38410316467285,82.29263002395629,4.317783356395811,69.28289031982422,84.5849838256836,80.93167495727539,78.18167568206786,83.04361877441406,10,f1_6db8178c03292a2d
main_add_10seed,sage,lastfm,0.1,2,$\mathsf{LPGNN}$,figure3_pipeline1,kprop,,76,4,0.01,0.0001,0.25,none,80.77921905517579,77.78091426849365,83.0837082862854,4.685612232018301,69.16996002197266,84.5849838256836,81.16883010864258,78.01171634674071,83.56902778625488,10,f1_c25270cc5e712e91
main_add_10seed,sage,lastfm,1.0,3,$\mathsf{LPGNN}$,figure3_pipeline1,kprop,,205,32,0.0001,0.0,0.25,none,86.88311386108398,86.37478708267211,87.45341188430785,0.9159251211789649,85.54489135742188,88.02935791015625,87.52117385864258,87.19367444992066,87.92786485671996,10,f1_1cd089ac1e3bd269
main_add_10seed,sage,lastfm,10.0,9,$\mathsf{LPGNN}$,figure3_pipeline1,kprop,,167,16,0.001,0.01,0.5,none,87.2727264404297,86.78147811889649,87.74138872146607,0.80920477142328,85.94014739990234,88.36815643310547,87.92207565307618,87.50973814010621,88.3229797554016,10,f1_3884eec95c35614a
main_add_10seed,sage,lastfm,2.0,4,$\mathsf{LPGNN}$,figure3_pipeline1,kprop,,205,32,0.0001,0.0,0.25,none,87.00169143676757,86.3973701286316,87.4985870552063,0.9629695200549541,85.31902313232422,88.19876098632812,87.6397491455078,87.27837142944335,88.08017656326294,10,f1_677d7efb6e5d3cb7
main_add_10seed,sage,lastfm,3.0,5,$\mathsf{LPGNN}$,figure3_pipeline1,kprop,,214,32,0.0001,0.01,0.25,none,86.89440841674805,86.34627223968505,87.39130250930786,0.8793811220880434,85.37549591064453,88.02935791015625,87.60022506713867,87.22755430221558,87.97882539749145,10,f1_2fb950bf66b1be33
main_add_10seed,sage,lastfm,4.0,6,$\mathsf{LPGNN}$,figure3_pipeline1,kprop,,205,32,0.0001,0.0,0.25,none,87.0468650817871,86.53839565277099,87.52145692825317,0.8654745074638769,85.37549591064453,88.14229583740234,87.54375839233398,87.16529996871948,87.95595478057862,10,f1_79378b9b8fd935f9
main_add_10seed,sage,lastfm,6.0,7,$\mathsf{LPGNN}$,figure3_pipeline1,kprop,,132,8,0.001,0.01,0.75,none,87.00733871459961,86.2449157333374,87.60022354125977,1.1459515522375032,84.52851104736328,88.70694732666016,87.49858779907227,87.05237119674683,87.98997797012329,10,f1_17f370d0f40a37e6
main_add_10seed,sage,lastfm,8.0,8,$\mathsf{LPGNN}$,figure3_pipeline1,kprop,,167,16,0.001,0.01,0.5,none,87.25013809204101,86.73616256713868,87.69621278762817,0.8483579613629709,85.6578140258789,88.4810791015625,87.99548034667968,87.62831495285035,88.42461626052857,10,f1_23b7c65782e40ed9
main_add_10seed,sage,citeseer,0.001,0,$\mathsf{PrivGE}$,figure3_pipeline2,kprop,,41,2,0.01,0.0001,0.5,none,52.1634635925293,49.39904134750366,54.48437720298767,4.047861863215646,43.75000381469727,58.17307662963867,52.94471282958985,50.14272902488709,55.444712486267086,10,f1_94f0b13bf5dc8d20
main_add_10seed,sage,citeseer,0.01,1,$\mathsf{PrivGE}$,figure3_pipeline2,kprop,,89,4,0.001,0.0001,0.5,none,51.3341365814209,50.1802898311615,52.44020602226257,1.9524417267408944,49.0384635925293,55.04807662963867,52.16346282958985,50.16736830711365,54.30318745613098,10,f1_e29c25910e28923b
main_add_10seed,sage,citeseer,0.1,2,$\mathsf{PrivGE}$,figure3_pipeline2,kprop,,47,2,0.01,0.01,0.5,none,53.34134750366211,49.91496503829956,56.28816253662109,5.244205643067229,42.06731033325195,59.49519348144531,54.68750152587891,51.321516275405884,57.512020149230956,10,f1_966b7b93e5830a42
main_add_10seed,sage,citeseer,1.0,3,$\mathsf{PrivGE}$,figure3_pipeline2,kprop,,245,64,0.0001,0.0001,0.5,none,59.69952049255371,58.67758532524109,60.769232177734374,1.780983413290416,57.21154022216797,62.980770111083984,61.79086799621582,61.08143207550049,62.584136972427366,10,f1_26676f68fe1102ed
main_add_10seed,sage,citeseer,10.0,9,$\mathsf{PrivGE}$,figure3_pipeline2,kprop,,204,32,0.001,0.01,0.75,none,64.08654022216797,62.8963338470459,65.09615708351136,1.8084859946580174,59.73557662963867,66.10577392578125,65.00000190734863,64.01412288665772,66.05769538879395,10,f1_d4f4ac4d21da3cf2
main_add_10seed,sage,citeseer,2.0,4,$\mathsf{PrivGE}$,figure3_pipeline2,kprop,,215,32,0.0001,0.01,0.5,none,59.495195388793945,58.12470182418823,60.757515583038334,2.2966200316695553,56.00962066650391,63.58173370361328,61.67067527770996,60.57632432937622,62.95763361930847,10,f1_1f580b35a862fc8d
main_add_10seed,sage,citeseer,3.0,5,$\mathsf{PrivGE}$,figure3_pipeline2,kprop,,216,32,0.0001,0.01,0.75,none,59.483175659179686,58.49729857444763,60.6012629699707,1.7695907657475258,57.57212066650391,62.86057662963867,61.57452125549317,60.576624422073365,62.66827125549317,10,f1_816e7d59ac95109d
main_add_10seed,sage,citeseer,4.0,6,$\mathsf{PrivGE}$,figure3_pipeline2,kprop,,234,64,0.001,0.0001,0.75,none,62.81250190734863,62.00691275596619,63.581732177734374,1.3107752709294782,60.45673370361328,64.78365325927734,63.64183006286621,62.584137706756586,64.62740745544434,10,f1_564fa2c5e6b3c74a
main_add_10seed,sage,citeseer,6.0,7,$\mathsf{PrivGE}$,figure3_pipeline2,kprop,,159,16,0.001,0.0,0.75,none,62.51202049255371,61.62229703903198,63.293270111083984,1.4067573746743276,59.855770111083984,64.18269348144531,62.78846321105957,61.59825907707214,64.00330773353576,10,f1_718ac383de3352e9
main_add_10seed,sage,citeseer,8.0,8,$\mathsf{PrivGE}$,figure3_pipeline2,kprop,,234,64,0.001,0.0001,0.75,none,63.810099029541014,63.04056715965271,64.67608468055725,1.402186292100291,61.89904022216797,66.58654022216797,64.3389446258545,63.29236868858337,65.46905387878418,10,f1_04ff126581988877
main_add_10seed,sage,cora,0.001,0,$\mathsf{PrivGE}$,figure3_pipeline2,kprop,,49,2,0.001,0.0,0.25,none,72.92466735839844,71.80132904052734,74.01772384643554,1.9272288669725781,69.12850952148438,75.92318725585938,72.40768280029297,71.18168563842774,73.64845048904418,10,f1_3d3d552082189bfc
main_add_10seed,sage,cora,0.01,1,$\mathsf{PrivGE}$,figure3_pipeline2,kprop,,52,2,0.001,0.0001,0.25,none,72.43722305297851,71.28471143722534,73.47119750976563,1.9046446444980427,68.98079681396484,75.18463897705078,72.11225967407226,70.97451936721801,73.27917177200317,10,f1_6142cd8980714151
main_add_10seed,sage,cora,0.1,2,$\mathsf{PrivGE}$,figure3_pipeline2,kprop,,166,16,0.001,0.01,0.25,none,74.16543540954589,70.05871425628662,77.91802068710327,6.859824466840842,58.93648147583008,79.911376953125,73.10191993713379,68.9050959777832,76.51514131546021,10,f1_0f7402e6c9a69465
main_add_10seed,sage,cora,1.0,3,$\mathsf{PrivGE}$,figure3_pipeline2,kprop,,204,32,0.001,0.01,0.75,none,82.93943786621094,82.05317533493043,83.64844818115235,1.3948021163696922,79.61595153808594,84.49039459228516,83.3234848022461,82.39290771484374,84.23929061889649,10,f1_c440aac29c52a55a
main_add_10seed,sage,cora,10.0,9,$\mathsf{PrivGE}$,figure3_pipeline2,kprop,,195,32,0.001,0.0,0.75,none,83.23485946655273,82.4220817565918,84.23929061889649,1.4938328099370892,80.6499252319336,86.26292419433594,83.23485870361328,82.3190544128418,84.15103225708008,10,f1_a33c9ca4fbd08ff7
main_add_10seed,sage,cora,2.0,4,$\mathsf{PrivGE}$,figure3_pipeline2,kprop,,204,32,0.001,0.01,0.75,none,83.33825607299805,82.62924650192261,84.1805740737915,1.3372123707911707,81.38848114013672,86.26292419433594,83.33825607299805,82.4959365463257,84.15103378295899,10,f1_039665800053b774
main_add_10seed,sage,cora,3.0,5,$\mathsf{PrivGE}$,figure3_pipeline2,kprop,,204,32,0.001,0.01,0.75,none,83.35302658081055,82.51107862472534,84.09157867431641,1.3322167472449218,81.24076843261719,85.08123779296875,83.17577514648437,82.1565742301941,84.07717891693115,10,f1_307006cb44abe7df
main_add_10seed,sage,cora,4.0,6,$\mathsf{PrivGE}$,figure3_pipeline2,kprop,,204,32,0.001,0.01,0.75,none,82.83604125976562,82.12703018188476,83.50073852539063,1.2036365080690756,80.6499252319336,84.34268951416016,83.32348556518555,82.17134548187255,84.44645313262939,10,f1_89902629bd0c49c7
main_add_10seed,sage,cora,6.0,7,$\mathsf{PrivGE}$,figure3_pipeline2,kprop,,204,32,0.001,0.01,0.75,none,83.24962921142578,82.4516227722168,83.95900951385498,1.3469671222667858,80.50221252441406,85.08123779296875,83.23485870361328,82.20051652908325,84.26920015335082,10,f1_fc74759cc8315f4f
main_add_10seed,sage,cora,8.0,8,$\mathsf{PrivGE}$,figure3_pipeline2,kprop,,155,16,0.01,0.01,0.5,none,84.4165428161621,83.54468154907227,85.2293197631836,1.3843339588306787,82.42245483398438,86.7060546875,84.0324935913086,83.30871200561523,84.7418731880188,10,f1_d43e3420a72dd9f7
main_add_10seed,sage,facebook,0.001,0,$\mathsf{PrivGE}$,figure3_pipeline2,kprop,,52,2,0.001,0.0001,0.25,none,88.68458709716796,88.16830015182495,89.18133773803712,0.8563735003672301,87.55785369873047,89.85404205322266,89.38768310546875,88.84465181350707,89.95572328567505,10,f1_2fee17b8b4af866f
main_add_10seed,sage,facebook,0.01,1,$\mathsf{PrivGE}$,figure3_pipeline2,kprop,,52,2,0.001,0.0001,0.25,none,88.561767578125,88.01869102478027,89.02296394348144,0.890202274244919,87.16625213623047,89.83624267578125,89.41794357299804,88.86774803161622,89.95554683685303,10,f1_e6122fbcf1407ded
main_add_10seed,sage,facebook,0.1,2,$\mathsf{PrivGE}$,figure3_pipeline2,kprop,,94,4,0.001,0.01,0.25,none,89.99644012451172,89.48153261184692,90.491322555542,0.8675628508400111,88.35884857177734,91.33143615722656,90.50195770263672,90.04619091033936,90.96657966613769,10,f1_bbc39f2aa257a519
main_add_10seed,sage,facebook,1.0,3,$\mathsf{PrivGE}$,figure3_pipeline2,kprop,,132,8,0.001,0.01,0.75,none,93.4336067199707,93.2804829788208,93.59029178619384,0.2843594715001021,92.98683166503906,94.01922607421876,93.93912506103516,93.71302160263062,94.20616859436035,10,f1_665af636c0229c03
main_add_10seed,sage,facebook,10.0,9,$\mathsf{PrivGE}$,figure3_pipeline2,kprop,,96,4,0.001,0.01,0.75,none,93.82520446777343,93.7006072807312,93.98006364822388,0.24642045396825743,93.5030288696289,94.42861938476562,94.23104400634766,93.98358127593994,94.51762237548829,10,f1_b9d75efc0531b6dd
main_add_10seed,sage,facebook,2.0,4,$\mathsf{PrivGE}$,figure3_pipeline2,kprop,,96,4,0.001,0.01,0.75,none,93.78604431152344,93.57066497802734,94.01753358840942,0.40079153884572694,93.14702606201172,94.5354232788086,94.24528503417969,93.98531673431397,94.50160371780395,10,f1_a1b688383284ced4
main_add_10seed,sage,facebook,3.0,5,$\mathsf{PrivGE}$,figure3_pipeline2,kprop,,96,4,0.001,0.01,0.75,none,93.8038459777832,93.56710737228394,94.03706995010376,0.3922677268686668,93.12922668457033,94.30402374267578,94.16874389648437,93.90347953796386,94.42150344848633,10,f1_478420c3b5919c09
main_add_10seed,sage,facebook,4.0,6,$\mathsf{PrivGE}$,figure3_pipeline2,kprop,,96,4,0.001,0.01,0.75,none,93.8234245300293,93.68983640670777,93.94450933456422,0.22025223518310924,93.43182373046876,94.23281860351562,94.15806274414062,93.89106521606445,94.44819873809816,10,f1_d63cc953518cdb17
main_add_10seed,sage,facebook,6.0,7,$\mathsf{PrivGE}$,figure3_pipeline2,kprop,,96,4,0.001,0.01,0.75,none,93.83766479492188,93.6454246520996,94.07800855636597,0.37467495445342136,93.41402435302734,94.69562530517578,94.1829833984375,93.89818418502809,94.4357851791382,10,f1_d76339db1c8fedbc
main_add_10seed,sage,facebook,8.0,8,$\mathsf{PrivGE}$,figure3_pipeline2,kprop,,96,4,0.001,0.01,0.75,none,93.85902404785156,93.72903955459594,93.99265670776367,0.2226372565125887,93.57422637939452,94.23281860351562,94.25596237182617,93.999642162323,94.50876642227172,10,f1_f5e77f953d672bf7
main_add_10seed,sage,lastfm,0.001,0,$\mathsf{PrivGE}$,figure3_pipeline2,kprop,,109,8,0.01,0.0,0.25,none,76.74195175170898,72.01863132476807,81.05109725952148,7.61057821449061,64.59626770019531,84.5849838256836,77.25014114379883,73.13015314102172,81.20948503494262,10,f1_f01cf0fd19ef7131
main_add_10seed,sage,lastfm,0.01,1,$\mathsf{PrivGE}$,figure3_pipeline2,kprop,,76,4,0.01,0.0001,0.25,none,80.9542610168457,78.95525049209594,82.78952405929566,3.20954308457309,75.71992492675781,85.48841857910156,81.41727752685547,79.40118629455567,83.38791427612304,10,f1_97242058b3c439d6
main_add_10seed,sage,lastfm,0.1,2,$\mathsf{PrivGE}$,figure3_pipeline2,kprop,,73,4,0.01,0.0,0.25,none,80.8187469482422,78.81945182800293,82.80660631179809,3.4933555977030566,75.21174621582031,86.50479888916016,81.13495101928712,78.96668470382691,83.09443817138671,10,f1_725bf35a84e414ef
main_add_10seed,sage,lastfm,1.0,3,$\mathsf{PrivGE}$,figure3_pipeline2,kprop,,205,32,0.0001,0.0,0.25,none,86.84358978271484,86.43689878463745,87.24449235916137,0.7037432398394874,85.6578140258789,87.57764434814453,87.54940490722656,87.19932022094727,87.9391570854187,10,f1_a0b5fddf15d04be7
main_add_10seed,sage,lastfm,10.0,9,$\mathsf{PrivGE}$,figure3_pipeline2,kprop,,167,16,0.001,0.01,0.5,none,87.25013961791993,86.74745786666871,87.79277118682862,0.8795213892316875,86.16600799560547,88.65047454833984,87.76397323608398,87.39680711746216,88.16516111373902,10,f1_2d938898f80d39a4
main_add_10seed,sage,lastfm,2.0,4,$\mathsf{PrivGE}$,figure3_pipeline2,kprop,,208,32,0.0001,0.0001,0.25,none,86.93393402099609,86.3294746017456,87.54389879226684,1.0388496231054458,85.37549591064453,88.02935791015625,87.6453956604004,87.2614326286316,88.06337816238403,10,f1_c6751995b9598f84
main_add_10seed,sage,lastfm,3.0,5,$\mathsf{PrivGE}$,figure3_pipeline2,kprop,,208,32,0.0001,0.0001,0.25,none,86.99039916992187,86.4426872253418,87.44804920196533,0.8861011372531603,85.37549591064453,88.08582305908203,87.65104370117187,87.27837217330934,88.06902774810791,10,f1_fe11af3ded2bb52a
main_add_10seed,sage,lastfm,4.0,6,$\mathsf{PrivGE}$,figure3_pipeline2,kprop,,167,16,0.001,0.01,0.5,none,86.93958206176758,86.36928327560425,87.47035524368286,0.948233287155784,85.31902313232422,87.972900390625,87.56634674072265,87.14836194992066,88.04079664230348,10,f1_ffd796440b0b0f6e
main_add_10seed,sage,lastfm,6.0,7,$\mathsf{PrivGE}$,figure3_pipeline2,kprop,,205,32,0.0001,0.0,0.25,none,86.90570297241212,86.38057628631591,87.41967924118042,0.9302805410290103,85.31902313232422,87.972900390625,87.62845764160156,87.28952482223511,87.99562379837036,10,f1_5f88351ee6857d15
main_add_10seed,sage,lastfm,8.0,8,$\mathsf{PrivGE}$,figure3_pipeline2,kprop,,132,8,0.001,0.01,0.75,none,86.97910537719727,86.43125,87.51566772460937,0.9527619175832772,85.26255798339844,88.53755187988281,87.4929412841797,86.99590600967407,88.00677644729613,10,f1_f1066c1551da8710
main_add_10seed,sage,citeseer,0.001,0,$\mathsf{UPGNet\text{-}MBM}$,figure3_pipeline3,hoa,,515,4,0.0001,0.001,0.25,0.9,59.53125267028808,58.36538734436035,60.51683006286621,1.8360121023455789,56.8509635925293,62.25962066650391,60.78125190734863,59.79567412376404,61.887622604370115,10,f1_7349ebeaa4377602
main_add_10seed,sage,citeseer,0.01,1,$\mathsf{UPGNet\text{-}MBM}$,figure3_pipeline3,hoa,,440,4,0.001,0.0001,0.25,0.9,59.97596397399902,59.02644498825073,60.97355996131897,1.577324808324716,57.57212066650391,62.62019348144531,60.78125190734863,59.69891954421997,62.01923256874084,10,f1_53e427a95faaeae3
main_add_10seed,sage,citeseer,0.1,2,$\mathsf{UPGNet\text{-}MBM}$,figure3_pipeline3,hoa,,1240,64,0.0001,0.001,0.5,0.9,65.73317413330078,64.95192337036133,66.47836685180664,1.30617612079417,63.46154022216797,67.42788696289062,67.05529098510742,66.20192489624023,67.78876630783081,10,f1_5f619b91b8e66a75
main_add_10seed,sage,citeseer,1.0,3,$\mathsf{UPGNet\text{-}MBM}$,figure3_pipeline3,hoa,,1135,64,0.01,0.01,0.5,0.9,68.68990707397461,68.11298370361328,69.32692567825318,1.0358720089142293,67.30769348144531,70.43269348144531,69.759619140625,68.60547117233276,70.8536696434021,10,f1_f6385f6b1fbee4e4
main_add_10seed,sage,citeseer,10.0,9,$\mathsf{UPGNet\text{-}MBM}$,figure3_pipeline3,hoa,,1135,64,0.01,0.01,0.5,0.9,68.42548370361328,67.93239528656007,68.99038698196411,0.899525661595646,67.42788696289062,70.3125,69.72356033325195,68.66586910247803,70.51682893753052,10,f1_2ee2a8184a716c38
main_add_10seed,sage,citeseer,2.0,4,$\mathsf{UPGNet\text{-}MBM}$,figure3_pipeline3,hoa,,1130,64,0.01,0.01,0.25,0.9,68.49759902954102,68.11268098831177,68.99068897247314,0.7440511570917052,67.66827392578125,70.19231414794922,69.53125305175782,68.73798444747925,70.37259979248047,10,f1_1839aec96148f631
main_add_10seed,sage,citeseer,3.0,5,$\mathsf{UPGNet\text{-}MBM}$,figure3_pipeline3,hoa,,1130,64,0.01,0.01,0.25,0.9,68.49759902954102,68.08894577026368,69.0865410232544,0.8767551381838101,67.78846740722656,70.79327392578125,69.43510055541992,68.52163925170899,70.32482364654541,10,f1_3e3000870d5a1b65
main_add_10seed,sage,citeseer,4.0,6,$\mathsf{UPGNet\text{-}MBM}$,figure3_pipeline3,hoa,,1135,64,0.01,0.01,0.5,0.9,68.42548370361328,67.66827163696288,69.24279098510742,1.3669436987941403,66.46634674072266,71.27404022216797,69.65144500732421,68.85817642211914,70.50480958938599,10,f1_cdb6c694fdd6d004
main_add_10seed,sage,citeseer,6.0,7,$\mathsf{UPGNet\text{-}MBM}$,figure3_pipeline3,hoa,,955,32,0.01,0.01,0.5,0.9,68.0769256591797,67.59615631103516,68.64182893753052,0.9278969302509257,66.70673370361328,69.83173370361328,69.29086837768554,68.4245830154419,70.07211839675902,10,f1_0089a8cc042b7142
main_add_10seed,sage,citeseer,8.0,8,$\mathsf{UPGNet\text{-}MBM}$,figure3_pipeline3,hoa,,1130,64,0.01,0.01,0.25,0.9,67.87259902954102,67.22325834274292,68.49759981155395,1.1247258285261839,65.625,69.9519271850586,69.21875381469727,68.40114454269408,69.93990785598754,10,f1_adea7161fe94646d
main_add_10seed,sage,cora,0.001,0,$\mathsf{UPGNet\text{-}MBM}$,figure3_pipeline3,hoa,,437,4,0.001,0.0001,0.25,0.3,76.97193450927735,75.0808708190918,78.62629165649415,2.9985590242239057,71.19645690917969,80.20679473876953,77.07533187866211,75.92318954467774,78.2573860168457,10,f1_ed53866fc524abd6
main_add_10seed,sage,cora,0.01,1,$\mathsf{UPGNet\text{-}MBM}$,figure3_pipeline3,hoa,,455,4,0.001,0.001,0.25,0.9,77.23781356811523,75.35967477798461,78.64180223464966,2.800402737635075,70.45790100097656,80.6499252319336,77.62186050415039,76.63182981491089,78.62666097640992,10,f1_35e480f3dd3ab8a8
main_add_10seed,sage,cora,0.1,2,$\mathsf{UPGNet\text{-}MBM}$,figure3_pipeline3,hoa,,1135,64,0.01,0.01,0.5,0.9,83.70753173828125,82.80612867355347,84.63847730636597,1.5288014189964925,81.53618621826172,86.1152114868164,83.58936386108398,82.5553909111023,84.5199394416809,10,f1_e0389de1abd4d70d
main_add_10seed,sage,cora,1.0,3,$\mathsf{UPGNet\text{-}MBM}$,figure3_pipeline3,hoa,,960,32,0.01,0.01,0.75,0.9,85.43574447631836,84.31277467727661,86.23338167190552,1.5604282061713026,81.53618621826172,87.44461059570312,84.71196365356445,83.73707504272461,85.5095993232727,10,f1_a0701547871ae498
main_add_10seed,sage,cora,10.0,9,$\mathsf{UPGNet\text{-}MBM}$,figure3_pipeline3,hoa,,1140,64,0.01,0.01,0.75,0.9,84.56425399780274,83.72230527877808,85.33271789550781,1.437596856167429,81.83161163330078,86.85376739501953,84.99261474609375,84.16543579101562,85.86447675704956,10,f1_05b1be12e3193ca8
main_add_10seed,sage,cora,2.0,4,$\mathsf{UPGNet\text{-}MBM}$,figure3_pipeline3,hoa,,1140,64,0.01,0.01,0.75,0.9,85.30280532836915,84.53471069335937,86.04172817230224,1.2975562819887487,83.01329040527344,87.14918518066406,84.7562759399414,84.07643814086914,85.48005752563476,10,f1_57268251c37e8be3
main_add_10seed,sage,cora,3.0,5,$\mathsf{UPGNet\text{-}MBM}$,figure3_pipeline3,hoa,,1133,64,0.01,0.01,0.5,0.5,84.65288009643555,83.88478620529175,85.33234786987305,1.1681688066992515,82.27474212646484,86.26292419433594,84.71196365356445,84.10598070144653,85.34711839675903,10,f1_bdc94cb30b1d35c7
main_add_10seed,sage,cora,4.0,6,$\mathsf{UPGNet\text{-}MBM}$,figure3_pipeline3,hoa,,1140,64,0.01,0.01,0.75,0.9,85.3175765991211,84.68242261886597,85.84970399856567,0.9852290458435565,83.3087158203125,86.41063690185547,84.91875839233398,84.04726791381836,85.7758476448059,10,f1_723c0b43c387ba2a
main_add_10seed,sage,cora,6.0,7,$\mathsf{UPGNet\text{-}MBM}$,figure3_pipeline3,hoa,,1140,64,0.01,0.01,0.75,0.9,85.14032363891602,84.44571456909179,85.84970396041871,1.2164588452999265,83.60413360595703,87.2968978881836,85.27326278686523,84.47525634765624,85.93796007156372,10,f1_660659732f714080
main_add_10seed,sage,cora,8.0,8,$\mathsf{UPGNet\text{-}MBM}$,figure3_pipeline3,hoa,,960,32,0.01,0.01,0.75,0.9,85.79024963378906,85.0516975402832,86.4254051208496,1.130947136547007,83.8995590209961,86.85376739501953,85.05169830322265,84.38700256347656,85.76107711791992,10,f1_076d2967a480d28e
main_add_10seed,sage,facebook,0.001,0,$\mathsf{UPGNet\text{-}MBM}$,figure3_pipeline3,hoa,,289,2,0.001,0.01,0.25,0.7,90.43431854248047,89.99430486679077,90.82422685623169,0.7394643955122018,88.82164001464844,91.2246322631836,90.87219696044922,90.53043897628784,91.21756006240844,10,f1_2b8b48279a7b9b02
main_add_10seed,sage,facebook,0.01,1,$\mathsf{UPGNet\text{-}MBM}$,figure3_pipeline3,hoa,,655,8,0.001,0.01,0.5,0.9,90.80811767578125,90.26873531341553,91.37780279159546,0.9668621766950477,89.3200454711914,92.15023040771484,91.21395492553711,90.70122861862183,91.68218130111694,10,f1_b6b047ee580a3949
main_add_10seed,sage,facebook,0.1,2,$\mathsf{UPGNet\text{-}MBM}$,figure3_pipeline3,hoa,,1200,64,0.001,0.01,0.75,0.9,93.99252395629883,93.78955972671508,94.19014764785766,0.3596626992473953,93.39622497558594,94.62442016601562,94.38234405517578,94.13844045639038,94.63870872497559,10,f1_26bdeddfaaa1147e
main_add_10seed,sage,facebook,1.0,3,$\mathsf{UPGNet\text{-}MBM}$,figure3_pipeline3,hoa,,1018,32,0.001,0.01,0.75,0.5,94.04592361450196,93.90882013320922,94.22040658950806,0.2617718289058828,93.59202575683594,94.64221954345705,94.41438293457031,94.1651840209961,94.67248229980468,10,f1_dd257b4aaf8d91b0
main_add_10seed,sage,facebook,10.0,9,$\mathsf{UPGNet\text{-}MBM}$,figure3_pipeline3,hoa,,837,16,0.001,0.01,0.75,0.3,94.06016311645507,93.8215978050232,94.27380926132203,0.37554276057733627,93.46742248535156,94.7668228149414,94.40192337036133,94.14191129684448,94.64226634979248,10,f1_f4de3724d5b1e1d9
main_add_10seed,sage,facebook,2.0,4,$\mathsf{UPGNet\text{-}MBM}$,figure3_pipeline3,hoa,,1014,32,0.001,0.01,0.5,0.7,94.05838241577149,93.89635751724242,94.20082576751709,0.2699225897269368,93.53862762451172,94.42861938476562,94.33072357177734,94.09038063049316,94.54089504241942,10,f1_c50206fabc605960
main_add_10seed,sage,facebook,3.0,5,$\mathsf{UPGNet\text{-}MBM}$,figure3_pipeline3,hoa,,838,16,0.001,0.01,0.75,0.5,93.94980545043946,93.66487352371216,94.16349308013915,0.4210924645406603,92.96903228759766,94.44641876220705,94.2986846923828,94.02630208969117,94.5657282447815,10,f1_b92a82aa873bc410
main_add_10seed,sage,facebook,4.0,6,$\mathsf{UPGNet\text{-}MBM}$,figure3_pipeline3,hoa,,1002,32,0.001,0.001,0.75,0.3,93.91064453125,93.66500547409058,94.15632730484009,0.40087847960344836,93.16482543945312,94.60662078857422,94.27732467651367,94.06363702774047,94.51233005523682,10,f1_35b94118a87bcc0b
main_add_10seed,sage,facebook,6.0,7,$\mathsf{UPGNet\text{-}MBM}$,figure3_pipeline3,hoa,,833,16,0.001,0.01,0.5,0.5,93.91420516967773,93.73438163757324,94.11178361892699,0.3314646654138827,93.5030288696289,94.41082763671876,94.31292419433593,94.0832608795166,94.57818704605103,10,f1_513cf064d1045a4c
main_add_10seed,sage,facebook,8.0,8,$\mathsf{UPGNet\text{-}MBM}$,figure3_pipeline3,hoa,,835,16,0.001,0.01,0.5,0.9,94.08686294555665,93.90525867462158,94.30580293655395,0.3387503030750431,93.68102264404295,94.7668228149414,94.3698844909668,94.15272520065308,94.61734794616699,10,f1_6238e9024d4ac1c2
main_add_10seed,sage,lastfm,0.001,0,$\mathsf{UPGNet\text{-}MBM}$,figure3_pipeline3,hoa,,379,4,0.01,0.0001,0.25,0.7,82.61434020996094,80.49039905548095,83.9582130432129,3.196314532834519,73.91304016113281,85.0931625366211,83.42179336547852,81.2251510810852,85.08766248703003,10,f1_00d30a8a4ca9db41
main_add_10seed,sage,lastfm,0.01,1,$\mathsf{UPGNet\text{-}MBM}$,figure3_pipeline3,hoa,,364,4,0.01,0.0,0.25,0.7,82.94183959960938,81.29813606262208,84.26326831817627,2.7107841556831787,75.94579315185547,85.20610046386719,83.45002517700195,81.42856977462769,84.92969747543336,10,f1_4ead67158b5a0195
main_add_10seed,sage,lastfm,0.1,2,$\mathsf{UPGNet\text{-}MBM}$,figure3_pipeline3,hoa,,1260,64,0.0001,0.01,0.75,0.9,86.88311614990235,86.41417232513427,87.31239395141601,0.8029846523754433,85.71428680419922,87.80349731445312,87.44776916503906,86.84895401000976,87.98418809890747,10,f1_62391f70b1bc94b6
main_add_10seed,sage,lastfm,1.0,3,$\mathsf{UPGNet\text{-}MBM}$,figure3_pipeline3,hoa,,1070,32,0.0001,0.01,0.25,0.9,88.21004714965821,87.7243049621582,88.63932418823242,0.7709104178597161,86.78712463378906,89.04573059082031,88.43590927124023,88.01778259277344,88.85389324188232,10,f1_099c8906bbf5b608
main_add_10seed,sage,lastfm,10.0,9,$\mathsf{UPGNet\text{-}MBM}$,figure3_pipeline3,hoa,,1130,64,0.01,0.01,0.25,0.9,88.26651611328126,87.86561279296875,88.63918462753296,0.6904285315342514,86.9565200805664,89.38452911376953,88.78034820556641,88.45284881591797,89.09119035720825,10,f1_1c982a0c3d0439c5
main_add_10seed,sage,lastfm,2.0,4,$\mathsf{UPGNet\text{-}MBM}$,figure3_pipeline3,hoa,,950,32,0.01,0.01,0.25,0.9,87.6566879272461,87.11998668670654,88.21583557128906,0.9419159953256997,86.33540344238281,89.10220336914062,88.35685806274414,87.83723598480223,88.84824895858765,10,f1_2c1cf40ad83ed074
main_add_10seed,sage,lastfm,3.0,5,$\mathsf{UPGNet\text{-}MBM}$,figure3_pipeline3,hoa,,1135,64,0.01,0.01,0.5,0.9,88.09147109985352,87.61137466430664,88.56013109207153,0.8223398353334722,86.84358978271484,89.44098663330078,88.59401245117188,88.19310985565185,88.94409868240356,10,f1_dbc76d1c1734a221
main_add_10seed,sage,lastfm,4.0,6,$\mathsf{UPGNet\text{-}MBM}$,figure3_pipeline3,hoa,,1130,64,0.01,0.01,0.25,0.9,88.05194549560547,87.57763820648192,88.50959701538086,0.7599883965984165,86.78712463378906,89.04573059082031,88.66741561889648,88.28909833908081,89.06846080780029,10,f1_c47df2e97c6c3b8d
main_add_10seed,sage,lastfm,6.0,7,$\mathsf{UPGNet\text{-}MBM}$,figure3_pipeline3,hoa,,1199,64,0.001,0.01,0.75,0.7,88.31733322143555,87.831307182312,88.80293504714966,0.79429267698919,87.12591552734375,89.4974594116211,88.6787109375,88.28909986495972,89.07961503982544,10,f1_b57adaba96a662ec
main_add_10seed,sage,lastfm,8.0,8,$\mathsf{UPGNet\text{-}MBM}$,figure3_pipeline3,hoa,,1130,64,0.01,0.01,0.25,0.9,88.33427047729492,87.86561048507691,88.80857700347902,0.7932856993378639,87.06945037841797,89.61038208007812,88.75211715698242,88.46950836181641,89.04573593139648,10,f1_9877f15000edef68
main_add_10seed,sage,citeseer,0.001,0,$\mathsf{UPGNet\text{-}PM}$,figure3_pipeline4,hoa,,277,2,0.001,0.001,0.5,0.3,59.06250228881836,58.19711761474609,59.988283433914184,1.4525100299801392,56.730770111083984,61.418270111083984,60.08413734436035,58.954330434799196,61.31070036888122,10,f1_b99497f451835deb
main_add_10seed,sage,citeseer,0.01,1,$\mathsf{UPGNet\text{-}PM}$,figure3_pipeline4,hoa,,451,4,0.001,0.001,0.25,0.1,60.20432815551758,59.09855917930603,61.40655275344849,2.021114998369671,56.8509635925293,63.82212066650391,60.168270874023435,58.92998936653137,61.46634750366211,10,f1_56eb2b57a7d12d11
main_add_10seed,sage,citeseer,0.1,2,$\mathsf{UPGNet\text{-}PM}$,figure3_pipeline4,hoa,,436,4,0.001,0.0001,0.25,0.1,60.0841365814209,58.82091568946838,61.370494728088374,2.2302787326468616,56.49038696289063,63.46154022216797,60.38461761474609,59.15865668296814,61.83894427299499,10,f1_083413757b313d51
main_add_10seed,sage,citeseer,1.0,3,$\mathsf{UPGNet\text{-}PM}$,figure3_pipeline4,hoa,,1253,64,0.0001,0.01,0.5,0.5,65.76923294067383,64.99970106124877,66.63491884231567,1.401442663599648,63.46154022216797,68.3894271850586,66.74278945922852,65.78095029830932,67.54837936401368,10,f1_a3c0267574bb214d
main_add_10seed,sage,citeseer,10.0,9,$\mathsf{UPGNet\text{-}PM}$,figure3_pipeline4,hoa,,954,32,0.01,0.01,0.5,0.7,68.12500381469727,67.21154172897339,69.12290103912353,1.6939123146418196,65.74519348144531,71.75481414794922,68.66586685180664,67.94411190032959,69.42307819366455,10,f1_8513a4581743119f
main_add_10seed,sage,citeseer,2.0,4,$\mathsf{UPGNet\text{-}PM}$,figure3_pipeline4,hoa,,1226,64,0.0001,0.0001,0.75,0.1,66.08173446655273,65.25210735321045,67.00751483917236,1.5052579540157685,64.42308044433594,68.87019348144531,66.97115631103516,66.04537517547608,68.05288621902466,10,f1_09bff634b4ed8299
main_add_10seed,sage,citeseer,3.0,5,$\mathsf{UPGNet\text{-}PM}$,figure3_pipeline4,hoa,,1134,64,0.01,0.01,0.5,0.7,68.05288696289062,67.36779098510742,68.858775100708,1.2892912596981996,66.58654022216797,71.03365325927734,68.75000305175782,67.59585508346558,69.83173370361328,10,f1_1efebad6cb73db4f
main_add_10seed,sage,citeseer,4.0,6,$\mathsf{UPGNet\text{-}PM}$,figure3_pipeline4,hoa,,949,32,0.01,0.01,0.25,0.7,67.3197135925293,66.57422115325927,68.1610595703125,1.2938291956537564,65.74519348144531,69.71154022216797,68.73798370361328,67.89663694381714,69.60336839675902,10,f1_ebd171023a0e20d1
main_add_10seed,sage,citeseer,6.0,7,$\mathsf{UPGNet\text{-}PM}$,figure3_pipeline4,hoa,,1129,64,0.01,0.01,0.25,0.7,67.35577163696288,66.17788772583008,68.50991880416869,2.000157737375277,63.701927185058594,70.79327392578125,69.03846435546875,67.95643173217773,70.07211837768554,10,f1_b1f14ef8731a220a
main_add_10seed,sage,citeseer,8.0,8,$\mathsf{UPGNet\text{-}PM}$,figure3_pipeline4,hoa,,1134,64,0.01,0.01,0.5,0.7,68.40144500732421,67.78816162109375,69.31490707397461,1.2901029075205384,67.1875,71.75481414794922,69.47115631103516,68.52133646011353,70.3485610961914,10,f1_2798e5ba6c80edc2
main_add_10seed,sage,cora,0.001,0,$\mathsf{UPGNet\text{-}PM}$,figure3_pipeline4,hoa,,437,4,0.001,0.0001,0.25,0.3,77.69571685791016,76.15915834426879,79.08456495285034,2.5144541129418805,73.70753479003906,80.94534301757812,77.59231872558594,76.08567274093629,78.89216997146606,10,f1_99586fc8b30a1773
main_add_10seed,sage,cora,0.01,1,$\mathsf{UPGNet\text{-}PM}$,figure3_pipeline4,hoa,,1200,64,0.001,0.01,0.75,0.9,81.6986686706543,80.723779296875,82.57016145706176,1.4811215666764226,78.43426513671875,83.75184631347656,81.62481460571288,80.96011657714844,82.24519884109496,10,f1_006beff5e8c1dda2
main_add_10seed,sage,cora,0.1,2,$\mathsf{UPGNet\text{-}PM}$,figure3_pipeline4,hoa,,1140,64,0.01,0.01,0.75,0.9,82.90989532470704,82.18611448287965,83.67798921585083,1.2515256544975604,81.38848114013672,85.08123779296875,82.99852142333984,81.93500671386718,83.91432723999023,10,f1_c0e9cdf0f8bd5c23
main_add_10seed,sage,cora,1.0,3,$\mathsf{UPGNet\text{-}PM}$,figure3_pipeline4,hoa,,1139,64,0.01,0.01,0.75,0.7,84.7267349243164,83.98781354904175,85.50960008621216,1.2955926029987601,82.7178726196289,87.59231567382812,85.03692626953125,84.16506500244141,85.87924650192261,10,f1_a2d7028b56d39988
main_add_10seed,sage,cora,10.0,9,$\mathsf{UPGNet\text{-}PM}$,figure3_pipeline4,hoa,,1140,64,0.01,0.01,0.75,0.9,84.62333679199219,84.12112121582031,85.12592239379883,0.8737279835243507,83.3087158203125,86.1152114868164,85.0369270324707,84.40140304565429,85.70162353515624,10,f1_4714647284c3a578
main_add_10seed,sage,cora,2.0,4,$\mathsf{UPGNet\text{-}PM}$,figure3_pipeline4,hoa,,1139,64,0.01,0.01,0.75,0.7,84.85967330932617,84.26846086502074,85.52474060058594,1.0747853752469052,83.3087158203125,86.85376739501953,84.78582000732422,83.76661832809448,85.64253999710083,10,f1_50d982ec4d0e034c
main_add_10seed,sage,cora,3.0,5,$\mathsf{UPGNet\text{-}PM}$,figure3_pipeline4,hoa,,1139,64,0.01,0.01,0.75,0.7,84.38700103759766,82.93906936645507,85.55391313552856,2.3767159927279855,78.28656005859375,86.41063690185547,84.43131408691406,82.65805051803589,85.65730974197388,10,f1_0fe2e4d13454ab0e
main_add_10seed,sage,cora,4.0,6,$\mathsf{UPGNet\text{-}PM}$,figure3_pipeline4,hoa,,1130,64,0.01,0.01,0.25,0.9,84.15066299438476,83.27880172729492,84.85967330932617,1.3734346444505086,80.94534301757812,85.81979370117188,84.83013076782227,83.89918592453003,85.64290847778321,10,f1_d4c463ee1dd1eb55
main_add_10seed,sage,cora,6.0,7,$\mathsf{UPGNet\text{-}PM}$,figure3_pipeline4,hoa,,1139,64,0.01,0.01,0.75,0.7,84.84490432739258,83.87001571655273,85.62776872634888,1.500228175578697,81.38848114013672,86.7060546875,84.85967330932617,83.95864023208618,85.58382415771484,10,f1_1b86057e63efecc2
main_add_10seed,sage,cora,8.0,8,$\mathsf{UPGNet\text{-}PM}$,figure3_pipeline4,hoa,,1139,64,0.01,0.01,0.75,0.7,85.11078262329102,84.53471221923829,85.79025115966797,1.0299801940995992,83.75184631347656,87.2968978881836,85.08124008178712,84.31314544677734,85.82016222000122,10,f1_b5d1587ca1b43a00
main_add_10seed,sage,facebook,0.001,0,$\mathsf{UPGNet\text{-}PM}$,figure3_pipeline4,hoa,,287,2,0.001,0.01,0.25,0.3,90.54111862182617,89.89827428817749,91.01641872406006,0.9186152550157757,88.30545043945312,91.49163055419922,91.10537719726562,90.558743019104,91.51490779876708,10,f1_e282b1e7b2d56ee4
main_add_10seed,sage,facebook,0.01,1,$\mathsf{UPGNet\text{-}PM}$,figure3_pipeline4,hoa,,1195,64,0.001,0.01,0.5,0.9,92.86934890747071,92.66273580551147,93.05624626159668,0.33090563561454917,92.39942932128906,93.36062622070312,93.15948791503907,92.84264982223512,93.43560916900634,10,f1_7e016b5e6a281f38
main_add_10seed,sage,facebook,0.1,2,$\mathsf{UPGNet\text{-}PM}$,figure3_pipeline4,hoa,,1199,64,0.001,0.01,0.75,0.7,93.64008560180665,93.3837216758728,93.87344079971314,0.42546733151469396,92.8800277709961,94.23281860351562,94.04236526489258,93.77709939956665,94.31826478958129,10,f1_44a6049c53cd5f0d
main_add_10seed,sage,facebook,1.0,3,$\mathsf{UPGNet\text{-}PM}$,figure3_pipeline4,hoa,,1018,32,0.001,0.01,0.75,0.5,94.1242431640625,93.8910199356079,94.32182161331177,0.3637710320536394,93.48522186279295,94.66001892089844,94.34674301147462,94.1313659286499,94.5603846359253,10,f1_b7ddbfbd4684a6f2
main_add_10seed,sage,facebook,10.0,9,$\mathsf{UPGNet\text{-}PM}$,figure3_pipeline4,hoa,,934,32,0.01,0.001,0.25,0.7,94.04948348999024,93.84651849746703,94.27024866104125,0.3612085039768703,93.48522186279295,94.67782592773438,94.31648330688476,94.07613735198976,94.57462720870971,10,f1_dfdd8c8474877ae3
main_add_10seed,sage,facebook,2.0,4,$\mathsf{UPGNet\text{-}PM}$,figure3_pipeline4,hoa,,1017,32,0.001,0.01,0.75,0.3,94.03346405029296,93.8412239074707,94.26668727874757,0.36089005211661335,93.60982513427734,94.80242156982422,94.33784255981445,94.11000440597535,94.58535055160523,10,f1_16f55ddf7c52e15a
main_add_10seed,sage,facebook,3.0,5,$\mathsf{UPGNet\text{-}PM}$,figure3_pipeline4,hoa,,1018,32,0.001,0.01,0.75,0.5,94.05482406616211,93.88038330078125,94.24706497192383,0.3045145021823714,93.68102264404295,94.69562530517578,94.35386352539062,94.1455157470703,94.56212160110474,10,f1_f09771cc849b8e34
main_add_10seed,sage,facebook,4.0,6,$\mathsf{UPGNet\text{-}PM}$,figure3_pipeline4,hoa,,1017,32,0.001,0.01,0.75,0.3,94.04414291381836,93.82871990203859,94.28097049713134,0.38178410645542393,93.46742248535156,94.83802032470705,94.40370330810546,94.14382553100586,94.67786880493165,10,f1_f68ec7b0c738411b
main_add_10seed,sage,facebook,6.0,7,$\mathsf{UPGNet\text{-}PM}$,figure3_pipeline4,hoa,,839,16,0.001,0.01,0.75,0.7,93.9978645324707,93.81630702972411,94.19370977401734,0.3350935352860857,93.5030288696289,94.7668228149414,94.32004318237304,94.13314512252808,94.53190414428711,10,f1_f6d63b2d7b606d8d
main_add_10seed,sage,facebook,8.0,8,$\mathsf{UPGNet\text{-}PM}$,figure3_pipeline4,hoa,,759,16,0.01,0.001,0.5,0.7,93.96048507690429,93.76107919692993,94.1777318572998,0.3515260852143927,93.48522186279295,94.62442016601562,94.26130294799805,94.07604982376098,94.46604785919189,10,f1_7fa4c19d353d2ebb
main_add_10seed,sage,lastfm,0.001,0,$\mathsf{UPGNet\text{-}PM}$,figure3_pipeline4,hoa,,392,4,0.01,0.001,0.25,0.3,82.98136520385742,82.07763822555542,83.80575792312622,1.586441169607232,80.06775665283203,84.98023986816406,83.59683685302734,82.68774642944337,84.40993579864502,10,f1_9e4fbb0790f49797
main_add_10seed,sage,lastfm,0.01,1,$\mathsf{UPGNet\text{-}PM}$,figure3_pipeline4,hoa,,362,4,0.01,0.0,0.25,0.3,83.02089004516601,82.05505138397216,83.90188903808594,1.6518268471470106,80.23715209960938,85.0931625366211,83.7097671508789,82.72134391784668,84.60756456375121,10,f1_8183f6818bb36e90
main_add_10seed,sage,lastfm,0.1,2,$\mathsf{UPGNet\text{-}PM}$,figure3_pipeline4,hoa,,1195,64,0.001,0.01,0.5,0.9,87.09203643798828,86.65711288452148,87.52681886672973,0.7319705450656031,86.33540344238281,88.02935791015625,87.92772216796875,87.56606142044068,88.3286247253418,10,f1_53272753f209189f
main_add_10seed,sage,lastfm,1.0,3,$\mathsf{UPGNet\text{-}PM}$,figure3_pipeline4,hoa,,1199,64,0.001,0.01,0.75,0.7,87.93337020874023,87.46456602096558,88.36829603195191,0.7733211096452398,87.01298522949219,88.98927307128906,88.50366821289063,88.13664472579957,88.87690357208253,10,f1_15c1f303736f7b73
main_add_10seed,sage,lastfm,10.0,9,$\mathsf{UPGNet\text{-}PM}$,figure3_pipeline4,hoa,,1130,64,0.01,0.01,0.25,0.9,88.27216033935547,87.85996322631836,88.67899402618409,0.7367236022119008,87.35177612304688,89.55392456054688,88.81422805786133,88.50917430877685,89.14186857223511,10,f1_b4fff79dfdd9dda4
main_add_10seed,sage,lastfm,2.0,4,$\mathsf{UPGNet\text{-}PM}$,figure3_pipeline4,hoa,,1198,64,0.001,0.01,0.75,0.5,87.80349807739258,87.30081708908081,88.30603790283203,0.8694745975006638,86.56126403808594,88.76341247558594,88.33991928100586,87.92757951736449,88.72388460159301,10,f1_7e392cb9310f4717
main_add_10seed,sage,lastfm,3.0,5,$\mathsf{UPGNet\text{-}PM}$,figure3_pipeline4,hoa,,1198,64,0.001,0.01,0.75,0.5,87.93901596069335,87.39116132736207,88.40231330871582,0.8576613312911493,86.3918685913086,88.93280792236328,88.50931701660156,88.11406093597411,88.96118087768555,10,f1_8cdc4cac5e596eaf
main_add_10seed,sage,lastfm,4.0,6,$\mathsf{UPGNet\text{-}PM}$,figure3_pipeline4,hoa,,1135,64,0.01,0.01,0.5,0.9,88.01241989135742,87.51552579879761,88.54884033203125,0.9247788457207439,86.56126403808594,89.32806396484375,88.69000473022462,88.32862699508668,89.08526153564453,10,f1_58195ed571431870
main_add_10seed,sage,lastfm,6.0,7,$\mathsf{UPGNet\text{-}PM}$,figure3_pipeline4,hoa,,1130,64,0.01,0.01,0.25,0.9,88.23828125,87.72995298385621,88.71272970199585,0.8082625788842471,87.06945037841797,89.21512603759766,88.7972900390625,88.45835800170899,89.12492902755737,10,f1_f54c6a368caadbfe
main_add_10seed,sage,lastfm,8.0,8,$\mathsf{UPGNet\text{-}PM}$,figure3_pipeline4,hoa,,1135,64,0.01,0.01,0.5,0.9,88.33991851806641,87.83173292160035,88.80350109100341,0.8426804377176719,86.84358978271484,89.44098663330078,88.72388153076172,88.36800916671753,89.11363372802734,10,f1_811a59c741ad7698
featfree_homo_rerun_hoa,gat,citeseer,0.001,0,$\mathsf{FeatFree}$,featfree,hoa,3703,191,32,0.01,0.01,0.5,none,69.01442642211914,68.38942716598511,69.61538774490356,1.0762261032199147,67.66827392578125,70.91346740722656,69.18269577026368,68.02884979248047,70.21634979248047,10,f1_8bfd82d0c43146da
featfree_homo_rerun_hoa,gat,citeseer,0.01,1,$\mathsf{FeatFree}$,featfree,hoa,3703,191,32,0.01,0.01,0.5,none,69.01442642211914,68.38942716598511,69.61538774490356,1.0762261032199147,67.66827392578125,70.91346740722656,69.18269577026368,68.02884979248047,70.21634979248047,10,f1_8bfd82d0c43146da
featfree_homo_rerun_hoa,gat,citeseer,0.1,2,$\mathsf{FeatFree}$,featfree,hoa,3703,191,32,0.01,0.01,0.5,none,69.01442642211914,68.38942716598511,69.61538774490356,1.0762261032199147,67.66827392578125,70.91346740722656,69.18269577026368,68.02884979248047,70.21634979248047,10,f1_8bfd82d0c43146da
featfree_homo_rerun_hoa,gat,citeseer,1.0,3,$\mathsf{FeatFree}$,featfree,hoa,3703,191,32,0.01,0.01,0.5,none,69.01442642211914,68.38942716598511,69.61538774490356,1.0762261032199147,67.66827392578125,70.91346740722656,69.18269577026368,68.02884979248047,70.21634979248047,10,f1_8bfd82d0c43146da
featfree_homo_rerun_hoa,gat,citeseer,2.0,4,$\mathsf{FeatFree}$,featfree,hoa,3703,191,32,0.01,0.01,0.5,none,69.01442642211914,68.38942716598511,69.61538774490356,1.0762261032199147,67.66827392578125,70.91346740722656,69.18269577026368,68.02884979248047,70.21634979248047,10,f1_8bfd82d0c43146da
featfree_homo_rerun_hoa,gat,citeseer,3.0,5,$\mathsf{FeatFree}$,featfree,hoa,3703,191,32,0.01,0.01,0.5,none,69.01442642211914,68.38942716598511,69.61538774490356,1.0762261032199147,67.66827392578125,70.91346740722656,69.18269577026368,68.02884979248047,70.21634979248047,10,f1_8bfd82d0c43146da
featfree_homo_rerun_hoa,gat,citeseer,4.0,6,$\mathsf{FeatFree}$,featfree,hoa,3703,191,32,0.01,0.01,0.5,none,69.01442642211914,68.38942716598511,69.61538774490356,1.0762261032199147,67.66827392578125,70.91346740722656,69.18269577026368,68.02884979248047,70.21634979248047,10,f1_8bfd82d0c43146da
featfree_homo_rerun_hoa,gat,citeseer,6.0,7,$\mathsf{FeatFree}$,featfree,hoa,3703,191,32,0.01,0.01,0.5,none,69.01442642211914,68.38942716598511,69.61538774490356,1.0762261032199147,67.66827392578125,70.91346740722656,69.18269577026368,68.02884979248047,70.21634979248047,10,f1_8bfd82d0c43146da
featfree_homo_rerun_hoa,gat,citeseer,8.0,8,$\mathsf{FeatFree}$,featfree,hoa,3703,191,32,0.01,0.01,0.5,none,69.01442642211914,68.38942716598511,69.61538774490356,1.0762261032199147,67.66827392578125,70.91346740722656,69.18269577026368,68.02884979248047,70.21634979248047,10,f1_8bfd82d0c43146da
featfree_homo_rerun_hoa,gat,citeseer,10.0,9,$\mathsf{FeatFree}$,featfree,hoa,3703,191,32,0.01,0.01,0.5,none,69.01442642211914,68.38942716598511,69.61538774490356,1.0762261032199147,67.66827392578125,70.91346740722656,69.18269577026368,68.02884979248047,70.21634979248047,10,f1_8bfd82d0c43146da
featfree_homo_rerun_hoa,gat,cora,0.001,0,$\mathsf{FeatFree}$,featfree,hoa,1433,192,32,0.01,0.01,0.75,none,85.14032440185547,84.51994016647339,85.79062042236329,1.0309213700165805,83.4564208984375,86.85376739501953,85.21417922973633,84.37222900390626,85.98227312088012,10,f1_7ce5db2abf756d5d
featfree_homo_rerun_hoa,gat,cora,0.01,1,$\mathsf{FeatFree}$,featfree,hoa,1433,192,32,0.01,0.01,0.75,none,85.14032440185547,84.51994016647339,85.79062042236329,1.0309213700165805,83.4564208984375,86.85376739501953,85.21417922973633,84.37222900390626,85.98227312088012,10,f1_7ce5db2abf756d5d
featfree_homo_rerun_hoa,gat,cora,0.1,2,$\mathsf{FeatFree}$,featfree,hoa,1433,192,32,0.01,0.01,0.75,none,85.14032440185547,84.51994016647339,85.79062042236329,1.0309213700165805,83.4564208984375,86.85376739501953,85.21417922973633,84.37222900390626,85.98227312088012,10,f1_7ce5db2abf756d5d
featfree_homo_rerun_hoa,gat,cora,1.0,3,$\mathsf{FeatFree}$,featfree,hoa,1433,192,32,0.01,0.01,0.75,none,85.14032440185547,84.51994016647339,85.79062042236329,1.0309213700165805,83.4564208984375,86.85376739501953,85.21417922973633,84.37222900390626,85.98227312088012,10,f1_7ce5db2abf756d5d
featfree_homo_rerun_hoa,gat,cora,2.0,4,$\mathsf{FeatFree}$,featfree,hoa,1433,192,32,0.01,0.01,0.75,none,85.14032440185547,84.51994016647339,85.79062042236329,1.0309213700165805,83.4564208984375,86.85376739501953,85.21417922973633,84.37222900390626,85.98227312088012,10,f1_7ce5db2abf756d5d
featfree_homo_rerun_hoa,gat,cora,3.0,5,$\mathsf{FeatFree}$,featfree,hoa,1433,192,32,0.01,0.01,0.75,none,85.14032440185547,84.51994016647339,85.79062042236329,1.0309213700165805,83.4564208984375,86.85376739501953,85.21417922973633,84.37222900390626,85.98227312088012,10,f1_7ce5db2abf756d5d
featfree_homo_rerun_hoa,gat,cora,4.0,6,$\mathsf{FeatFree}$,featfree,hoa,1433,192,32,0.01,0.01,0.75,none,85.14032440185547,84.51994016647339,85.79062042236329,1.0309213700165805,83.4564208984375,86.85376739501953,85.21417922973633,84.37222900390626,85.98227312088012,10,f1_7ce5db2abf756d5d
featfree_homo_rerun_hoa,gat,cora,6.0,7,$\mathsf{FeatFree}$,featfree,hoa,1433,192,32,0.01,0.01,0.75,none,85.14032440185547,84.51994016647339,85.79062042236329,1.0309213700165805,83.4564208984375,86.85376739501953,85.21417922973633,84.37222900390626,85.98227312088012,10,f1_7ce5db2abf756d5d
featfree_homo_rerun_hoa,gat,cora,8.0,8,$\mathsf{FeatFree}$,featfree,hoa,1433,192,32,0.01,0.01,0.75,none,85.14032440185547,84.51994016647339,85.79062042236329,1.0309213700165805,83.4564208984375,86.85376739501953,85.21417922973633,84.37222900390626,85.98227312088012,10,f1_7ce5db2abf756d5d
featfree_homo_rerun_hoa,gat,cora,10.0,9,$\mathsf{FeatFree}$,featfree,hoa,1433,192,32,0.01,0.01,0.75,none,85.14032440185547,84.51994016647339,85.79062042236329,1.0309213700165805,83.4564208984375,86.85376739501953,85.21417922973633,84.37222900390626,85.98227312088012,10,f1_7ce5db2abf756d5d
featfree_homo_rerun_hoa,gat,facebook,0.001,0,$\mathsf{FeatFree}$,featfree,hoa,4714,222,64,0.01,0.0001,0.75,none,93.812744140625,93.65957363128663,93.94450937271118,0.2490872606755347,93.27162170410156,94.1794204711914,94.05304260253907,93.82160009384155,94.3166152381897,10,f1_8996b5d3962bed52
featfree_homo_rerun_hoa,gat,facebook,0.01,1,$\mathsf{FeatFree}$,featfree,hoa,4714,222,64,0.01,0.0001,0.75,none,93.812744140625,93.65957363128663,93.94450937271118,0.2490872606755347,93.27162170410156,94.1794204711914,94.05304260253907,93.82160009384155,94.3166152381897,10,f1_8996b5d3962bed52
featfree_homo_rerun_hoa,gat,facebook,0.1,2,$\mathsf{FeatFree}$,featfree,hoa,4714,222,64,0.01,0.0001,0.75,none,93.812744140625,93.65957363128663,93.94450937271118,0.2490872606755347,93.27162170410156,94.1794204711914,94.05304260253907,93.82160009384155,94.3166152381897,10,f1_8996b5d3962bed52
featfree_homo_rerun_hoa,gat,facebook,1.0,3,$\mathsf{FeatFree}$,featfree,hoa,4714,222,64,0.01,0.0001,0.75,none,93.812744140625,93.65957363128663,93.94450937271118,0.2490872606755347,93.27162170410156,94.1794204711914,94.05304260253907,93.82160009384155,94.3166152381897,10,f1_8996b5d3962bed52
featfree_homo_rerun_hoa,gat,facebook,2.0,4,$\mathsf{FeatFree}$,featfree,hoa,4714,222,64,0.01,0.0001,0.75,none,93.812744140625,93.65957363128663,93.94450937271118,0.2490872606755347,93.27162170410156,94.1794204711914,94.05304260253907,93.82160009384155,94.3166152381897,10,f1_8996b5d3962bed52
featfree_homo_rerun_hoa,gat,facebook,3.0,5,$\mathsf{FeatFree}$,featfree,hoa,4714,222,64,0.01,0.0001,0.75,none,93.812744140625,93.65957363128663,93.94450937271118,0.2490872606755347,93.27162170410156,94.1794204711914,94.05304260253907,93.82160009384155,94.3166152381897,10,f1_8996b5d3962bed52
featfree_homo_rerun_hoa,gat,facebook,4.0,6,$\mathsf{FeatFree}$,featfree,hoa,4714,222,64,0.01,0.0001,0.75,none,93.812744140625,93.65957363128663,93.94450937271118,0.2490872606755347,93.27162170410156,94.1794204711914,94.05304260253907,93.82160009384155,94.3166152381897,10,f1_8996b5d3962bed52
featfree_homo_rerun_hoa,gat,facebook,6.0,7,$\mathsf{FeatFree}$,featfree,hoa,4714,222,64,0.01,0.0001,0.75,none,93.812744140625,93.65957363128663,93.94450937271118,0.2490872606755347,93.27162170410156,94.1794204711914,94.05304260253907,93.82160009384155,94.3166152381897,10,f1_8996b5d3962bed52
featfree_homo_rerun_hoa,gat,facebook,8.0,8,$\mathsf{FeatFree}$,featfree,hoa,4714,222,64,0.01,0.0001,0.75,none,93.812744140625,93.65957363128663,93.94450937271118,0.2490872606755347,93.27162170410156,94.1794204711914,94.05304260253907,93.82160009384155,94.3166152381897,10,f1_8996b5d3962bed52
featfree_homo_rerun_hoa,gat,facebook,10.0,9,$\mathsf{FeatFree}$,featfree,hoa,4714,222,64,0.01,0.0001,0.75,none,93.812744140625,93.65957363128663,93.94450937271118,0.2490872606755347,93.27162170410156,94.1794204711914,94.05304260253907,93.82160009384155,94.3166152381897,10,f1_8996b5d3962bed52
featfree_homo_rerun_hoa,gat,lastfm,0.001,0,$\mathsf{FeatFree}$,featfree,hoa,7842,187,32,0.01,0.001,0.25,none,88.28345413208008,87.90499418258668,88.69579463958739,0.6639857338131446,87.35177612304688,89.1586685180664,88.73517684936523,88.3003959274292,89.17024154663086,10,f1_c25754df6eb6bb7f
featfree_homo_rerun_hoa,gat,lastfm,0.01,1,$\mathsf{FeatFree}$,featfree,hoa,7842,187,32,0.01,0.001,0.25,none,88.28345413208008,87.90499418258668,88.69579463958739,0.6639857338131446,87.35177612304688,89.1586685180664,88.73517684936523,88.3003959274292,89.17024154663086,10,f1_c25754df6eb6bb7f
featfree_homo_rerun_hoa,gat,lastfm,0.1,2,$\mathsf{FeatFree}$,featfree,hoa,7842,187,32,0.01,0.001,0.25,none,88.28345413208008,87.90499418258668,88.69579463958739,0.6639857338131446,87.35177612304688,89.1586685180664,88.73517684936523,88.3003959274292,89.17024154663086,10,f1_c25754df6eb6bb7f
featfree_homo_rerun_hoa,gat,lastfm,1.0,3,$\mathsf{FeatFree}$,featfree,hoa,7842,187,32,0.01,0.001,0.25,none,88.28345413208008,87.90499418258668,88.69579463958739,0.6639857338131446,87.35177612304688,89.1586685180664,88.73517684936523,88.3003959274292,89.17024154663086,10,f1_c25754df6eb6bb7f
featfree_homo_rerun_hoa,gat,lastfm,2.0,4,$\mathsf{FeatFree}$,featfree,hoa,7842,187,32,0.01,0.001,0.25,none,88.28345413208008,87.90499418258668,88.69579463958739,0.6639857338131446,87.35177612304688,89.1586685180664,88.73517684936523,88.3003959274292,89.17024154663086,10,f1_c25754df6eb6bb7f
featfree_homo_rerun_hoa,gat,lastfm,3.0,5,$\mathsf{FeatFree}$,featfree,hoa,7842,187,32,0.01,0.001,0.25,none,88.28345413208008,87.90499418258668,88.69579463958739,0.6639857338131446,87.35177612304688,89.1586685180664,88.73517684936523,88.3003959274292,89.17024154663086,10,f1_c25754df6eb6bb7f
featfree_homo_rerun_hoa,gat,lastfm,4.0,6,$\mathsf{FeatFree}$,featfree,hoa,7842,187,32,0.01,0.001,0.25,none,88.28345413208008,87.90499418258668,88.69579463958739,0.6639857338131446,87.35177612304688,89.1586685180664,88.73517684936523,88.3003959274292,89.17024154663086,10,f1_c25754df6eb6bb7f
featfree_homo_rerun_hoa,gat,lastfm,6.0,7,$\mathsf{FeatFree}$,featfree,hoa,7842,187,32,0.01,0.001,0.25,none,88.28345413208008,87.90499418258668,88.69579463958739,0.6639857338131446,87.35177612304688,89.1586685180664,88.73517684936523,88.3003959274292,89.17024154663086,10,f1_c25754df6eb6bb7f
featfree_homo_rerun_hoa,gat,lastfm,8.0,8,$\mathsf{FeatFree}$,featfree,hoa,7842,187,32,0.01,0.001,0.25,none,88.28345413208008,87.90499418258668,88.69579463958739,0.6639857338131446,87.35177612304688,89.1586685180664,88.73517684936523,88.3003959274292,89.17024154663086,10,f1_c25754df6eb6bb7f
featfree_homo_rerun_hoa,gat,lastfm,10.0,9,$\mathsf{FeatFree}$,featfree,hoa,7842,187,32,0.01,0.001,0.25,none,88.28345413208008,87.90499418258668,88.69579463958739,0.6639857338131446,87.35177612304688,89.1586685180664,88.73517684936523,88.3003959274292,89.17024154663086,10,f1_c25754df6eb6bb7f
featfree_homo_rerun_hoa,gcn,citeseer,0.001,0,$\mathsf{FeatFree}$,featfree,hoa,3703,156,16,0.01,0.01,0.75,none,68.18509826660156,67.55979707717896,68.85847463607787,1.1118051350938605,66.22596740722656,70.3125,68.05288848876953,66.53816463470459,69.50721437454223,10,f1_bbb2a4515a2b8922
featfree_homo_rerun_hoa,gcn,citeseer,0.01,1,$\mathsf{FeatFree}$,featfree,hoa,3703,156,16,0.01,0.01,0.75,none,68.18509826660156,67.55979707717896,68.85847463607787,1.1118051350938605,66.22596740722656,70.3125,68.05288848876953,66.53816463470459,69.50721437454223,10,f1_bbb2a4515a2b8922
featfree_homo_rerun_hoa,gcn,citeseer,0.1,2,$\mathsf{FeatFree}$,featfree,hoa,3703,156,16,0.01,0.01,0.75,none,68.18509826660156,67.55979707717896,68.85847463607787,1.1118051350938605,66.22596740722656,70.3125,68.05288848876953,66.53816463470459,69.50721437454223,10,f1_bbb2a4515a2b8922
featfree_homo_rerun_hoa,gcn,citeseer,1.0,3,$\mathsf{FeatFree}$,featfree,hoa,3703,156,16,0.01,0.01,0.75,none,68.18509826660156,67.55979707717896,68.85847463607787,1.1118051350938605,66.22596740722656,70.3125,68.05288848876953,66.53816463470459,69.50721437454223,10,f1_bbb2a4515a2b8922
featfree_homo_rerun_hoa,gcn,citeseer,2.0,4,$\mathsf{FeatFree}$,featfree,hoa,3703,156,16,0.01,0.01,0.75,none,68.18509826660156,67.55979707717896,68.85847463607787,1.1118051350938605,66.22596740722656,70.3125,68.05288848876953,66.53816463470459,69.50721437454223,10,f1_bbb2a4515a2b8922
featfree_homo_rerun_hoa,gcn,citeseer,3.0,5,$\mathsf{FeatFree}$,featfree,hoa,3703,156,16,0.01,0.01,0.75,none,68.18509826660156,67.55979707717896,68.85847463607787,1.1118051350938605,66.22596740722656,70.3125,68.05288848876953,66.53816463470459,69.50721437454223,10,f1_bbb2a4515a2b8922
featfree_homo_rerun_hoa,gcn,citeseer,4.0,6,$\mathsf{FeatFree}$,featfree,hoa,3703,156,16,0.01,0.01,0.75,none,68.18509826660156,67.55979707717896,68.85847463607787,1.1118051350938605,66.22596740722656,70.3125,68.05288848876953,66.53816463470459,69.50721437454223,10,f1_bbb2a4515a2b8922
featfree_homo_rerun_hoa,gcn,citeseer,6.0,7,$\mathsf{FeatFree}$,featfree,hoa,3703,156,16,0.01,0.01,0.75,none,68.18509826660156,67.55979707717896,68.85847463607787,1.1118051350938605,66.22596740722656,70.3125,68.05288848876953,66.53816463470459,69.50721437454223,10,f1_bbb2a4515a2b8922
featfree_homo_rerun_hoa,gcn,citeseer,8.0,8,$\mathsf{FeatFree}$,featfree,hoa,3703,156,16,0.01,0.01,0.75,none,68.18509826660156,67.55979707717896,68.85847463607787,1.1118051350938605,66.22596740722656,70.3125,68.05288848876953,66.53816463470459,69.50721437454223,10,f1_bbb2a4515a2b8922
featfree_homo_rerun_hoa,gcn,citeseer,10.0,9,$\mathsf{FeatFree}$,featfree,hoa,3703,156,16,0.01,0.01,0.75,none,68.18509826660156,67.55979707717896,68.85847463607787,1.1118051350938605,66.22596740722656,70.3125,68.05288848876953,66.53816463470459,69.50721437454223,10,f1_bbb2a4515a2b8922
featfree_homo_rerun_hoa,gcn,cora,0.001,0,$\mathsf{FeatFree}$,featfree,hoa,1433,155,16,0.01,0.01,0.5,none,85.24372024536133,84.51956939697266,86.04135667800902,1.3035216225551318,83.4564208984375,87.2968978881836,85.27326431274415,84.60856704711914,85.98227388381957,10,f1_009ed6eb77de6e27
featfree_homo_rerun_hoa,gcn,cora,0.01,1,$\mathsf{FeatFree}$,featfree,hoa,1433,155,16,0.01,0.01,0.5,none,85.24372024536133,84.51956939697266,86.04135667800902,1.3035216225551318,83.4564208984375,87.2968978881836,85.27326431274415,84.60856704711914,85.98227388381957,10,f1_009ed6eb77de6e27
featfree_homo_rerun_hoa,gcn,cora,0.1,2,$\mathsf{FeatFree}$,featfree,hoa,1433,155,16,0.01,0.01,0.5,none,85.24372024536133,84.51956939697266,86.04135667800902,1.3035216225551318,83.4564208984375,87.2968978881836,85.27326431274415,84.60856704711914,85.98227388381957,10,f1_009ed6eb77de6e27
featfree_homo_rerun_hoa,gcn,cora,1.0,3,$\mathsf{FeatFree}$,featfree,hoa,1433,155,16,0.01,0.01,0.5,none,85.24372024536133,84.51956939697266,86.04135667800902,1.3035216225551318,83.4564208984375,87.2968978881836,85.27326431274415,84.60856704711914,85.98227388381957,10,f1_009ed6eb77de6e27
featfree_homo_rerun_hoa,gcn,cora,2.0,4,$\mathsf{FeatFree}$,featfree,hoa,1433,155,16,0.01,0.01,0.5,none,85.24372024536133,84.51956939697266,86.04135667800902,1.3035216225551318,83.4564208984375,87.2968978881836,85.27326431274415,84.60856704711914,85.98227388381957,10,f1_009ed6eb77de6e27
featfree_homo_rerun_hoa,gcn,cora,3.0,5,$\mathsf{FeatFree}$,featfree,hoa,1433,155,16,0.01,0.01,0.5,none,85.24372024536133,84.51956939697266,86.04135667800902,1.3035216225551318,83.4564208984375,87.2968978881836,85.27326431274415,84.60856704711914,85.98227388381957,10,f1_009ed6eb77de6e27
featfree_homo_rerun_hoa,gcn,cora,4.0,6,$\mathsf{FeatFree}$,featfree,hoa,1433,155,16,0.01,0.01,0.5,none,85.24372024536133,84.51956939697266,86.04135667800902,1.3035216225551318,83.4564208984375,87.2968978881836,85.27326431274415,84.60856704711914,85.98227388381957,10,f1_009ed6eb77de6e27
featfree_homo_rerun_hoa,gcn,cora,6.0,7,$\mathsf{FeatFree}$,featfree,hoa,1433,155,16,0.01,0.01,0.5,none,85.24372024536133,84.51956939697266,86.04135667800902,1.3035216225551318,83.4564208984375,87.2968978881836,85.27326431274415,84.60856704711914,85.98227388381957,10,f1_009ed6eb77de6e27
featfree_homo_rerun_hoa,gcn,cora,8.0,8,$\mathsf{FeatFree}$,featfree,hoa,1433,155,16,0.01,0.01,0.5,none,85.24372024536133,84.51956939697266,86.04135667800902,1.3035216225551318,83.4564208984375,87.2968978881836,85.27326431274415,84.60856704711914,85.98227388381957,10,f1_009ed6eb77de6e27
featfree_homo_rerun_hoa,gcn,cora,10.0,9,$\mathsf{FeatFree}$,featfree,hoa,1433,155,16,0.01,0.01,0.5,none,85.24372024536133,84.51956939697266,86.04135667800902,1.3035216225551318,83.4564208984375,87.2968978881836,85.27326431274415,84.60856704711914,85.98227388381957,10,f1_009ed6eb77de6e27
featfree_homo_rerun_hoa,gcn,facebook,0.001,0,$\mathsf{FeatFree}$,featfree,hoa,4714,151,16,0.01,0.001,0.25,none,93.79850540161132,93.6185936164856,93.94268417358398,0.28283887692556386,93.1114273071289,94.12602233886719,94.1545036315918,93.94975942611694,94.38238931655883,10,f1_e4a69cfc2c1e9316
featfree_homo_rerun_hoa,gcn,facebook,0.01,1,$\mathsf{FeatFree}$,featfree,hoa,4714,151,16,0.01,0.001,0.25,none,93.79850540161132,93.6185936164856,93.94268417358398,0.28283887692556386,93.1114273071289,94.12602233886719,94.1545036315918,93.94975942611694,94.38238931655883,10,f1_e4a69cfc2c1e9316
featfree_homo_rerun_hoa,gcn,facebook,0.1,2,$\mathsf{FeatFree}$,featfree,hoa,4714,151,16,0.01,0.001,0.25,none,93.79850540161132,93.6185936164856,93.94268417358398,0.28283887692556386,93.1114273071289,94.12602233886719,94.1545036315918,93.94975942611694,94.38238931655883,10,f1_e4a69cfc2c1e9316
featfree_homo_rerun_hoa,gcn,facebook,1.0,3,$\mathsf{FeatFree}$,featfree,hoa,4714,151,16,0.01,0.001,0.25,none,93.79850540161132,93.6185936164856,93.94268417358398,0.28283887692556386,93.1114273071289,94.12602233886719,94.1545036315918,93.94975942611694,94.38238931655883,10,f1_e4a69cfc2c1e9316
featfree_homo_rerun_hoa,gcn,facebook,2.0,4,$\mathsf{FeatFree}$,featfree,hoa,4714,151,16,0.01,0.001,0.25,none,93.79850540161132,93.6185936164856,93.94268417358398,0.28283887692556386,93.1114273071289,94.12602233886719,94.1545036315918,93.94975942611694,94.38238931655883,10,f1_e4a69cfc2c1e9316
featfree_homo_rerun_hoa,gcn,facebook,3.0,5,$\mathsf{FeatFree}$,featfree,hoa,4714,151,16,0.01,0.001,0.25,none,93.79850540161132,93.6185936164856,93.94268417358398,0.28283887692556386,93.1114273071289,94.12602233886719,94.1545036315918,93.94975942611694,94.38238931655883,10,f1_e4a69cfc2c1e9316
featfree_homo_rerun_hoa,gcn,facebook,4.0,6,$\mathsf{FeatFree}$,featfree,hoa,4714,151,16,0.01,0.001,0.25,none,93.79850540161132,93.6185936164856,93.94268417358398,0.28283887692556386,93.1114273071289,94.12602233886719,94.1545036315918,93.94975942611694,94.38238931655883,10,f1_e4a69cfc2c1e9316
featfree_homo_rerun_hoa,gcn,facebook,6.0,7,$\mathsf{FeatFree}$,featfree,hoa,4714,151,16,0.01,0.001,0.25,none,93.79850540161132,93.6185936164856,93.94268417358398,0.28283887692556386,93.1114273071289,94.12602233886719,94.1545036315918,93.94975942611694,94.38238931655883,10,f1_e4a69cfc2c1e9316
featfree_homo_rerun_hoa,gcn,facebook,8.0,8,$\mathsf{FeatFree}$,featfree,hoa,4714,151,16,0.01,0.001,0.25,none,93.79850540161132,93.6185936164856,93.94268417358398,0.28283887692556386,93.1114273071289,94.12602233886719,94.1545036315918,93.94975942611694,94.38238931655883,10,f1_e4a69cfc2c1e9316
featfree_homo_rerun_hoa,gcn,facebook,10.0,9,$\mathsf{FeatFree}$,featfree,hoa,4714,151,16,0.01,0.001,0.25,none,93.79850540161132,93.6185936164856,93.94268417358398,0.28283887692556386,93.1114273071289,94.12602233886719,94.1545036315918,93.94975942611694,94.38238931655883,10,f1_e4a69cfc2c1e9316
featfree_homo_rerun_hoa,gcn,lastfm,0.001,0,$\mathsf{FeatFree}$,featfree,hoa,7842,225,64,0.01,0.001,0.75,none,88.52625427246093,88.09711837768555,88.91600719451904,0.7011204409352179,87.2953109741211,89.32806396484375,89.00620956420899,88.69550928115845,89.32820360183716,10,f1_bf8b6bb245ada885
featfree_homo_rerun_hoa,gcn,lastfm,0.01,1,$\mathsf{FeatFree}$,featfree,hoa,7842,225,64,0.01,0.001,0.75,none,88.52625427246093,88.09711837768555,88.91600719451904,0.7011204409352179,87.2953109741211,89.32806396484375,89.00620956420899,88.69550928115845,89.32820360183716,10,f1_bf8b6bb245ada885
featfree_homo_rerun_hoa,gcn,lastfm,0.1,2,$\mathsf{FeatFree}$,featfree,hoa,7842,225,64,0.01,0.001,0.75,none,88.52625427246093,88.09711837768555,88.91600719451904,0.7011204409352179,87.2953109741211,89.32806396484375,89.00620956420899,88.69550928115845,89.32820360183716,10,f1_bf8b6bb245ada885
featfree_homo_rerun_hoa,gcn,lastfm,1.0,3,$\mathsf{FeatFree}$,featfree,hoa,7842,225,64,0.01,0.001,0.75,none,88.52625427246093,88.09711837768555,88.91600719451904,0.7011204409352179,87.2953109741211,89.32806396484375,89.00620956420899,88.69550928115845,89.32820360183716,10,f1_bf8b6bb245ada885
featfree_homo_rerun_hoa,gcn,lastfm,2.0,4,$\mathsf{FeatFree}$,featfree,hoa,7842,225,64,0.01,0.001,0.75,none,88.52625427246093,88.09711837768555,88.91600719451904,0.7011204409352179,87.2953109741211,89.32806396484375,89.00620956420899,88.69550928115845,89.32820360183716,10,f1_bf8b6bb245ada885
featfree_homo_rerun_hoa,gcn,lastfm,3.0,5,$\mathsf{FeatFree}$,featfree,hoa,7842,225,64,0.01,0.001,0.75,none,88.52625427246093,88.09711837768555,88.91600719451904,0.7011204409352179,87.2953109741211,89.32806396484375,89.00620956420899,88.69550928115845,89.32820360183716,10,f1_bf8b6bb245ada885
featfree_homo_rerun_hoa,gcn,lastfm,4.0,6,$\mathsf{FeatFree}$,featfree,hoa,7842,225,64,0.01,0.001,0.75,none,88.52625427246093,88.09711837768555,88.91600719451904,0.7011204409352179,87.2953109741211,89.32806396484375,89.00620956420899,88.69550928115845,89.32820360183716,10,f1_bf8b6bb245ada885
featfree_homo_rerun_hoa,gcn,lastfm,6.0,7,$\mathsf{FeatFree}$,featfree,hoa,7842,225,64,0.01,0.001,0.75,none,88.52625427246093,88.09711837768555,88.91600719451904,0.7011204409352179,87.2953109741211,89.32806396484375,89.00620956420899,88.69550928115845,89.32820360183716,10,f1_bf8b6bb245ada885
featfree_homo_rerun_hoa,gcn,lastfm,8.0,8,$\mathsf{FeatFree}$,featfree,hoa,7842,225,64,0.01,0.001,0.75,none,88.52625427246093,88.09711837768555,88.91600719451904,0.7011204409352179,87.2953109741211,89.32806396484375,89.00620956420899,88.69550928115845,89.32820360183716,10,f1_bf8b6bb245ada885
featfree_homo_rerun_hoa,gcn,lastfm,10.0,9,$\mathsf{FeatFree}$,featfree,hoa,7842,225,64,0.01,0.001,0.75,none,88.52625427246093,88.09711837768555,88.91600719451904,0.7011204409352179,87.2953109741211,89.32806396484375,89.00620956420899,88.69550928115845,89.32820360183716,10,f1_bf8b6bb245ada885
featfree_homo_rerun_hoa,sage,citeseer,0.001,0,$\mathsf{FeatFree}$,featfree,hoa,3703,103,4,0.0001,0.001,0.25,none,67.84856033325195,67.30769500732421,68.5459761428833,1.069418620607954,66.46634674072266,70.43269348144531,68.87019577026368,67.95643321990967,69.6875030899048,10,f1_12c510f8aa358d82
featfree_homo_rerun_hoa,sage,citeseer,0.01,1,$\mathsf{FeatFree}$,featfree,hoa,3703,103,4,0.0001,0.001,0.25,none,67.84856033325195,67.30769500732421,68.5459761428833,1.069418620607954,66.46634674072266,70.43269348144531,68.87019577026368,67.95643321990967,69.6875030899048,10,f1_12c510f8aa358d82
featfree_homo_rerun_hoa,sage,citeseer,0.1,2,$\mathsf{FeatFree}$,featfree,hoa,3703,103,4,0.0001,0.001,0.25,none,67.84856033325195,67.30769500732421,68.5459761428833,1.069418620607954,66.46634674072266,70.43269348144531,68.87019577026368,67.95643321990967,69.6875030899048,10,f1_12c510f8aa358d82
featfree_homo_rerun_hoa,sage,citeseer,1.0,3,$\mathsf{FeatFree}$,featfree,hoa,3703,103,4,0.0001,0.001,0.25,none,67.84856033325195,67.30769500732421,68.5459761428833,1.069418620607954,66.46634674072266,70.43269348144531,68.87019577026368,67.95643321990967,69.6875030899048,10,f1_12c510f8aa358d82
featfree_homo_rerun_hoa,sage,citeseer,2.0,4,$\mathsf{FeatFree}$,featfree,hoa,3703,103,4,0.0001,0.001,0.25,none,67.84856033325195,67.30769500732421,68.5459761428833,1.069418620607954,66.46634674072266,70.43269348144531,68.87019577026368,67.95643321990967,69.6875030899048,10,f1_12c510f8aa358d82
featfree_homo_rerun_hoa,sage,citeseer,3.0,5,$\mathsf{FeatFree}$,featfree,hoa,3703,103,4,0.0001,0.001,0.25,none,67.84856033325195,67.30769500732421,68.5459761428833,1.069418620607954,66.46634674072266,70.43269348144531,68.87019577026368,67.95643321990967,69.6875030899048,10,f1_12c510f8aa358d82
featfree_homo_rerun_hoa,sage,citeseer,4.0,6,$\mathsf{FeatFree}$,featfree,hoa,3703,103,4,0.0001,0.001,0.25,none,67.84856033325195,67.30769500732421,68.5459761428833,1.069418620607954,66.46634674072266,70.43269348144531,68.87019577026368,67.95643321990967,69.6875030899048,10,f1_12c510f8aa358d82
featfree_homo_rerun_hoa,sage,citeseer,6.0,7,$\mathsf{FeatFree}$,featfree,hoa,3703,103,4,0.0001,0.001,0.25,none,67.84856033325195,67.30769500732421,68.5459761428833,1.069418620607954,66.46634674072266,70.43269348144531,68.87019577026368,67.95643321990967,69.6875030899048,10,f1_12c510f8aa358d82
featfree_homo_rerun_hoa,sage,citeseer,8.0,8,$\mathsf{FeatFree}$,featfree,hoa,3703,103,4,0.0001,0.001,0.25,none,67.84856033325195,67.30769500732421,68.5459761428833,1.069418620607954,66.46634674072266,70.43269348144531,68.87019577026368,67.95643321990967,69.6875030899048,10,f1_12c510f8aa358d82
featfree_homo_rerun_hoa,sage,citeseer,10.0,9,$\mathsf{FeatFree}$,featfree,hoa,3703,103,4,0.0001,0.001,0.25,none,67.84856033325195,67.30769500732421,68.5459761428833,1.069418620607954,66.46634674072266,70.43269348144531,68.87019577026368,67.95643321990967,69.6875030899048,10,f1_12c510f8aa358d82
featfree_homo_rerun_hoa,sage,cora,0.001,0,$\mathsf{FeatFree}$,featfree,hoa,1433,192,32,0.01,0.01,0.75,none,85.25849304199218,84.41654432296754,85.99704439163207,1.3390237860017946,82.86558532714844,87.14918518066406,85.14032363891602,84.34268869400024,85.87924501419067,10,f1_9244b7d2e50ece75
featfree_homo_rerun_hoa,sage,cora,0.01,1,$\mathsf{FeatFree}$,featfree,hoa,1433,192,32,0.01,0.01,0.75,none,85.25849304199218,84.41654432296754,85.99704439163207,1.3390237860017946,82.86558532714844,87.14918518066406,85.14032363891602,84.34268869400024,85.87924501419067,10,f1_9244b7d2e50ece75
featfree_homo_rerun_hoa,sage,cora,0.1,2,$\mathsf{FeatFree}$,featfree,hoa,1433,192,32,0.01,0.01,0.75,none,85.25849304199218,84.41654432296754,85.99704439163207,1.3390237860017946,82.86558532714844,87.14918518066406,85.14032363891602,84.34268869400024,85.87924501419067,10,f1_9244b7d2e50ece75
featfree_homo_rerun_hoa,sage,cora,1.0,3,$\mathsf{FeatFree}$,featfree,hoa,1433,192,32,0.01,0.01,0.75,none,85.25849304199218,84.41654432296754,85.99704439163207,1.3390237860017946,82.86558532714844,87.14918518066406,85.14032363891602,84.34268869400024,85.87924501419067,10,f1_9244b7d2e50ece75
featfree_homo_rerun_hoa,sage,cora,2.0,4,$\mathsf{FeatFree}$,featfree,hoa,1433,192,32,0.01,0.01,0.75,none,85.25849304199218,84.41654432296754,85.99704439163207,1.3390237860017946,82.86558532714844,87.14918518066406,85.14032363891602,84.34268869400024,85.87924501419067,10,f1_9244b7d2e50ece75
featfree_homo_rerun_hoa,sage,cora,3.0,5,$\mathsf{FeatFree}$,featfree,hoa,1433,192,32,0.01,0.01,0.75,none,85.25849304199218,84.41654432296754,85.99704439163207,1.3390237860017946,82.86558532714844,87.14918518066406,85.14032363891602,84.34268869400024,85.87924501419067,10,f1_9244b7d2e50ece75
featfree_homo_rerun_hoa,sage,cora,4.0,6,$\mathsf{FeatFree}$,featfree,hoa,1433,192,32,0.01,0.01,0.75,none,85.25849304199218,84.41654432296754,85.99704439163207,1.3390237860017946,82.86558532714844,87.14918518066406,85.14032363891602,84.34268869400024,85.87924501419067,10,f1_9244b7d2e50ece75
featfree_homo_rerun_hoa,sage,cora,6.0,7,$\mathsf{FeatFree}$,featfree,hoa,1433,192,32,0.01,0.01,0.75,none,85.25849304199218,84.41654432296754,85.99704439163207,1.3390237860017946,82.86558532714844,87.14918518066406,85.14032363891602,84.34268869400024,85.87924501419067,10,f1_9244b7d2e50ece75
featfree_homo_rerun_hoa,sage,cora,8.0,8,$\mathsf{FeatFree}$,featfree,hoa,1433,192,32,0.01,0.01,0.75,none,85.25849304199218,84.41654432296754,85.99704439163207,1.3390237860017946,82.86558532714844,87.14918518066406,85.14032363891602,84.34268869400024,85.87924501419067,10,f1_9244b7d2e50ece75
featfree_homo_rerun_hoa,sage,cora,10.0,9,$\mathsf{FeatFree}$,featfree,hoa,1433,192,32,0.01,0.01,0.75,none,85.25849304199218,84.41654432296754,85.99704439163207,1.3390237860017946,82.86558532714844,87.14918518066406,85.14032363891602,84.34268869400024,85.87924501419067,10,f1_9244b7d2e50ece75
featfree_homo_rerun_hoa,sage,facebook,0.001,0,$\mathsf{FeatFree}$,featfree,hoa,4714,220,64,0.01,0.0001,0.25,none,93.96048431396484,93.79134113311767,94.14204332351684,0.3061330230853609,93.43182373046875,94.5354232788086,94.2114631652832,93.99247871398926,94.46431243896484,10,f1_0f1f6e7d3c89716d
featfree_homo_rerun_hoa,sage,facebook,0.01,1,$\mathsf{FeatFree}$,featfree,hoa,4714,220,64,0.01,0.0001,0.25,none,93.96048431396484,93.79134113311767,94.14204332351684,0.3061330230853609,93.43182373046875,94.5354232788086,94.2114631652832,93.99247871398926,94.46431243896484,10,f1_0f1f6e7d3c89716d
featfree_homo_rerun_hoa,sage,facebook,0.1,2,$\mathsf{FeatFree}$,featfree,hoa,4714,220,64,0.01,0.0001,0.25,none,93.96048431396484,93.79134113311767,94.14204332351684,0.3061330230853609,93.43182373046875,94.5354232788086,94.2114631652832,93.99247871398926,94.46431243896484,10,f1_0f1f6e7d3c89716d
featfree_homo_rerun_hoa,sage,facebook,1.0,3,$\mathsf{FeatFree}$,featfree,hoa,4714,220,64,0.01,0.0001,0.25,none,93.96048431396484,93.79134113311767,94.14204332351684,0.3061330230853609,93.43182373046875,94.5354232788086,94.2114631652832,93.99247871398926,94.46431243896484,10,f1_0f1f6e7d3c89716d
featfree_homo_rerun_hoa,sage,facebook,2.0,4,$\mathsf{FeatFree}$,featfree,hoa,4714,220,64,0.01,0.0001,0.25,none,93.96048431396484,93.79134113311767,94.14204332351684,0.3061330230853609,93.43182373046875,94.5354232788086,94.2114631652832,93.99247871398926,94.46431243896484,10,f1_0f1f6e7d3c89716d
featfree_homo_rerun_hoa,sage,facebook,3.0,5,$\mathsf{FeatFree}$,featfree,hoa,4714,220,64,0.01,0.0001,0.25,none,93.96048431396484,93.79134113311767,94.14204332351684,0.3061330230853609,93.43182373046875,94.5354232788086,94.2114631652832,93.99247871398926,94.46431243896484,10,f1_0f1f6e7d3c89716d
featfree_homo_rerun_hoa,sage,facebook,4.0,6,$\mathsf{FeatFree}$,featfree,hoa,4714,220,64,0.01,0.0001,0.25,none,93.96048431396484,93.79134113311767,94.14204332351684,0.3061330230853609,93.43182373046875,94.5354232788086,94.2114631652832,93.99247871398926,94.46431243896484,10,f1_0f1f6e7d3c89716d
featfree_homo_rerun_hoa,sage,facebook,6.0,7,$\mathsf{FeatFree}$,featfree,hoa,4714,220,64,0.01,0.0001,0.25,none,93.96048431396484,93.79134113311767,94.14204332351684,0.3061330230853609,93.43182373046875,94.5354232788086,94.2114631652832,93.99247871398926,94.46431243896484,10,f1_0f1f6e7d3c89716d
featfree_homo_rerun_hoa,sage,facebook,8.0,8,$\mathsf{FeatFree}$,featfree,hoa,4714,220,64,0.01,0.0001,0.25,none,93.96048431396484,93.79134113311767,94.14204332351684,0.3061330230853609,93.43182373046875,94.5354232788086,94.2114631652832,93.99247871398926,94.46431243896484,10,f1_0f1f6e7d3c89716d
featfree_homo_rerun_hoa,sage,facebook,10.0,9,$\mathsf{FeatFree}$,featfree,hoa,4714,220,64,0.01,0.0001,0.25,none,93.96048431396484,93.79134113311767,94.14204332351684,0.3061330230853609,93.43182373046875,94.5354232788086,94.2114631652832,93.99247871398926,94.46431243896484,10,f1_0f1f6e7d3c89716d
featfree_homo_rerun_hoa,sage,lastfm,0.001,0,$\mathsf{FeatFree}$,featfree,hoa,7842,202,32,0.001,0.01,0.25,none,88.41332397460937,87.94452060699463,88.91600646972657,0.8357367215630089,87.2953109741211,89.4974594116211,88.90457229614258,88.5599921989441,89.28303220748901,10,f1_086c44a9934c5f84
featfree_homo_rerun_hoa,sage,lastfm,0.01,1,$\mathsf{FeatFree}$,featfree,hoa,7842,202,32,0.001,0.01,0.25,none,88.41332397460937,87.94452060699463,88.91600646972657,0.8357367215630089,87.2953109741211,89.4974594116211,88.90457229614258,88.5599921989441,89.28303220748901,10,f1_086c44a9934c5f84
featfree_homo_rerun_hoa,sage,lastfm,0.1,2,$\mathsf{FeatFree}$,featfree,hoa,7842,202,32,0.001,0.01,0.25,none,88.41332397460937,87.94452060699463,88.91600646972657,0.8357367215630089,87.2953109741211,89.4974594116211,88.90457229614258,88.5599921989441,89.28303220748901,10,f1_086c44a9934c5f84
featfree_homo_rerun_hoa,sage,lastfm,1.0,3,$\mathsf{FeatFree}$,featfree,hoa,7842,202,32,0.001,0.01,0.25,none,88.41332397460937,87.94452060699463,88.91600646972657,0.8357367215630089,87.2953109741211,89.4974594116211,88.90457229614258,88.5599921989441,89.28303220748901,10,f1_086c44a9934c5f84
featfree_homo_rerun_hoa,sage,lastfm,2.0,4,$\mathsf{FeatFree}$,featfree,hoa,7842,202,32,0.001,0.01,0.25,none,88.41332397460937,87.94452060699463,88.91600646972657,0.8357367215630089,87.2953109741211,89.4974594116211,88.90457229614258,88.5599921989441,89.28303220748901,10,f1_086c44a9934c5f84
featfree_homo_rerun_hoa,sage,lastfm,3.0,5,$\mathsf{FeatFree}$,featfree,hoa,7842,202,32,0.001,0.01,0.25,none,88.41332397460937,87.94452060699463,88.91600646972657,0.8357367215630089,87.2953109741211,89.4974594116211,88.90457229614258,88.5599921989441,89.28303220748901,10,f1_086c44a9934c5f84
featfree_homo_rerun_hoa,sage,lastfm,4.0,6,$\mathsf{FeatFree}$,featfree,hoa,7842,202,32,0.001,0.01,0.25,none,88.41332397460937,87.94452060699463,88.91600646972657,0.8357367215630089,87.2953109741211,89.4974594116211,88.90457229614258,88.5599921989441,89.28303220748901,10,f1_086c44a9934c5f84
featfree_homo_rerun_hoa,sage,lastfm,6.0,7,$\mathsf{FeatFree}$,featfree,hoa,7842,202,32,0.001,0.01,0.25,none,88.41332397460937,87.94452060699463,88.91600646972657,0.8357367215630089,87.2953109741211,89.4974594116211,88.90457229614258,88.5599921989441,89.28303220748901,10,f1_086c44a9934c5f84
featfree_homo_rerun_hoa,sage,lastfm,8.0,8,$\mathsf{FeatFree}$,featfree,hoa,7842,202,32,0.001,0.01,0.25,none,88.41332397460937,87.94452060699463,88.91600646972657,0.8357367215630089,87.2953109741211,89.4974594116211,88.90457229614258,88.5599921989441,89.28303220748901,10,f1_086c44a9934c5f84
featfree_homo_rerun_hoa,sage,lastfm,10.0,9,$\mathsf{FeatFree}$,featfree,hoa,7842,202,32,0.001,0.01,0.25,none,88.41332397460937,87.94452060699463,88.91600646972657,0.8357367215630089,87.2953109741211,89.4974594116211,88.90457229614258,88.5599921989441,89.28303220748901,10,f1_086c44a9934c5f84
clean_reference,gcn,cora,0.001,0,$\mathsf{Non\text{-}private}$,clean_reference,kprop,,12,0,0.01,0.01,0.75,none,88.7592300415,88.10549019960253,89.41296988339748,1.05474841714,,,88.8035430908,,,10,f1_88cac875f335df0e
clean_reference,gcn,cora,0.01,1,$\mathsf{Non\text{-}private}$,clean_reference,kprop,,12,0,0.01,0.01,0.75,none,88.7592300415,88.10549019960253,89.41296988339748,1.05474841714,,,88.8035430908,,,10,f1_88cac875f335df0e
clean_reference,gcn,cora,0.1,2,$\mathsf{Non\text{-}private}$,clean_reference,kprop,,12,0,0.01,0.01,0.75,none,88.7592300415,88.10549019960253,89.41296988339748,1.05474841714,,,88.8035430908,,,10,f1_88cac875f335df0e
clean_reference,gcn,cora,1.0,3,$\mathsf{Non\text{-}private}$,clean_reference,kprop,,12,0,0.01,0.01,0.75,none,88.7592300415,88.10549019960253,89.41296988339748,1.05474841714,,,88.8035430908,,,10,f1_88cac875f335df0e
clean_reference,gcn,cora,2.0,4,$\mathsf{Non\text{-}private}$,clean_reference,kprop,,12,0,0.01,0.01,0.75,none,88.7592300415,88.10549019960253,89.41296988339748,1.05474841714,,,88.8035430908,,,10,f1_88cac875f335df0e
clean_reference,gcn,cora,3.0,5,$\mathsf{Non\text{-}private}$,clean_reference,kprop,,12,0,0.01,0.01,0.75,none,88.7592300415,88.10549019960253,89.41296988339748,1.05474841714,,,88.8035430908,,,10,f1_88cac875f335df0e
clean_reference,gcn,cora,4.0,6,$\mathsf{Non\text{-}private}$,clean_reference,kprop,,12,0,0.01,0.01,0.75,none,88.7592300415,88.10549019960253,89.41296988339748,1.05474841714,,,88.8035430908,,,10,f1_88cac875f335df0e
clean_reference,gcn,cora,6.0,7,$\mathsf{Non\text{-}private}$,clean_reference,kprop,,12,0,0.01,0.01,0.75,none,88.7592300415,88.10549019960253,89.41296988339748,1.05474841714,,,88.8035430908,,,10,f1_88cac875f335df0e
clean_reference,gcn,cora,8.0,8,$\mathsf{Non\text{-}private}$,clean_reference,kprop,,12,0,0.01,0.01,0.75,none,88.7592300415,88.10549019960253,89.41296988339748,1.05474841714,,,88.8035430908,,,10,f1_88cac875f335df0e
clean_reference,gcn,cora,10.0,9,$\mathsf{Non\text{-}private}$,clean_reference,kprop,,12,0,0.01,0.01,0.75,none,88.7592300415,88.10549019960253,89.41296988339748,1.05474841714,,,88.8035430908,,,10,f1_88cac875f335df0e
clean_reference,gcn,lastfm,0.001,0,$\mathsf{Non\text{-}private}$,clean_reference,kprop,,11,0,0.01,0.01,0.5,none,90.3105567932,89.91694881500145,90.70416477139857,0.635049855266,,,90.948613739,,,10,f1_ef5d4dcd044608bb
clean_reference,gcn,lastfm,0.01,1,$\mathsf{Non\text{-}private}$,clean_reference,kprop,,11,0,0.01,0.01,0.5,none,90.3105567932,89.91694881500145,90.70416477139857,0.635049855266,,,90.948613739,,,10,f1_ef5d4dcd044608bb
clean_reference,gcn,lastfm,0.1,2,$\mathsf{Non\text{-}private}$,clean_reference,kprop,,11,0,0.01,0.01,0.5,none,90.3105567932,89.91694881500145,90.70416477139857,0.635049855266,,,90.948613739,,,10,f1_ef5d4dcd044608bb
clean_reference,gcn,lastfm,1.0,3,$\mathsf{Non\text{-}private}$,clean_reference,kprop,,11,0,0.01,0.01,0.5,none,90.3105567932,89.91694881500145,90.70416477139857,0.635049855266,,,90.948613739,,,10,f1_ef5d4dcd044608bb
clean_reference,gcn,lastfm,2.0,4,$\mathsf{Non\text{-}private}$,clean_reference,kprop,,11,0,0.01,0.01,0.5,none,90.3105567932,89.91694881500145,90.70416477139857,0.635049855266,,,90.948613739,,,10,f1_ef5d4dcd044608bb
clean_reference,gcn,lastfm,3.0,5,$\mathsf{Non\text{-}private}$,clean_reference,kprop,,11,0,0.01,0.01,0.5,none,90.3105567932,89.91694881500145,90.70416477139857,0.635049855266,,,90.948613739,,,10,f1_ef5d4dcd044608bb
clean_reference,gcn,lastfm,4.0,6,$\mathsf{Non\text{-}private}$,clean_reference,kprop,,11,0,0.01,0.01,0.5,none,90.3105567932,89.91694881500145,90.70416477139857,0.635049855266,,,90.948613739,,,10,f1_ef5d4dcd044608bb
clean_reference,gcn,lastfm,6.0,7,$\mathsf{Non\text{-}private}$,clean_reference,kprop,,11,0,0.01,0.01,0.5,none,90.3105567932,89.91694881500145,90.70416477139857,0.635049855266,,,90.948613739,,,10,f1_ef5d4dcd044608bb
clean_reference,gcn,lastfm,8.0,8,$\mathsf{Non\text{-}private}$,clean_reference,kprop,,11,0,0.01,0.01,0.5,none,90.3105567932,89.91694881500145,90.70416477139857,0.635049855266,,,90.948613739,,,10,f1_ef5d4dcd044608bb
clean_reference,gcn,lastfm,10.0,9,$\mathsf{Non\text{-}private}$,clean_reference,kprop,,11,0,0.01,0.01,0.5,none,90.3105567932,89.91694881500145,90.70416477139857,0.635049855266,,,90.948613739,,,10,f1_ef5d4dcd044608bb
clean_reference,gcn,citeseer,0.001,0,$\mathsf{Non\text{-}private}$,clean_reference,kprop,,12,0,0.01,0.01,0.75,none,75.6730796814,74.94131461869846,76.40484474410154,1.18063485218,,,76.8870223999,,,10,f1_19366d4e32b6085f
clean_reference,gcn,citeseer,0.01,1,$\mathsf{Non\text{-}private}$,clean_reference,kprop,,12,0,0.01,0.01,0.75,none,75.6730796814,74.94131461869846,76.40484474410154,1.18063485218,,,76.8870223999,,,10,f1_19366d4e32b6085f
clean_reference,gcn,citeseer,0.1,2,$\mathsf{Non\text{-}private}$,clean_reference,kprop,,12,0,0.01,0.01,0.75,none,75.6730796814,74.94131461869846,76.40484474410154,1.18063485218,,,76.8870223999,,,10,f1_19366d4e32b6085f
clean_reference,gcn,citeseer,1.0,3,$\mathsf{Non\text{-}private}$,clean_reference,kprop,,12,0,0.01,0.01,0.75,none,75.6730796814,74.94131461869846,76.40484474410154,1.18063485218,,,76.8870223999,,,10,f1_19366d4e32b6085f
clean_reference,gcn,citeseer,2.0,4,$\mathsf{Non\text{-}private}$,clean_reference,kprop,,12,0,0.01,0.01,0.75,none,75.6730796814,74.94131461869846,76.40484474410154,1.18063485218,,,76.8870223999,,,10,f1_19366d4e32b6085f
clean_reference,gcn,citeseer,3.0,5,$\mathsf{Non\text{-}private}$,clean_reference,kprop,,12,0,0.01,0.01,0.75,none,75.6730796814,74.94131461869846,76.40484474410154,1.18063485218,,,76.8870223999,,,10,f1_19366d4e32b6085f
clean_reference,gcn,citeseer,4.0,6,$\mathsf{Non\text{-}private}$,clean_reference,kprop,,12,0,0.01,0.01,0.75,none,75.6730796814,74.94131461869846,76.40484474410154,1.18063485218,,,76.8870223999,,,10,f1_19366d4e32b6085f
clean_reference,gcn,citeseer,6.0,7,$\mathsf{Non\text{-}private}$,clean_reference,kprop,,12,0,0.01,0.01,0.75,none,75.6730796814,74.94131461869846,76.40484474410154,1.18063485218,,,76.8870223999,,,10,f1_19366d4e32b6085f
clean_reference,gcn,citeseer,8.0,8,$\mathsf{Non\text{-}private}$,clean_reference,kprop,,12,0,0.01,0.01,0.75,none,75.6730796814,74.94131461869846,76.40484474410154,1.18063485218,,,76.8870223999,,,10,f1_19366d4e32b6085f
clean_reference,gcn,citeseer,10.0,9,$\mathsf{Non\text{-}private}$,clean_reference,kprop,,12,0,0.01,0.01,0.75,none,75.6730796814,74.94131461869846,76.40484474410154,1.18063485218,,,76.8870223999,,,10,f1_19366d4e32b6085f
clean_reference,gcn,facebook,0.001,0,$\mathsf{Non\text{-}private}$,clean_reference,kprop,,8,0,0.01,0.001,0.5,none,94.2915634155,94.13449960649669,94.4486272245033,0.253407844098,,,94.7383415222,,,10,f1_42eaeee6942af48f
clean_reference,gcn,facebook,0.01,1,$\mathsf{Non\text{-}private}$,clean_reference,kprop,,8,0,0.01,0.001,0.5,none,94.2915634155,94.13449960649669,94.4486272245033,0.253407844098,,,94.7383415222,,,10,f1_42eaeee6942af48f
clean_reference,gcn,facebook,0.1,2,$\mathsf{Non\text{-}private}$,clean_reference,kprop,,8,0,0.01,0.001,0.5,none,94.2915634155,94.13449960649669,94.4486272245033,0.253407844098,,,94.7383415222,,,10,f1_42eaeee6942af48f
clean_reference,gcn,facebook,1.0,3,$\mathsf{Non\text{-}private}$,clean_reference,kprop,,8,0,0.01,0.001,0.5,none,94.2915634155,94.13449960649669,94.4486272245033,0.253407844098,,,94.7383415222,,,10,f1_42eaeee6942af48f
clean_reference,gcn,facebook,2.0,4,$\mathsf{Non\text{-}private}$,clean_reference,kprop,,8,0,0.01,0.001,0.5,none,94.2915634155,94.13449960649669,94.4486272245033,0.253407844098,,,94.7383415222,,,10,f1_42eaeee6942af48f
clean_reference,gcn,facebook,3.0,5,$\mathsf{Non\text{-}private}$,clean_reference,kprop,,8,0,0.01,0.001,0.5,none,94.2915634155,94.13449960649669,94.4486272245033,0.253407844098,,,94.7383415222,,,10,f1_42eaeee6942af48f
clean_reference,gcn,facebook,4.0,6,$\mathsf{Non\text{-}private}$,clean_reference,kprop,,8,0,0.01,0.001,0.5,none,94.2915634155,94.13449960649669,94.4486272245033,0.253407844098,,,94.7383415222,,,10,f1_42eaeee6942af48f
clean_reference,gcn,facebook,6.0,7,$\mathsf{Non\text{-}private}$,clean_reference,kprop,,8,0,0.01,0.001,0.5,none,94.2915634155,94.13449960649669,94.4486272245033,0.253407844098,,,94.7383415222,,,10,f1_42eaeee6942af48f
clean_reference,gcn,facebook,8.0,8,$\mathsf{Non\text{-}private}$,clean_reference,kprop,,8,0,0.01,0.001,0.5,none,94.2915634155,94.13449960649669,94.4486272245033,0.253407844098,,,94.7383415222,,,10,f1_42eaeee6942af48f
clean_reference,gcn,facebook,10.0,9,$\mathsf{Non\text{-}private}$,clean_reference,kprop,,8,0,0.01,0.001,0.5,none,94.2915634155,94.13449960649669,94.4486272245033,0.253407844098,,,94.7383415222,,,10,f1_42eaeee6942af48f
clean_reference,sage,cora,0.001,0,$\mathsf{Non\text{-}private}$,clean_reference,kprop,,12,0,0.01,0.01,0.75,none,88.3899559021,87.57428182547238,89.20562997872761,1.31601424005,,,88.6706039429,,,10,f1_0cf8f6c3a4856d12
clean_reference,sage,cora,0.01,1,$\mathsf{Non\text{-}private}$,clean_reference,kprop,,12,0,0.01,0.01,0.75,none,88.3899559021,87.57428182547238,89.20562997872761,1.31601424005,,,88.6706039429,,,10,f1_0cf8f6c3a4856d12
clean_reference,sage,cora,0.1,2,$\mathsf{Non\text{-}private}$,clean_reference,kprop,,12,0,0.01,0.01,0.75,none,88.3899559021,87.57428182547238,89.20562997872761,1.31601424005,,,88.6706039429,,,10,f1_0cf8f6c3a4856d12
clean_reference,sage,cora,1.0,3,$\mathsf{Non\text{-}private}$,clean_reference,kprop,,12,0,0.01,0.01,0.75,none,88.3899559021,87.57428182547238,89.20562997872761,1.31601424005,,,88.6706039429,,,10,f1_0cf8f6c3a4856d12
clean_reference,sage,cora,2.0,4,$\mathsf{Non\text{-}private}$,clean_reference,kprop,,12,0,0.01,0.01,0.75,none,88.3899559021,87.57428182547238,89.20562997872761,1.31601424005,,,88.6706039429,,,10,f1_0cf8f6c3a4856d12
clean_reference,sage,cora,3.0,5,$\mathsf{Non\text{-}private}$,clean_reference,kprop,,12,0,0.01,0.01,0.75,none,88.3899559021,87.57428182547238,89.20562997872761,1.31601424005,,,88.6706039429,,,10,f1_0cf8f6c3a4856d12
clean_reference,sage,cora,4.0,6,$\mathsf{Non\text{-}private}$,clean_reference,kprop,,12,0,0.01,0.01,0.75,none,88.3899559021,87.57428182547238,89.20562997872761,1.31601424005,,,88.6706039429,,,10,f1_0cf8f6c3a4856d12
clean_reference,sage,cora,6.0,7,$\mathsf{Non\text{-}private}$,clean_reference,kprop,,12,0,0.01,0.01,0.75,none,88.3899559021,87.57428182547238,89.20562997872761,1.31601424005,,,88.6706039429,,,10,f1_0cf8f6c3a4856d12
clean_reference,sage,cora,8.0,8,$\mathsf{Non\text{-}private}$,clean_reference,kprop,,12,0,0.01,0.01,0.75,none,88.3899559021,87.57428182547238,89.20562997872761,1.31601424005,,,88.6706039429,,,10,f1_0cf8f6c3a4856d12
clean_reference,sage,cora,10.0,9,$\mathsf{Non\text{-}private}$,clean_reference,kprop,,12,0,0.01,0.01,0.75,none,88.3899559021,87.57428182547238,89.20562997872761,1.31601424005,,,88.6706039429,,,10,f1_0cf8f6c3a4856d12
clean_reference,sage,lastfm,0.001,0,$\mathsf{Non\text{-}private}$,clean_reference,kprop,,23,0,0.001,0.01,0.5,none,89.7402587891,89.37728461488341,90.10323296331659,0.58562506242,,,90.417842865,,,10,f1_c61b0bb1f21617b8
clean_reference,sage,lastfm,0.01,1,$\mathsf{Non\text{-}private}$,clean_reference,kprop,,23,0,0.001,0.01,0.5,none,89.7402587891,89.37728461488341,90.10323296331659,0.58562506242,,,90.417842865,,,10,f1_c61b0bb1f21617b8
clean_reference,sage,lastfm,0.1,2,$\mathsf{Non\text{-}private}$,clean_reference,kprop,,23,0,0.001,0.01,0.5,none,89.7402587891,89.37728461488341,90.10323296331659,0.58562506242,,,90.417842865,,,10,f1_c61b0bb1f21617b8
clean_reference,sage,lastfm,1.0,3,$\mathsf{Non\text{-}private}$,clean_reference,kprop,,23,0,0.001,0.01,0.5,none,89.7402587891,89.37728461488341,90.10323296331659,0.58562506242,,,90.417842865,,,10,f1_c61b0bb1f21617b8
clean_reference,sage,lastfm,2.0,4,$\mathsf{Non\text{-}private}$,clean_reference,kprop,,23,0,0.001,0.01,0.5,none,89.7402587891,89.37728461488341,90.10323296331659,0.58562506242,,,90.417842865,,,10,f1_c61b0bb1f21617b8
clean_reference,sage,lastfm,3.0,5,$\mathsf{Non\text{-}private}$,clean_reference,kprop,,23,0,0.001,0.01,0.5,none,89.7402587891,89.37728461488341,90.10323296331659,0.58562506242,,,90.417842865,,,10,f1_c61b0bb1f21617b8
clean_reference,sage,lastfm,4.0,6,$\mathsf{Non\text{-}private}$,clean_reference,kprop,,23,0,0.001,0.01,0.5,none,89.7402587891,89.37728461488341,90.10323296331659,0.58562506242,,,90.417842865,,,10,f1_c61b0bb1f21617b8
clean_reference,sage,lastfm,6.0,7,$\mathsf{Non\text{-}private}$,clean_reference,kprop,,23,0,0.001,0.01,0.5,none,89.7402587891,89.37728461488341,90.10323296331659,0.58562506242,,,90.417842865,,,10,f1_c61b0bb1f21617b8
clean_reference,sage,lastfm,8.0,8,$\mathsf{Non\text{-}private}$,clean_reference,kprop,,23,0,0.001,0.01,0.5,none,89.7402587891,89.37728461488341,90.10323296331659,0.58562506242,,,90.417842865,,,10,f1_c61b0bb1f21617b8
clean_reference,sage,lastfm,10.0,9,$\mathsf{Non\text{-}private}$,clean_reference,kprop,,23,0,0.001,0.01,0.5,none,89.7402587891,89.37728461488341,90.10323296331659,0.58562506242,,,90.417842865,,,10,f1_c61b0bb1f21617b8
clean_reference,sage,citeseer,0.001,0,$\mathsf{Non\text{-}private}$,clean_reference,kprop,,23,0,0.001,0.01,0.5,none,75.7091369629,74.91416476040082,76.50410916539919,1.28261369205,,,76.658656311,,,10,f1_5938fedc3cba991b
clean_reference,sage,citeseer,0.01,1,$\mathsf{Non\text{-}private}$,clean_reference,kprop,,23,0,0.001,0.01,0.5,none,75.7091369629,74.91416476040082,76.50410916539919,1.28261369205,,,76.658656311,,,10,f1_5938fedc3cba991b
clean_reference,sage,citeseer,0.1,2,$\mathsf{Non\text{-}private}$,clean_reference,kprop,,23,0,0.001,0.01,0.5,none,75.7091369629,74.91416476040082,76.50410916539919,1.28261369205,,,76.658656311,,,10,f1_5938fedc3cba991b
clean_reference,sage,citeseer,1.0,3,$\mathsf{Non\text{-}private}$,clean_reference,kprop,,23,0,0.001,0.01,0.5,none,75.7091369629,74.91416476040082,76.50410916539919,1.28261369205,,,76.658656311,,,10,f1_5938fedc3cba991b
clean_reference,sage,citeseer,2.0,4,$\mathsf{Non\text{-}private}$,clean_reference,kprop,,23,0,0.001,0.01,0.5,none,75.7091369629,74.91416476040082,76.50410916539919,1.28261369205,,,76.658656311,,,10,f1_5938fedc3cba991b
clean_reference,sage,citeseer,3.0,5,$\mathsf{Non\text{-}private}$,clean_reference,kprop,,23,0,0.001,0.01,0.5,none,75.7091369629,74.91416476040082,76.50410916539919,1.28261369205,,,76.658656311,,,10,f1_5938fedc3cba991b
clean_reference,sage,citeseer,4.0,6,$\mathsf{Non\text{-}private}$,clean_reference,kprop,,23,0,0.001,0.01,0.5,none,75.7091369629,74.91416476040082,76.50410916539919,1.28261369205,,,76.658656311,,,10,f1_5938fedc3cba991b
clean_reference,sage,citeseer,6.0,7,$\mathsf{Non\text{-}private}$,clean_reference,kprop,,23,0,0.001,0.01,0.5,none,75.7091369629,74.91416476040082,76.50410916539919,1.28261369205,,,76.658656311,,,10,f1_5938fedc3cba991b
clean_reference,sage,citeseer,8.0,8,$\mathsf{Non\text{-}private}$,clean_reference,kprop,,23,0,0.001,0.01,0.5,none,75.7091369629,74.91416476040082,76.50410916539919,1.28261369205,,,76.658656311,,,10,f1_5938fedc3cba991b
clean_reference,sage,citeseer,10.0,9,$\mathsf{Non\text{-}private}$,clean_reference,kprop,,23,0,0.001,0.01,0.5,none,75.7091369629,74.91416476040082,76.50410916539919,1.28261369205,,,76.658656311,,,10,f1_5938fedc3cba991b
clean_reference,sage,facebook,0.001,0,$\mathsf{Non\text{-}private}$,clean_reference,kprop,,6,0,0.01,0.0001,0.75,none,94.2061233521,94.01858844220017,94.39365826199982,0.302570130652,,,94.4304039001,,,10,f1_ad389d7bf9e030ca
clean_reference,sage,facebook,0.01,1,$\mathsf{Non\text{-}private}$,clean_reference,kprop,,6,0,0.01,0.0001,0.75,none,94.2061233521,94.01858844220017,94.39365826199982,0.302570130652,,,94.4304039001,,,10,f1_ad389d7bf9e030ca
clean_reference,sage,facebook,0.1,2,$\mathsf{Non\text{-}private}$,clean_reference,kprop,,6,0,0.01,0.0001,0.75,none,94.2061233521,94.01858844220017,94.39365826199982,0.302570130652,,,94.4304039001,,,10,f1_ad389d7bf9e030ca
clean_reference,sage,facebook,1.0,3,$\mathsf{Non\text{-}private}$,clean_reference,kprop,,6,0,0.01,0.0001,0.75,none,94.2061233521,94.01858844220017,94.39365826199982,0.302570130652,,,94.4304039001,,,10,f1_ad389d7bf9e030ca
clean_reference,sage,facebook,2.0,4,$\mathsf{Non\text{-}private}$,clean_reference,kprop,,6,0,0.01,0.0001,0.75,none,94.2061233521,94.01858844220017,94.39365826199982,0.302570130652,,,94.4304039001,,,10,f1_ad389d7bf9e030ca
clean_reference,sage,facebook,3.0,5,$\mathsf{Non\text{-}private}$,clean_reference,kprop,,6,0,0.01,0.0001,0.75,none,94.2061233521,94.01858844220017,94.39365826199982,0.302570130652,,,94.4304039001,,,10,f1_ad389d7bf9e030ca
clean_reference,sage,facebook,4.0,6,$\mathsf{Non\text{-}private}$,clean_reference,kprop,,6,0,0.01,0.0001,0.75,none,94.2061233521,94.01858844220017,94.39365826199982,0.302570130652,,,94.4304039001,,,10,f1_ad389d7bf9e030ca
clean_reference,sage,facebook,6.0,7,$\mathsf{Non\text{-}private}$,clean_reference,kprop,,6,0,0.01,0.0001,0.75,none,94.2061233521,94.01858844220017,94.39365826199982,0.302570130652,,,94.4304039001,,,10,f1_ad389d7bf9e030ca
clean_reference,sage,facebook,8.0,8,$\mathsf{Non\text{-}private}$,clean_reference,kprop,,6,0,0.01,0.0001,0.75,none,94.2061233521,94.01858844220017,94.39365826199982,0.302570130652,,,94.4304039001,,,10,f1_ad389d7bf9e030ca
clean_reference,sage,facebook,10.0,9,$\mathsf{Non\text{-}private}$,clean_reference,kprop,,6,0,0.01,0.0001,0.75,none,94.2061233521,94.01858844220017,94.39365826199982,0.302570130652,,,94.4304039001,,,10,f1_ad389d7bf9e030ca
clean_reference,gat,cora,0.001,0,$\mathsf{Non\text{-}private}$,clean_reference,kprop,,12,0,0.01,0.01,0.75,none,88.5081222534,87.83980037723893,89.17644412956108,1.07827517285,,,88.8626274109,,,10,f1_d7964f5bbec918a2
clean_reference,gat,cora,0.01,1,$\mathsf{Non\text{-}private}$,clean_reference,kprop,,12,0,0.01,0.01,0.75,none,88.5081222534,87.83980037723893,89.17644412956108,1.07827517285,,,88.8626274109,,,10,f1_d7964f5bbec918a2
clean_reference,gat,cora,0.1,2,$\mathsf{Non\text{-}private}$,clean_reference,kprop,,12,0,0.01,0.01,0.75,none,88.5081222534,87.83980037723893,89.17644412956108,1.07827517285,,,88.8626274109,,,10,f1_d7964f5bbec918a2
clean_reference,gat,cora,1.0,3,$\mathsf{Non\text{-}private}$,clean_reference,kprop,,12,0,0.01,0.01,0.75,none,88.5081222534,87.83980037723893,89.17644412956108,1.07827517285,,,88.8626274109,,,10,f1_d7964f5bbec918a2
clean_reference,gat,cora,2.0,4,$\mathsf{Non\text{-}private}$,clean_reference,kprop,,12,0,0.01,0.01,0.75,none,88.5081222534,87.83980037723893,89.17644412956108,1.07827517285,,,88.8626274109,,,10,f1_d7964f5bbec918a2
clean_reference,gat,cora,3.0,5,$\mathsf{Non\text{-}private}$,clean_reference,kprop,,12,0,0.01,0.01,0.75,none,88.5081222534,87.83980037723893,89.17644412956108,1.07827517285,,,88.8626274109,,,10,f1_d7964f5bbec918a2
clean_reference,gat,cora,4.0,6,$\mathsf{Non\text{-}private}$,clean_reference,kprop,,12,0,0.01,0.01,0.75,none,88.5081222534,87.83980037723893,89.17644412956108,1.07827517285,,,88.8626274109,,,10,f1_d7964f5bbec918a2
clean_reference,gat,cora,6.0,7,$\mathsf{Non\text{-}private}$,clean_reference,kprop,,12,0,0.01,0.01,0.75,none,88.5081222534,87.83980037723893,89.17644412956108,1.07827517285,,,88.8626274109,,,10,f1_d7964f5bbec918a2
clean_reference,gat,cora,8.0,8,$\mathsf{Non\text{-}private}$,clean_reference,kprop,,12,0,0.01,0.01,0.75,none,88.5081222534,87.83980037723893,89.17644412956108,1.07827517285,,,88.8626274109,,,10,f1_d7964f5bbec918a2
clean_reference,gat,cora,10.0,9,$\mathsf{Non\text{-}private}$,clean_reference,kprop,,12,0,0.01,0.01,0.75,none,88.5081222534,87.83980037723893,89.17644412956108,1.07827517285,,,88.8626274109,,,10,f1_d7964f5bbec918a2
clean_reference,gat,lastfm,0.001,0,$\mathsf{Non\text{-}private}$,clean_reference,kprop,,24,0,0.001,0.01,0.75,none,89.4240516663,89.04709791164912,89.80100542095089,0.608179814923,,,90.1129295349,,,10,f1_def68fb4f6017a80
clean_reference,gat,lastfm,0.01,1,$\mathsf{Non\text{-}private}$,clean_reference,kprop,,24,0,0.001,0.01,0.75,none,89.4240516663,89.04709791164912,89.80100542095089,0.608179814923,,,90.1129295349,,,10,f1_def68fb4f6017a80
clean_reference,gat,lastfm,0.1,2,$\mathsf{Non\text{-}private}$,clean_reference,kprop,,24,0,0.001,0.01,0.75,none,89.4240516663,89.04709791164912,89.80100542095089,0.608179814923,,,90.1129295349,,,10,f1_def68fb4f6017a80
clean_reference,gat,lastfm,1.0,3,$\mathsf{Non\text{-}private}$,clean_reference,kprop,,24,0,0.001,0.01,0.75,none,89.4240516663,89.04709791164912,89.80100542095089,0.608179814923,,,90.1129295349,,,10,f1_def68fb4f6017a80
clean_reference,gat,lastfm,2.0,4,$\mathsf{Non\text{-}private}$,clean_reference,kprop,,24,0,0.001,0.01,0.75,none,89.4240516663,89.04709791164912,89.80100542095089,0.608179814923,,,90.1129295349,,,10,f1_def68fb4f6017a80
clean_reference,gat,lastfm,3.0,5,$\mathsf{Non\text{-}private}$,clean_reference,kprop,,24,0,0.001,0.01,0.75,none,89.4240516663,89.04709791164912,89.80100542095089,0.608179814923,,,90.1129295349,,,10,f1_def68fb4f6017a80
clean_reference,gat,lastfm,4.0,6,$\mathsf{Non\text{-}private}$,clean_reference,kprop,,24,0,0.001,0.01,0.75,none,89.4240516663,89.04709791164912,89.80100542095089,0.608179814923,,,90.1129295349,,,10,f1_def68fb4f6017a80
clean_reference,gat,lastfm,6.0,7,$\mathsf{Non\text{-}private}$,clean_reference,kprop,,24,0,0.001,0.01,0.75,none,89.4240516663,89.04709791164912,89.80100542095089,0.608179814923,,,90.1129295349,,,10,f1_def68fb4f6017a80
clean_reference,gat,lastfm,8.0,8,$\mathsf{Non\text{-}private}$,clean_reference,kprop,,24,0,0.001,0.01,0.75,none,89.4240516663,89.04709791164912,89.80100542095089,0.608179814923,,,90.1129295349,,,10,f1_def68fb4f6017a80
clean_reference,gat,lastfm,10.0,9,$\mathsf{Non\text{-}private}$,clean_reference,kprop,,24,0,0.001,0.01,0.75,none,89.4240516663,89.04709791164912,89.80100542095089,0.608179814923,,,90.1129295349,,,10,f1_def68fb4f6017a80
clean_reference,gat,citeseer,0.001,0,$\mathsf{Non\text{-}private}$,clean_reference,kprop,,20,0,0.001,0.001,0.5,none,75.4326965332,74.66074551906975,76.20464754733025,1.24547114629,,,76.418271637,,,10,f1_5ccde7b3c6ef56f0
clean_reference,gat,citeseer,0.01,1,$\mathsf{Non\text{-}private}$,clean_reference,kprop,,20,0,0.001,0.001,0.5,none,75.4326965332,74.66074551906975,76.20464754733025,1.24547114629,,,76.418271637,,,10,f1_5ccde7b3c6ef56f0
clean_reference,gat,citeseer,0.1,2,$\mathsf{Non\text{-}private}$,clean_reference,kprop,,20,0,0.001,0.001,0.5,none,75.4326965332,74.66074551906975,76.20464754733025,1.24547114629,,,76.418271637,,,10,f1_5ccde7b3c6ef56f0
clean_reference,gat,citeseer,1.0,3,$\mathsf{Non\text{-}private}$,clean_reference,kprop,,20,0,0.001,0.001,0.5,none,75.4326965332,74.66074551906975,76.20464754733025,1.24547114629,,,76.418271637,,,10,f1_5ccde7b3c6ef56f0
clean_reference,gat,citeseer,2.0,4,$\mathsf{Non\text{-}private}$,clean_reference,kprop,,20,0,0.001,0.001,0.5,none,75.4326965332,74.66074551906975,76.20464754733025,1.24547114629,,,76.418271637,,,10,f1_5ccde7b3c6ef56f0
clean_reference,gat,citeseer,3.0,5,$\mathsf{Non\text{-}private}$,clean_reference,kprop,,20,0,0.001,0.001,0.5,none,75.4326965332,74.66074551906975,76.20464754733025,1.24547114629,,,76.418271637,,,10,f1_5ccde7b3c6ef56f0
clean_reference,gat,citeseer,4.0,6,$\mathsf{Non\text{-}private}$,clean_reference,kprop,,20,0,0.001,0.001,0.5,none,75.4326965332,74.66074551906975,76.20464754733025,1.24547114629,,,76.418271637,,,10,f1_5ccde7b3c6ef56f0
clean_reference,gat,citeseer,6.0,7,$\mathsf{Non\text{-}private}$,clean_reference,kprop,,20,0,0.001,0.001,0.5,none,75.4326965332,74.66074551906975,76.20464754733025,1.24547114629,,,76.418271637,,,10,f1_5ccde7b3c6ef56f0
clean_reference,gat,citeseer,8.0,8,$\mathsf{Non\text{-}private}$,clean_reference,kprop,,20,0,0.001,0.001,0.5,none,75.4326965332,74.66074551906975,76.20464754733025,1.24547114629,,,76.418271637,,,10,f1_5ccde7b3c6ef56f0
clean_reference,gat,citeseer,10.0,9,$\mathsf{Non\text{-}private}$,clean_reference,kprop,,20,0,0.001,0.001,0.5,none,75.4326965332,74.66074551906975,76.20464754733025,1.24547114629,,,76.418271637,,,10,f1_5ccde7b3c6ef56f0
clean_reference,gat,facebook,0.001,0,$\mathsf{Non\text{-}private}$,clean_reference,kprop,,9,0,0.01,0.001,0.75,none,94.4304023743,94.2331534091974,94.6276513394026,0.318242855018,,,94.7614814758,,,10,f1_26e561c203eacd77
clean_reference,gat,facebook,0.01,1,$\mathsf{Non\text{-}private}$,clean_reference,kprop,,9,0,0.01,0.001,0.75,none,94.4304023743,94.2331534091974,94.6276513394026,0.318242855018,,,94.7614814758,,,10,f1_26e561c203eacd77
clean_reference,gat,facebook,0.1,2,$\mathsf{Non\text{-}private}$,clean_reference,kprop,,9,0,0.01,0.001,0.75,none,94.4304023743,94.2331534091974,94.6276513394026,0.318242855018,,,94.7614814758,,,10,f1_26e561c203eacd77
clean_reference,gat,facebook,1.0,3,$\mathsf{Non\text{-}private}$,clean_reference,kprop,,9,0,0.01,0.001,0.75,none,94.4304023743,94.2331534091974,94.6276513394026,0.318242855018,,,94.7614814758,,,10,f1_26e561c203eacd77
clean_reference,gat,facebook,2.0,4,$\mathsf{Non\text{-}private}$,clean_reference,kprop,,9,0,0.01,0.001,0.75,none,94.4304023743,94.2331534091974,94.6276513394026,0.318242855018,,,94.7614814758,,,10,f1_26e561c203eacd77
clean_reference,gat,facebook,3.0,5,$\mathsf{Non\text{-}private}$,clean_reference,kprop,,9,0,0.01,0.001,0.75,none,94.4304023743,94.2331534091974,94.6276513394026,0.318242855018,,,94.7614814758,,,10,f1_26e561c203eacd77
clean_reference,gat,facebook,4.0,6,$\mathsf{Non\text{-}private}$,clean_reference,kprop,,9,0,0.01,0.001,0.75,none,94.4304023743,94.2331534091974,94.6276513394026,0.318242855018,,,94.7614814758,,,10,f1_26e561c203eacd77
clean_reference,gat,facebook,6.0,7,$\mathsf{Non\text{-}private}$,clean_reference,kprop,,9,0,0.01,0.001,0.75,none,94.4304023743,94.2331534091974,94.6276513394026,0.318242855018,,,94.7614814758,,,10,f1_26e561c203eacd77
clean_reference,gat,facebook,8.0,8,$\mathsf{Non\text{-}private}$,clean_reference,kprop,,9,0,0.01,0.001,0.75,none,94.4304023743,94.2331534091974,94.6276513394026,0.318242855018,,,94.7614814758,,,10,f1_26e561c203eacd77
clean_reference,gat,facebook,10.0,9,$\mathsf{Non\text{-}private}$,clean_reference,kprop,,9,0,0.01,0.001,0.75,none,94.4304023743,94.2331534091974,94.6276513394026,0.318242855018,,,94.7614814758,,,10,f1_26e561c203eacd77
