point_id,figure_id,dataset,backbone,seed,val_acc,test_acc
f1_cbfd8413e8171873,1,citeseer,gat,12345,68.87019348144531,67.06730651855469
f1_cbfd8413e8171873,1,citeseer,gat,12346,60.9375,63.822120666503906
f1_cbfd8413e8171873,1,citeseer,gat,12347,67.54808044433594,63.94230651855469
f1_cbfd8413e8171873,1,citeseer,gat,12348,65.74519348144531,65.3846206665039
f1_cbfd8413e8171873,1,citeseer,gat,12349,66.10577392578125,65.02404022216797
f1_cbfd8413e8171873,1,citeseer,gat,12350,60.576927185058594,61.418270111083984
f1_cbfd8413e8171873,1,citeseer,gat,12351,65.625,63.701927185058594
f1_cbfd8413e8171873,1,citeseer,gat,12352,67.66827392578125,65.2644271850586
f1_cbfd8413e8171873,1,citeseer,gat,12353,68.5096206665039,65.14423370361328
f1_cbfd8413e8171873,1,citeseer,gat,12354,60.576927185058594,60.9375
f1_d0549fcd533b14da,1,citeseer,gat,12345,66.22596740722656,67.42788696289062
f1_d0549fcd533b14da,1,citeseer,gat,12346,62.740386962890625,63.58173370361328
f1_d0549fcd533b14da,1,citeseer,gat,12347,67.06730651855469,65.14423370361328
f1_d0549fcd533b14da,1,citeseer,gat,12348,62.740386962890625,62.5
f1_d0549fcd533b14da,1,citeseer,gat,12349,65.14423370361328,66.8269271850586
f1_d0549fcd533b14da,1,citeseer,gat,12350,61.177886962890625,62.01923370361328
f1_d0549fcd533b14da,1,citeseer,gat,12351,64.30288696289062,62.980770111083984
f1_d0549fcd533b14da,1,citeseer,gat,12352,62.980770111083984,58.293270111083984
f1_d0549fcd533b14da,1,citeseer,gat,12353,59.855770111083984,58.77404022216797
f1_d0549fcd533b14da,1,citeseer,gat,12354,62.01923370361328,59.375
f1_275b0ba4e8b7f697,1,citeseer,gat,12345,67.1875,68.99038696289062
f1_275b0ba4e8b7f697,1,citeseer,gat,12346,64.0625,65.02404022216797
f1_275b0ba4e8b7f697,1,citeseer,gat,12347,68.02884674072266,64.66346740722656
f1_275b0ba4e8b7f697,1,citeseer,gat,12348,64.30288696289062,65.2644271850586
f1_275b0ba4e8b7f697,1,citeseer,gat,12349,62.139427185058594,65.02404022216797
f1_275b0ba4e8b7f697,1,citeseer,gat,12350,63.94230651855469,62.980770111083984
f1_275b0ba4e8b7f697,1,citeseer,gat,12351,65.625,66.9471206665039
f1_275b0ba4e8b7f697,1,citeseer,gat,12352,68.5096206665039,65.625
f1_275b0ba4e8b7f697,1,citeseer,gat,12353,65.14423370361328,65.625
f1_275b0ba4e8b7f697,1,citeseer,gat,12354,63.94230651855469,65.625
f1_b79a18632ee2d416,1,citeseer,gat,12345,68.99038696289062,70.55288696289062
f1_b79a18632ee2d416,1,citeseer,gat,12346,70.0721206665039,67.06730651855469
f1_b79a18632ee2d416,1,citeseer,gat,12347,69.59134674072266,66.58654022216797
f1_b79a18632ee2d416,1,citeseer,gat,12348,69.23077392578125,68.3894271850586
f1_b79a18632ee2d416,1,citeseer,gat,12349,67.06730651855469,67.42788696289062
f1_b79a18632ee2d416,1,citeseer,gat,12350,66.70673370361328,67.78846740722656
f1_b79a18632ee2d416,1,citeseer,gat,12351,69.59134674072266,65.3846206665039
f1_b79a18632ee2d416,1,citeseer,gat,12352,70.55288696289062,66.34615325927734
f1_b79a18632ee2d416,1,citeseer,gat,12353,68.62981414794922,67.30769348144531
f1_b79a18632ee2d416,1,citeseer,gat,12354,66.8269271850586,67.78846740722656
f1_6949c9555c8de3d8,1,citeseer,gat,12345,70.43269348144531,69.47115325927734
f1_6949c9555c8de3d8,1,citeseer,gat,12346,67.66827392578125,68.5096206665039
f1_6949c9555c8de3d8,1,citeseer,gat,12347,70.19231414794922,65.2644271850586
f1_6949c9555c8de3d8,1,citeseer,gat,12348,69.11058044433594,66.70673370361328
f1_6949c9555c8de3d8,1,citeseer,gat,12349,67.54808044433594,67.78846740722656
f1_6949c9555c8de3d8,1,citeseer,gat,12350,68.26923370361328,67.30769348144531
f1_6949c9555c8de3d8,1,citeseer,gat,12351,67.90865325927734,69.59134674072266
f1_6949c9555c8de3d8,1,citeseer,gat,12352,69.11058044433594,68.02884674072266
f1_6949c9555c8de3d8,1,citeseer,gat,12353,69.47115325927734,68.26923370361328
f1_6949c9555c8de3d8,1,citeseer,gat,12354,69.11058044433594,68.62981414794922
f1_6d5fcae59216e6a2,1,citeseer,gat,12345,69.23077392578125,70.3125
f1_6d5fcae59216e6a2,1,citeseer,gat,12346,68.02884674072266,67.54808044433594
f1_6d5fcae59216e6a2,1,citeseer,gat,12347,69.71154022216797,65.02404022216797
f1_6d5fcae59216e6a2,1,citeseer,gat,12348,67.78846740722656,65.98558044433594
f1_6d5fcae59216e6a2,1,citeseer,gat,12349,67.30769348144531,67.06730651855469
f1_6d5fcae59216e6a2,1,citeseer,gat,12350,67.54808044433594,66.9471206665039
f1_6d5fcae59216e6a2,1,citeseer,gat,12351,67.78846740722656,67.1875
f1_6d5fcae59216e6a2,1,citeseer,gat,12352,70.43269348144531,67.54808044433594
f1_6d5fcae59216e6a2,1,citeseer,gat,12353,69.11058044433594,67.30769348144531
f1_6d5fcae59216e6a2,1,citeseer,gat,12354,66.8269271850586,68.26923370361328
f1_2bcf9b4e3e00214c,1,citeseer,gat,12345,69.71154022216797,69.23077392578125
f1_2bcf9b4e3e00214c,1,citeseer,gat,12346,69.47115325927734,67.54808044433594
f1_2bcf9b4e3e00214c,1,citeseer,gat,12347,69.59134674072266,66.10577392578125
f1_2bcf9b4e3e00214c,1,citeseer,gat,12348,70.55288696289062,67.30769348144531
f1_2bcf9b4e3e00214c,1,citeseer,gat,12349,68.14904022216797,68.14904022216797
f1_2bcf9b4e3e00214c,1,citeseer,gat,12350,67.54808044433594,66.46634674072266
f1_2bcf9b4e3e00214c,1,citeseer,gat,12351,69.11058044433594,66.8269271850586
f1_2bcf9b4e3e00214c,1,citeseer,gat,12352,70.67308044433594,67.42788696289062
f1_2bcf9b4e3e00214c,1,citeseer,gat,12353,71.27404022216797,68.14904022216797
f1_2bcf9b4e3e00214c,1,citeseer,gat,12354,67.42788696289062,67.90865325927734
f1_b7c18359d6b9f011,1,citeseer,gat,12345,69.11058044433594,68.3894271850586
f1_b7c18359d6b9f011,1,citeseer,gat,12346,69.35096740722656,69.59134674072266
f1_b7c18359d6b9f011,1,citeseer,gat,12347,69.83173370361328,68.26923370361328
f1_b7c18359d6b9f011,1,citeseer,gat,12348,69.9519271850586,67.90865325927734
f1_b7c18359d6b9f011,1,citeseer,gat,12349,68.14904022216797,67.78846740722656
f1_b7c18359d6b9f011,1,citeseer,gat,12350,66.8269271850586,66.58654022216797
f1_b7c18359d6b9f011,1,citeseer,gat,12351,69.83173370361328,66.34615325927734
f1_b7c18359d6b9f011,1,citeseer,gat,12352,71.15384674072266,68.02884674072266
f1_b7c18359d6b9f011,1,citeseer,gat,12353,70.67308044433594,68.02884674072266
f1_b7c18359d6b9f011,1,citeseer,gat,12354,67.90865325927734,68.75
f1_0a6cf97fc0f2149a,1,citeseer,gat,12345,69.47115325927734,69.47115325927734
f1_0a6cf97fc0f2149a,1,citeseer,gat,12346,68.87019348144531,68.75
f1_0a6cf97fc0f2149a,1,citeseer,gat,12347,69.35096740722656,66.10577392578125
f1_0a6cf97fc0f2149a,1,citeseer,gat,12348,69.9519271850586,66.58654022216797
f1_0a6cf97fc0f2149a,1,citeseer,gat,12349,67.54808044433594,66.22596740722656
f1_0a6cf97fc0f2149a,1,citeseer,gat,12350,66.8269271850586,67.42788696289062
f1_0a6cf97fc0f2149a,1,citeseer,gat,12351,69.47115325927734,67.54808044433594
f1_0a6cf97fc0f2149a,1,citeseer,gat,12352,70.91346740722656,68.3894271850586
f1_0a6cf97fc0f2149a,1,citeseer,gat,12353,69.59134674072266,68.87019348144531
f1_0a6cf97fc0f2149a,1,citeseer,gat,12354,67.54808044433594,68.26923370361328
f1_10998bc085481102,1,citeseer,gat,12345,69.71154022216797,68.14904022216797
f1_10998bc085481102,1,citeseer,gat,12346,69.35096740722656,66.34615325927734
f1_10998bc085481102,1,citeseer,gat,12347,70.55288696289062,67.1875
f1_10998bc085481102,1,citeseer,gat,12348,70.91346740722656,68.02884674072266
f1_10998bc085481102,1,citeseer,gat,12349,67.90865325927734,67.90865325927734
f1_10998bc085481102,1,citeseer,gat,12350,67.78846740722656,67.1875
f1_10998bc085481102,1,citeseer,gat,12351,70.0721206665039,68.5096206665039
f1_10998bc085481102,1,citeseer,gat,12352,70.3125,68.02884674072266
f1_10998bc085481102,1,citeseer,gat,12353,71.75481414794922,68.14904022216797
f1_10998bc085481102,1,citeseer,gat,12354,68.02884674072266,69.35096740722656
f1_ea5305dfa0d11aed,1,cora,gat,12345,78.43426513671875,80.6499252319336
f1_ea5305dfa0d11aed,1,cora,gat,12346,79.911376953125,78.87740325927734
f1_ea5305dfa0d11aed,1,cora,gat,12347,78.13884735107422,79.02510833740234
f1_ea5305dfa0d11aed,1,cora,gat,12348,76.95716094970703,76.0708999633789
f1_ea5305dfa0d11aed,1,cora,gat,12349,76.95716094970703,74.59379577636719
f1_ea5305dfa0d11aed,1,cora,gat,12350,76.51403045654297,73.264404296875
f1_ea5305dfa0d11aed,1,cora,gat,12351,76.0708999633789,79.02510833740234
f1_ea5305dfa0d11aed,1,cora,gat,12352,76.21861267089844,74.0029525756836
f1_ea5305dfa0d11aed,1,cora,gat,12353,71.49187469482422,75.77548217773438
f1_ea5305dfa0d11aed,1,cora,gat,12354,77.99113464355469,78.58197784423828
f1_8894c0933c9ef4d2,1,cora,gat,12345,77.2525863647461,79.02510833740234
f1_8894c0933c9ef4d2,1,cora,gat,12346,80.20679473876953,80.94534301757812
f1_8894c0933c9ef4d2,1,cora,gat,12347,78.87740325927734,77.99113464355469
f1_8894c0933c9ef4d2,1,cora,gat,12348,80.79763793945312,78.13884735107422
f1_8894c0933c9ef4d2,1,cora,gat,12349,81.83161163330078,75.18463897705078
f1_8894c0933c9ef4d2,1,cora,gat,12350,76.51403045654297,75.92318725585938
f1_8894c0933c9ef4d2,1,cora,gat,12351,73.412109375,74.59379577636719
f1_8894c0933c9ef4d2,1,cora,gat,12352,77.2525863647461,76.51403045654297
f1_8894c0933c9ef4d2,1,cora,gat,12353,77.2525863647461,78.87740325927734
f1_8894c0933c9ef4d2,1,cora,gat,12354,80.50221252441406,81.68389892578125
f1_90e160a32e29a924,1,cora,gat,12345,79.3205337524414,79.76366424560547
f1_90e160a32e29a924,1,cora,gat,12346,81.53618621826172,79.4682388305664
f1_90e160a32e29a924,1,cora,gat,12347,84.19497680664062,85.52436828613281
f1_90e160a32e29a924,1,cora,gat,12348,76.95716094970703,75.77548217773438
f1_90e160a32e29a924,1,cora,gat,12349,79.17282104492188,78.72969055175781
f1_90e160a32e29a924,1,cora,gat,12350,79.4682388305664,79.3205337524414
f1_90e160a32e29a924,1,cora,gat,12351,72.52584838867188,71.78730010986328
f1_90e160a32e29a924,1,cora,gat,12352,82.57015991210938,82.27474212646484
f1_90e160a32e29a924,1,cora,gat,12353,80.50221252441406,80.50221252441406
f1_90e160a32e29a924,1,cora,gat,12354,75.03692626953125,79.911376953125
f1_afeced9ba0926d17,1,cora,gat,12345,81.09305572509766,82.42245483398438
f1_afeced9ba0926d17,1,cora,gat,12346,85.67208099365234,81.68389892578125
f1_afeced9ba0926d17,1,cora,gat,12347,85.22895050048828,85.22895050048828
f1_afeced9ba0926d17,1,cora,gat,12348,83.75184631347656,83.01329040527344
f1_afeced9ba0926d17,1,cora,gat,12349,84.34268951416016,83.16100311279297
f1_afeced9ba0926d17,1,cora,gat,12350,81.97931671142578,80.79763793945312
f1_afeced9ba0926d17,1,cora,gat,12351,82.86558532714844,83.75184631347656
f1_afeced9ba0926d17,1,cora,gat,12352,83.75184631347656,83.4564208984375
f1_afeced9ba0926d17,1,cora,gat,12353,76.95716094970703,75.92318725585938
f1_afeced9ba0926d17,1,cora,gat,12354,76.0708999633789,77.4002914428711
f1_2cead9718b5313e9,1,cora,gat,12345,83.01329040527344,84.34268951416016
f1_2cead9718b5313e9,1,cora,gat,12346,86.55834197998047,85.52436828613281
f1_2cead9718b5313e9,1,cora,gat,12347,85.81979370117188,86.26292419433594
f1_2cead9718b5313e9,1,cora,gat,12348,86.85376739501953,84.93353271484375
f1_2cead9718b5313e9,1,cora,gat,12349,85.37666320800781,83.75184631347656
f1_2cead9718b5313e9,1,cora,gat,12350,84.0472640991211,83.01329040527344
f1_2cead9718b5313e9,1,cora,gat,12351,85.96749877929688,83.75184631347656
f1_2cead9718b5313e9,1,cora,gat,12352,85.37666320800781,86.55834197998047
f1_2cead9718b5313e9,1,cora,gat,12353,84.0472640991211,84.34268951416016
f1_2cead9718b5313e9,1,cora,gat,12354,85.37666320800781,86.41063690185547
f1_cdf6a4069c91efdd,1,cora,gat,12345,82.86558532714844,84.0472640991211
f1_cdf6a4069c91efdd,1,cora,gat,12346,85.96749877929688,84.34268951416016
f1_cdf6a4069c91efdd,1,cora,gat,12347,86.26292419433594,86.55834197998047
f1_cdf6a4069c91efdd,1,cora,gat,12348,86.7060546875,84.78582000732422
f1_cdf6a4069c91efdd,1,cora,gat,12349,85.22895050048828,83.8995590209961
f1_cdf6a4069c91efdd,1,cora,gat,12350,84.34268951416016,84.34268951416016
f1_cdf6a4069c91efdd,1,cora,gat,12351,84.19497680664062,84.93353271484375
f1_cdf6a4069c91efdd,1,cora,gat,12352,84.49039459228516,87.14918518066406
f1_cdf6a4069c91efdd,1,cora,gat,12353,83.01329040527344,83.60413360595703
f1_cdf6a4069c91efdd,1,cora,gat,12354,84.0472640991211,87.44461059570312
f1_68ba528ae8f53769,1,cora,gat,12345,82.57015991210938,83.75184631347656
f1_68ba528ae8f53769,1,cora,gat,12346,86.26292419433594,85.08123779296875
f1_68ba528ae8f53769,1,cora,gat,12347,85.81979370117188,85.52436828613281
f1_68ba528ae8f53769,1,cora,gat,12348,86.7060546875,85.37666320800781
f1_68ba528ae8f53769,1,cora,gat,12349,85.22895050048828,82.7178726196289
f1_68ba528ae8f53769,1,cora,gat,12350,84.78582000732422,83.75184631347656
f1_68ba528ae8f53769,1,cora,gat,12351,85.22895050048828,84.34268951416016
f1_68ba528ae8f53769,1,cora,gat,12352,85.22895050048828,85.37666320800781
f1_68ba528ae8f53769,1,cora,gat,12353,83.3087158203125,85.81979370117188
f1_68ba528ae8f53769,1,cora,gat,12354,85.08123779296875,86.55834197998047
f1_b91af11b8b0e6a85,1,cora,gat,12345,82.57015991210938,83.4564208984375
f1_b91af11b8b0e6a85,1,cora,gat,12346,86.26292419433594,83.8995590209961
f1_b91af11b8b0e6a85,1,cora,gat,12347,85.08123779296875,84.93353271484375
f1_b91af11b8b0e6a85,1,cora,gat,12348,85.67208099365234,84.93353271484375
f1_b91af11b8b0e6a85,1,cora,gat,12349,86.1152114868164,82.42245483398438
f1_b91af11b8b0e6a85,1,cora,gat,12350,83.60413360595703,83.4564208984375
f1_b91af11b8b0e6a85,1,cora,gat,12351,84.19497680664062,83.75184631347656
f1_b91af11b8b0e6a85,1,cora,gat,12352,85.22895050048828,86.1152114868164
f1_b91af11b8b0e6a85,1,cora,gat,12353,83.4564208984375,84.49039459228516
f1_b91af11b8b0e6a85,1,cora,gat,12354,84.49039459228516,86.1152114868164
f1_a197433838cb96b6,1,cora,gat,12345,82.42245483398438,84.49039459228516
f1_a197433838cb96b6,1,cora,gat,12346,86.26292419433594,84.34268951416016
f1_a197433838cb96b6,1,cora,gat,12347,86.1152114868164,86.55834197998047
f1_a197433838cb96b6,1,cora,gat,12348,87.14918518066406,84.63810729980469
f1_a197433838cb96b6,1,cora,gat,12349,85.81979370117188,84.0472640991211
f1_a197433838cb96b6,1,cora,gat,12350,84.0472640991211,84.34268951416016
f1_a197433838cb96b6,1,cora,gat,12351,85.22895050048828,83.8995590209961
f1_a197433838cb96b6,1,cora,gat,12352,85.08123779296875,86.41063690185547
f1_a197433838cb96b6,1,cora,gat,12353,84.19497680664062,84.78582000732422
f1_a197433838cb96b6,1,cora,gat,12354,85.22895050048828,86.41063690185547
f1_59f0b077c6539b13,1,cora,gat,12345,82.57015991210938,84.34268951416016
f1_59f0b077c6539b13,1,cora,gat,12346,86.1152114868164,84.19497680664062
f1_59f0b077c6539b13,1,cora,gat,12347,85.52436828613281,84.93353271484375
f1_59f0b077c6539b13,1,cora,gat,12348,86.85376739501953,84.78582000732422
f1_59f0b077c6539b13,1,cora,gat,12349,85.37666320800781,83.75184631347656
f1_59f0b077c6539b13,1,cora,gat,12350,84.93353271484375,82.7178726196289
f1_59f0b077c6539b13,1,cora,gat,12351,84.49039459228516,85.37666320800781
f1_59f0b077c6539b13,1,cora,gat,12352,84.78582000732422,87.44461059570312
f1_59f0b077c6539b13,1,cora,gat,12353,84.49039459228516,86.1152114868164
f1_59f0b077c6539b13,1,cora,gat,12354,84.19497680664062,84.93353271484375
f1_5398d67f6d3e7b41,1,facebook,gat,12345,84.97686004638672,84.10466003417969
f1_5398d67f6d3e7b41,1,facebook,gat,12346,85.70665740966797,85.43965911865234
f1_5398d67f6d3e7b41,1,facebook,gat,12347,83.73086547851562,82.82306671142578
f1_5398d67f6d3e7b41,1,facebook,gat,12348,85.42185974121094,86.06266021728516
f1_5398d67f6d3e7b41,1,facebook,gat,12349,80.88287353515625,80.24208068847656
f1_5398d67f6d3e7b41,1,facebook,gat,12350,86.8458480834961,86.13385772705078
f1_5398d67f6d3e7b41,1,facebook,gat,12351,82.2178726196289,82.05767059326172
f1_5398d67f6d3e7b41,1,facebook,gat,12352,83.55286407470703,83.03666687011719
f1_5398d67f6d3e7b41,1,facebook,gat,12353,85.3150634765625,84.9056625366211
f1_5398d67f6d3e7b41,1,facebook,gat,12354,82.25347137451172,80.81167602539062
f1_c1ce72001de7c18a,1,facebook,gat,12345,87.14845275878906,85.991455078125
f1_c1ce72001de7c18a,1,facebook,gat,12346,87.48664855957031,87.30865478515625
f1_c1ce72001de7c18a,1,facebook,gat,12347,87.37985229492188,87.11284637451172
f1_c1ce72001de7c18a,1,facebook,gat,12348,88.57244873046875,87.94944763183594
f1_c1ce72001de7c18a,1,facebook,gat,12349,84.67426300048828,85.63545989990234
f1_c1ce72001de7c18a,1,facebook,gat,12350,87.8248519897461,86.66785430908203
f1_c1ce72001de7c18a,1,facebook,gat,12351,86.383056640625,85.84906005859375
f1_c1ce72001de7c18a,1,facebook,gat,12352,83.37487030029297,82.91207122802734
f1_c1ce72001de7c18a,1,facebook,gat,12353,84.5318603515625,83.10787200927734
f1_c1ce72001de7c18a,1,facebook,gat,12354,86.29405212402344,85.04806518554688
f1_7e67745f4b282990,1,facebook,gat,12345,88.67924499511719,88.60804748535156
f1_7e67745f4b282990,1,facebook,gat,12346,90.5482406616211,89.88964080810547
f1_7e67745f4b282990,1,facebook,gat,12347,89.21324920654297,88.75044250488281
f1_7e67745f4b282990,1,facebook,gat,12348,90.22784423828125,90.24564361572266
f1_7e67745f4b282990,1,facebook,gat,12349,89.21324920654297,89.2844467163086
f1_7e67745f4b282990,1,facebook,gat,12350,91.72303009033203,90.29904174804688
f1_7e67745f4b282990,1,facebook,gat,12351,88.35884857177734,88.02064514160156
f1_7e67745f4b282990,1,facebook,gat,12352,89.23104095458984,89.23104095458984
f1_7e67745f4b282990,1,facebook,gat,12353,90.5482406616211,89.65824127197266
f1_7e67745f4b282990,1,facebook,gat,12354,89.67604064941406,89.71163940429688
f1_1edf63a600959440,1,facebook,gat,12345,93.16482543945312,92.38162994384766
f1_1edf63a600959440,1,facebook,gat,12346,93.52082824707031,92.8978271484375
f1_1edf63a600959440,1,facebook,gat,12347,93.2894287109375,92.70203399658203
f1_1edf63a600959440,1,facebook,gat,12348,93.25382995605469,93.46742248535156
f1_1edf63a600959440,1,facebook,gat,12349,92.48843383789062,92.64862823486328
f1_1edf63a600959440,1,facebook,gat,12350,94.39302062988281,93.04022979736328
f1_1edf63a600959440,1,facebook,gat,12351,92.86222839355469,92.7198257446289
f1_1edf63a600959440,1,facebook,gat,12352,93.20042419433594,92.96903228759766
f1_1edf63a600959440,1,facebook,gat,12353,93.05802917480469,92.82662963867188
f1_1edf63a600959440,1,facebook,gat,12354,93.7522201538086,92.45282745361328
f1_29eb8502b71b7d64,1,facebook,gat,12345,94.03702545166016,93.69882202148438
f1_29eb8502b71b7d64,1,facebook,gat,12346,94.10822296142578,93.71662902832031
f1_29eb8502b71b7d64,1,facebook,gat,12347,93.36062622070312,93.23603057861328
f1_29eb8502b71b7d64,1,facebook,gat,12348,93.2894287109375,93.69882202148438
f1_29eb8502b71b7d64,1,facebook,gat,12349,93.57422637939453,93.55642700195312
f1_29eb8502b71b7d64,1,facebook,gat,12350,94.90921783447266,93.55642700195312
f1_29eb8502b71b7d64,1,facebook,gat,12351,93.36062622070312,93.48522186279297
f1_29eb8502b71b7d64,1,facebook,gat,12352,93.77002716064453,92.96903228759766
f1_29eb8502b71b7d64,1,facebook,gat,12353,94.12602233886719,93.9480209350586
f1_29eb8502b71b7d64,1,facebook,gat,12354,94.10822296142578,93.98362731933594
f1_a3105810a18052af,1,facebook,gat,12345,93.68102264404297,93.46742248535156
f1_a3105810a18052af,1,facebook,gat,12346,93.78782653808594,93.2894287109375
f1_a3105810a18052af,1,facebook,gat,12347,94.10822296142578,93.3072280883789
f1_a3105810a18052af,1,facebook,gat,12348,93.60982513427734,93.6632308959961
f1_a3105810a18052af,1,facebook,gat,12349,93.21822357177734,93.34282684326172
f1_a3105810a18052af,1,facebook,gat,12350,94.87361907958984,93.3072280883789
f1_a3105810a18052af,1,facebook,gat,12351,93.43182373046875,93.69882202148438
f1_a3105810a18052af,1,facebook,gat,12352,93.37842559814453,92.86222839355469
f1_a3105810a18052af,1,facebook,gat,12353,93.78782653808594,93.16482543945312
f1_a3105810a18052af,1,facebook,gat,12354,94.00142669677734,92.95122528076172
f1_fc1ec200eb8bf07d,1,facebook,gat,12345,93.80562591552734,93.00462341308594
f1_fc1ec200eb8bf07d,1,facebook,gat,12346,93.87682342529297,93.34282684326172
f1_fc1ec200eb8bf07d,1,facebook,gat,12347,93.9658203125,93.32502746582031
f1_fc1ec200eb8bf07d,1,facebook,gat,12348,93.3072280883789,93.39622497558594
f1_fc1ec200eb8bf07d,1,facebook,gat,12349,93.36062622070312,93.85902404785156
f1_fc1ec200eb8bf07d,1,facebook,gat,12350,94.7312240600586,93.21822357177734
f1_fc1ec200eb8bf07d,1,facebook,gat,12351,93.32502746582031,93.20042419433594
f1_fc1ec200eb8bf07d,1,facebook,gat,12352,93.52082824707031,93.0758285522461
f1_fc1ec200eb8bf07d,1,facebook,gat,12353,93.85902404785156,93.5030288696289
f1_fc1ec200eb8bf07d,1,facebook,gat,12354,93.82342529296875,92.70203399658203
f1_350d9a4a6596092d,1,facebook,gat,12345,93.9658203125,93.21822357177734
f1_350d9a4a6596092d,1,facebook,gat,12346,93.71662902832031,93.16482543945312
f1_350d9a4a6596092d,1,facebook,gat,12347,93.93022918701172,93.60982513427734
f1_350d9a4a6596092d,1,facebook,gat,12348,93.60982513427734,93.87682342529297
f1_350d9a4a6596092d,1,facebook,gat,12349,92.96903228759766,93.32502746582031
f1_350d9a4a6596092d,1,facebook,gat,12350,94.78462219238281,93.43182373046875
f1_350d9a4a6596092d,1,facebook,gat,12351,93.2894287109375,93.32502746582031
f1_350d9a4a6596092d,1,facebook,gat,12352,93.48522186279297,92.91563415527344
f1_350d9a4a6596092d,1,facebook,gat,12353,94.12602233886719,93.44963073730469
f1_350d9a4a6596092d,1,facebook,gat,12354,94.10822296142578,93.20042419433594
f1_c8329f149061ea10,1,facebook,gat,12345,93.78782653808594,93.14702606201172
f1_c8329f149061ea10,1,facebook,gat,12346,94.10822296142578,93.34282684326172
f1_c8329f149061ea10,1,facebook,gat,12347,94.09042358398438,93.41402435302734
f1_c8329f149061ea10,1,facebook,gat,12348,93.43182373046875,93.2894287109375
f1_c8329f149061ea10,1,facebook,gat,12349,93.52082824707031,93.71662902832031
f1_c8329f149061ea10,1,facebook,gat,12350,94.60662078857422,93.2894287109375
f1_c8329f149061ea10,1,facebook,gat,12351,93.52082824707031,93.77002716064453
f1_c8329f149061ea10,1,facebook,gat,12352,93.53862762451172,92.96903228759766
f1_c8329f149061ea10,1,facebook,gat,12353,93.69882202148438,93.25382995605469
f1_c8329f149061ea10,1,facebook,gat,12354,93.89462280273438,92.95122528076172
f1_910d245b3facfd75,1,facebook,gat,12345,93.60982513427734,93.0758285522461
f1_910d245b3facfd75,1,facebook,gat,12346,94.01922607421875,92.86222839355469
f1_910d245b3facfd75,1,facebook,gat,12347,93.59202575683594,93.64542388916016
f1_910d245b3facfd75,1,facebook,gat,12348,93.60982513427734,93.98362731933594
f1_910d245b3facfd75,1,facebook,gat,12349,93.55642700195312,94.00142669677734
f1_910d245b3facfd75,1,facebook,gat,12350,94.55322265625,93.3072280883789
f1_910d245b3facfd75,1,facebook,gat,12351,93.3072280883789,93.73442840576172
f1_910d245b3facfd75,1,facebook,gat,12352,93.3072280883789,92.8800277709961
f1_910d245b3facfd75,1,facebook,gat,12353,93.98362731933594,93.1114273071289
f1_910d245b3facfd75,1,facebook,gat,12354,94.39302062988281,94.03702545166016
f1_fcef4049b53bd936,1,lastfm,gat,12345,84.24618530273438,82.6651611328125
f1_fcef4049b53bd936,1,lastfm,gat,12346,80.1806869506836,79.89836120605469
f1_fcef4049b53bd936,1,lastfm,gat,12347,82.0440444946289,81.30998992919922
f1_fcef4049b53bd936,1,lastfm,gat,12348,82.3828353881836,83.79446411132812
f1_fcef4049b53bd936,1,lastfm,gat,12349,80.91473388671875,78.0350112915039
f1_fcef4049b53bd936,1,lastfm,gat,12350,81.87464141845703,82.89102172851562
f1_fcef4049b53bd936,1,lastfm,gat,12351,83.568603515625,83.2862777709961
f1_fcef4049b53bd936,1,lastfm,gat,12352,79.95482635498047,78.20440673828125
f1_fcef4049b53bd936,1,lastfm,gat,12353,80.68887329101562,80.29361724853516
f1_fcef4049b53bd936,1,lastfm,gat,12354,79.05138397216797,77.07510375976562
f1_f498b3de5563b038,1,lastfm,gat,12345,84.64144134521484,83.17334747314453
f1_f498b3de5563b038,1,lastfm,gat,12346,84.02032470703125,83.11688232421875
f1_f498b3de5563b038,1,lastfm,gat,12347,83.17334747314453,83.62506866455078
f1_f498b3de5563b038,1,lastfm,gat,12348,83.568603515625,82.83455657958984
f1_f498b3de5563b038,1,lastfm,gat,12349,82.60869598388672,79.89836120605469
f1_f498b3de5563b038,1,lastfm,gat,12350,82.15697479248047,83.06041717529297
f1_f498b3de5563b038,1,lastfm,gat,12351,84.30265045166016,83.568603515625
f1_f498b3de5563b038,1,lastfm,gat,12352,83.17334747314453,81.98757934570312
f1_f498b3de5563b038,1,lastfm,gat,12353,81.02767181396484,80.80180358886719
f1_f498b3de5563b038,1,lastfm,gat,12354,82.10050201416016,80.40654754638672
f1_ca361726a17676f2,1,lastfm,gat,12345,84.35911560058594,83.45567321777344
f1_ca361726a17676f2,1,lastfm,gat,12346,85.82721710205078,85.94014739990234
f1_ca361726a17676f2,1,lastfm,gat,12347,85.6578140258789,86.22247314453125
f1_ca361726a17676f2,1,lastfm,gat,12348,81.366455078125,81.81818389892578
f1_ca361726a17676f2,1,lastfm,gat,12349,83.90739440917969,81.93110656738281
f1_ca361726a17676f2,1,lastfm,gat,12350,80.80180358886719,82.15697479248047
f1_ca361726a17676f2,1,lastfm,gat,12351,85.71428680419922,86.10954284667969
f1_ca361726a17676f2,1,lastfm,gat,12352,84.64144134521484,84.7543716430664
f1_ca361726a17676f2,1,lastfm,gat,12353,84.1897201538086,83.22981262207031
f1_ca361726a17676f2,1,lastfm,gat,12354,85.71428680419922,83.62506866455078
f1_5628afc3edbb75bb,1,lastfm,gat,12345,88.65047454833984,87.18238067626953
f1_5628afc3edbb75bb,1,lastfm,gat,12346,88.08582305908203,88.25521850585938
f1_5628afc3edbb75bb,1,lastfm,gat,12347,87.8599624633789,87.972900390625
f1_5628afc3edbb75bb,1,lastfm,gat,12348,88.42461395263672,88.65047454833984
f1_5628afc3edbb75bb,1,lastfm,gat,12349,87.01298522949219,84.98023986816406
f1_5628afc3edbb75bb,1,lastfm,gat,12350,86.9565200805664,87.972900390625
f1_5628afc3edbb75bb,1,lastfm,gat,12351,87.2953109741211,87.74703216552734
f1_5628afc3edbb75bb,1,lastfm,gat,12352,88.02935791015625,87.74703216552734
f1_5628afc3edbb75bb,1,lastfm,gat,12353,87.40824127197266,86.44832611083984
f1_5628afc3edbb75bb,1,lastfm,gat,12354,89.04573059082031,87.12591552734375
f1_00d9455cd2b118a4,1,lastfm,gat,12345,89.04573059082031,87.46470642089844
f1_00d9455cd2b118a4,1,lastfm,gat,12346,88.76341247558594,89.21512603759766
f1_00d9455cd2b118a4,1,lastfm,gat,12347,88.98927307128906,88.93280792236328
f1_00d9455cd2b118a4,1,lastfm,gat,12348,88.81986999511719,88.36815643310547
f1_00d9455cd2b118a4,1,lastfm,gat,12349,89.1586685180664,86.33540344238281
f1_00d9455cd2b118a4,1,lastfm,gat,12350,88.02935791015625,88.87633514404297
f1_00d9455cd2b118a4,1,lastfm,gat,12351,87.69056701660156,87.8599624633789
f1_00d9455cd2b118a4,1,lastfm,gat,12352,88.14229583740234,88.19876098632812
f1_00d9455cd2b118a4,1,lastfm,gat,12353,88.53755187988281,87.23884582519531
f1_00d9455cd2b118a4,1,lastfm,gat,12354,89.4974594116211,87.2953109741211
f1_124e29deba7d30f4,1,lastfm,gat,12345,88.76341247558594,87.23884582519531
f1_124e29deba7d30f4,1,lastfm,gat,12346,88.25521850585938,88.76341247558594
f1_124e29deba7d30f4,1,lastfm,gat,12347,88.36815643310547,88.42461395263672
f1_124e29deba7d30f4,1,lastfm,gat,12348,88.4810791015625,88.76341247558594
f1_124e29deba7d30f4,1,lastfm,gat,12349,89.10220336914062,86.33540344238281
f1_124e29deba7d30f4,1,lastfm,gat,12350,88.02935791015625,88.08582305908203
f1_124e29deba7d30f4,1,lastfm,gat,12351,87.74703216552734,87.91642761230469
f1_124e29deba7d30f4,1,lastfm,gat,12352,87.74703216552734,88.31168365478516
f1_124e29deba7d30f4,1,lastfm,gat,12353,88.02935791015625,86.56126403808594
f1_124e29deba7d30f4,1,lastfm,gat,12354,89.27159881591797,86.9565200805664
f1_750279831b184c41,1,lastfm,gat,12345,88.70694732666016,87.18238067626953
f1_750279831b184c41,1,lastfm,gat,12346,88.76341247558594,88.25521850585938
f1_750279831b184c41,1,lastfm,gat,12347,88.93280792236328,88.53755187988281
f1_750279831b184c41,1,lastfm,gat,12348,88.87633514404297,89.32806396484375
f1_750279831b184c41,1,lastfm,gat,12349,88.87633514404297,86.10954284667969
f1_750279831b184c41,1,lastfm,gat,12350,87.972900390625,88.53755187988281
f1_750279831b184c41,1,lastfm,gat,12351,87.972900390625,87.80349731445312
f1_750279831b184c41,1,lastfm,gat,12352,88.02935791015625,88.42461395263672
f1_750279831b184c41,1,lastfm,gat,12353,88.14229583740234,87.18238067626953
f1_750279831b184c41,1,lastfm,gat,12354,88.65047454833984,87.01298522949219
f1_baf2c0849b49ad93,1,lastfm,gat,12345,89.10220336914062,87.91642761230469
f1_baf2c0849b49ad93,1,lastfm,gat,12346,88.4810791015625,88.4810791015625
f1_baf2c0849b49ad93,1,lastfm,gat,12347,88.4810791015625,88.14229583740234
f1_baf2c0849b49ad93,1,lastfm,gat,12348,88.81986999511719,89.32806396484375
f1_baf2c0849b49ad93,1,lastfm,gat,12349,88.4810791015625,86.6741943359375
f1_baf2c0849b49ad93,1,lastfm,gat,12350,88.36815643310547,88.4810791015625
f1_baf2c0849b49ad93,1,lastfm,gat,12351,87.80349731445312,87.40824127197266
f1_baf2c0849b49ad93,1,lastfm,gat,12352,87.74703216552734,88.4810791015625
f1_baf2c0849b49ad93,1,lastfm,gat,12353,88.42461395263672,86.90005493164062
f1_baf2c0849b49ad93,1,lastfm,gat,12354,89.38452911376953,87.18238067626953
f1_5a3804bf2e896828,1,lastfm,gat,12345,88.93280792236328,87.52117156982422
f1_5a3804bf2e896828,1,lastfm,gat,12346,88.4810791015625,88.42461395263672
f1_5a3804bf2e896828,1,lastfm,gat,12347,88.5940170288086,88.36815643310547
f1_5a3804bf2e896828,1,lastfm,gat,12348,88.53755187988281,88.65047454833984
f1_5a3804bf2e896828,1,lastfm,gat,12349,88.36815643310547,85.94014739990234
f1_5a3804bf2e896828,1,lastfm,gat,12350,87.74703216552734,88.31168365478516
f1_5a3804bf2e896828,1,lastfm,gat,12351,88.02935791015625,88.02935791015625
f1_5a3804bf2e896828,1,lastfm,gat,12352,87.91642761230469,88.36815643310547
f1_5a3804bf2e896828,1,lastfm,gat,12353,88.42461395263672,86.90005493164062
f1_5a3804bf2e896828,1,lastfm,gat,12354,89.1586685180664,86.56126403808594
f1_f74e818f13cafd0e,1,lastfm,gat,12345,89.44098663330078,87.52117156982422
f1_f74e818f13cafd0e,1,lastfm,gat,12346,88.65047454833984,88.70694732666016
f1_f74e818f13cafd0e,1,lastfm,gat,12347,88.70694732666016,88.42461395263672
f1_f74e818f13cafd0e,1,lastfm,gat,12348,88.70694732666016,89.27159881591797
f1_f74e818f13cafd0e,1,lastfm,gat,12349,88.93280792236328,86.50479888916016
f1_f74e818f13cafd0e,1,lastfm,gat,12350,88.36815643310547,88.25521850585938
f1_f74e818f13cafd0e,1,lastfm,gat,12351,87.74703216552734,88.08582305908203
f1_f74e818f13cafd0e,1,lastfm,gat,12352,87.8599624633789,87.972900390625
f1_f74e818f13cafd0e,1,lastfm,gat,12353,88.36815643310547,87.18238067626953
f1_f74e818f13cafd0e,1,lastfm,gat,12354,89.10220336914062,87.40824127197266
f1_d40dd3990a586161,1,citeseer,gat,12345,67.90865325927734,65.74519348144531
f1_d40dd3990a586161,1,citeseer,gat,12346,64.42308044433594,64.78365325927734
f1_d40dd3990a586161,1,citeseer,gat,12347,67.1875,63.46154022216797
f1_d40dd3990a586161,1,citeseer,gat,12348,66.22596740722656,63.46154022216797
f1_d40dd3990a586161,1,citeseer,gat,12349,63.701927185058594,62.139427185058594
f1_d40dd3990a586161,1,citeseer,gat,12350,62.980770111083984,64.66346740722656
f1_d40dd3990a586161,1,citeseer,gat,12351,62.86057662963867,62.740386962890625
f1_d40dd3990a586161,1,citeseer,gat,12352,67.42788696289062,64.0625
f1_d40dd3990a586161,1,citeseer,gat,12353,65.98558044433594,64.18269348144531
f1_d40dd3990a586161,1,citeseer,gat,12354,63.34135055541992,63.22115707397461
f1_48ccfb7c62709267,1,citeseer,gat,12345,67.66827392578125,67.90865325927734
f1_48ccfb7c62709267,1,citeseer,gat,12346,65.3846206665039,63.822120666503906
f1_48ccfb7c62709267,1,citeseer,gat,12347,66.70673370361328,62.62019348144531
f1_48ccfb7c62709267,1,citeseer,gat,12348,64.66346740722656,63.46154022216797
f1_48ccfb7c62709267,1,citeseer,gat,12349,64.30288696289062,64.0625
f1_48ccfb7c62709267,1,citeseer,gat,12350,62.259620666503906,61.05769348144531
f1_48ccfb7c62709267,1,citeseer,gat,12351,61.05769348144531,61.89904022216797
f1_48ccfb7c62709267,1,citeseer,gat,12352,65.50480651855469,64.90384674072266
f1_48ccfb7c62709267,1,citeseer,gat,12353,61.418270111083984,60.81730651855469
f1_48ccfb7c62709267,1,citeseer,gat,12354,63.58173370361328,63.822120666503906
f1_40fc7456e5b06164,1,citeseer,gat,12345,67.90865325927734,65.625
f1_40fc7456e5b06164,1,citeseer,gat,12346,63.34135055541992,63.46154022216797
f1_40fc7456e5b06164,1,citeseer,gat,12347,66.70673370361328,64.18269348144531
f1_40fc7456e5b06164,1,citeseer,gat,12348,65.2644271850586,65.14423370361328
f1_40fc7456e5b06164,1,citeseer,gat,12349,62.980770111083984,64.18269348144531
f1_40fc7456e5b06164,1,citeseer,gat,12350,65.2644271850586,63.1009635925293
f1_40fc7456e5b06164,1,citeseer,gat,12351,61.418270111083984,60.9375
f1_40fc7456e5b06164,1,citeseer,gat,12352,63.94230651855469,60.33654022216797
f1_40fc7456e5b06164,1,citeseer,gat,12353,63.46154022216797,62.740386962890625
f1_40fc7456e5b06164,1,citeseer,gat,12354,60.576927185058594,59.49519348144531
f1_1d8a934057034e5d,1,citeseer,gat,12345,68.75,68.99038696289062
f1_1d8a934057034e5d,1,citeseer,gat,12346,67.90865325927734,66.10577392578125
f1_1d8a934057034e5d,1,citeseer,gat,12347,68.5096206665039,67.54808044433594
f1_1d8a934057034e5d,1,citeseer,gat,12348,68.87019348144531,67.78846740722656
f1_1d8a934057034e5d,1,citeseer,gat,12349,66.46634674072266,66.70673370361328
f1_1d8a934057034e5d,1,citeseer,gat,12350,66.34615325927734,66.58654022216797
f1_1d8a934057034e5d,1,citeseer,gat,12351,68.5096206665039,66.34615325927734
f1_1d8a934057034e5d,1,citeseer,gat,12352,70.43269348144531,66.9471206665039
f1_1d8a934057034e5d,1,citeseer,gat,12353,70.43269348144531,67.1875
f1_1d8a934057034e5d,1,citeseer,gat,12354,66.22596740722656,68.26923370361328
f1_c7b0abc4365efac7,1,citeseer,gat,12345,69.47115325927734,69.47115325927734
f1_c7b0abc4365efac7,1,citeseer,gat,12346,68.99038696289062,67.06730651855469
f1_c7b0abc4365efac7,1,citeseer,gat,12347,69.59134674072266,66.70673370361328
f1_c7b0abc4365efac7,1,citeseer,gat,12348,70.67308044433594,67.90865325927734
f1_c7b0abc4365efac7,1,citeseer,gat,12349,67.1875,68.02884674072266
f1_c7b0abc4365efac7,1,citeseer,gat,12350,68.14904022216797,67.78846740722656
f1_c7b0abc4365efac7,1,citeseer,gat,12351,70.0721206665039,67.42788696289062
f1_c7b0abc4365efac7,1,citeseer,gat,12352,70.3125,67.30769348144531
f1_c7b0abc4365efac7,1,citeseer,gat,12353,70.55288696289062,67.66827392578125
f1_c7b0abc4365efac7,1,citeseer,gat,12354,67.30769348144531,68.14904022216797
f1_d431fbda53d989b6,1,citeseer,gat,12345,69.71154022216797,69.23077392578125
f1_d431fbda53d989b6,1,citeseer,gat,12346,69.11058044433594,69.11058044433594
f1_d431fbda53d989b6,1,citeseer,gat,12347,69.71154022216797,65.98558044433594
f1_d431fbda53d989b6,1,citeseer,gat,12348,69.59134674072266,67.90865325927734
f1_d431fbda53d989b6,1,citeseer,gat,12349,67.78846740722656,67.42788696289062
f1_d431fbda53d989b6,1,citeseer,gat,12350,67.06730651855469,67.66827392578125
f1_d431fbda53d989b6,1,citeseer,gat,12351,69.47115325927734,65.98558044433594
f1_d431fbda53d989b6,1,citeseer,gat,12352,70.3125,66.8269271850586
f1_d431fbda53d989b6,1,citeseer,gat,12353,71.15384674072266,69.23077392578125
f1_d431fbda53d989b6,1,citeseer,gat,12354,67.06730651855469,67.66827392578125
f1_5bcc6a461fb017f5,1,citeseer,gat,12345,69.47115325927734,69.83173370361328
f1_5bcc6a461fb017f5,1,citeseer,gat,12346,68.14904022216797,65.50480651855469
f1_5bcc6a461fb017f5,1,citeseer,gat,12347,71.03365325927734,66.8269271850586
f1_5bcc6a461fb017f5,1,citeseer,gat,12348,69.71154022216797,69.35096740722656
f1_5bcc6a461fb017f5,1,citeseer,gat,12349,67.78846740722656,67.1875
f1_5bcc6a461fb017f5,1,citeseer,gat,12350,66.8269271850586,65.86538696289062
f1_5bcc6a461fb017f5,1,citeseer,gat,12351,69.59134674072266,67.66827392578125
f1_5bcc6a461fb017f5,1,citeseer,gat,12352,70.55288696289062,67.1875
f1_5bcc6a461fb017f5,1,citeseer,gat,12353,70.19231414794922,67.90865325927734
f1_5bcc6a461fb017f5,1,citeseer,gat,12354,67.78846740722656,68.99038696289062
f1_13f84d5ca72ead6a,1,citeseer,gat,12345,68.99038696289062,70.19231414794922
f1_13f84d5ca72ead6a,1,citeseer,gat,12346,68.75,69.11058044433594
f1_13f84d5ca72ead6a,1,citeseer,gat,12347,69.71154022216797,66.70673370361328
f1_13f84d5ca72ead6a,1,citeseer,gat,12348,69.11058044433594,66.70673370361328
f1_13f84d5ca72ead6a,1,citeseer,gat,12349,66.34615325927734,66.34615325927734
f1_13f84d5ca72ead6a,1,citeseer,gat,12350,66.9471206665039,66.46634674072266
f1_13f84d5ca72ead6a,1,citeseer,gat,12351,68.99038696289062,67.66827392578125
f1_13f84d5ca72ead6a,1,citeseer,gat,12352,69.9519271850586,68.02884674072266
f1_13f84d5ca72ead6a,1,citeseer,gat,12353,69.23077392578125,67.1875
f1_13f84d5ca72ead6a,1,citeseer,gat,12354,67.06730651855469,68.02884674072266
f1_5998faff12eeac19,1,citeseer,gat,12345,68.87019348144531,69.35096740722656
f1_5998faff12eeac19,1,citeseer,gat,12346,69.47115325927734,67.54808044433594
f1_5998faff12eeac19,1,citeseer,gat,12347,70.19231414794922,66.10577392578125
f1_5998faff12eeac19,1,citeseer,gat,12348,69.59134674072266,68.5096206665039
f1_5998faff12eeac19,1,citeseer,gat,12349,67.66827392578125,67.78846740722656
f1_5998faff12eeac19,1,citeseer,gat,12350,66.70673370361328,67.42788696289062
f1_5998faff12eeac19,1,citeseer,gat,12351,68.62981414794922,67.1875
f1_5998faff12eeac19,1,citeseer,gat,12352,70.19231414794922,67.30769348144531
f1_5998faff12eeac19,1,citeseer,gat,12353,69.35096740722656,68.26923370361328
f1_5998faff12eeac19,1,citeseer,gat,12354,66.46634674072266,66.9471206665039
f1_70d1999c816b9cc5,1,citeseer,gat,12345,69.9519271850586,68.75
f1_70d1999c816b9cc5,1,citeseer,gat,12346,66.9471206665039,66.8269271850586
f1_70d1999c816b9cc5,1,citeseer,gat,12347,68.87019348144531,65.2644271850586
f1_70d1999c816b9cc5,1,citeseer,gat,12348,69.47115325927734,66.22596740722656
f1_70d1999c816b9cc5,1,citeseer,gat,12349,66.58654022216797,67.42788696289062
f1_70d1999c816b9cc5,1,citeseer,gat,12350,66.46634674072266,65.2644271850586
f1_70d1999c816b9cc5,1,citeseer,gat,12351,67.06730651855469,65.50480651855469
f1_70d1999c816b9cc5,1,citeseer,gat,12352,71.27404022216797,67.30769348144531
f1_70d1999c816b9cc5,1,citeseer,gat,12353,67.90865325927734,67.78846740722656
f1_70d1999c816b9cc5,1,citeseer,gat,12354,67.54808044433594,68.3894271850586
f1_62223947836765ab,1,cora,gat,12345,78.43426513671875,80.94534301757812
f1_62223947836765ab,1,cora,gat,12346,79.02510833740234,77.69571685791016
f1_62223947836765ab,1,cora,gat,12347,77.10487365722656,73.70753479003906
f1_62223947836765ab,1,cora,gat,12348,80.79763793945312,78.58197784423828
f1_62223947836765ab,1,cora,gat,12349,76.51403045654297,73.8552474975586
f1_62223947836765ab,1,cora,gat,12350,74.0029525756836,73.70753479003906
f1_62223947836765ab,1,cora,gat,12351,76.21861267089844,80.35450744628906
f1_62223947836765ab,1,cora,gat,12352,76.95716094970703,76.0708999633789
f1_62223947836765ab,1,cora,gat,12353,77.10487365722656,76.6617431640625
f1_62223947836765ab,1,cora,gat,12354,77.4002914428711,79.3205337524414
f1_2bf497d4d8884a67,1,cora,gat,12345,77.69571685791016,80.79763793945312
f1_2bf497d4d8884a67,1,cora,gat,12346,79.3205337524414,77.69571685791016
f1_2bf497d4d8884a67,1,cora,gat,12347,80.05908203125,79.911376953125
f1_2bf497d4d8884a67,1,cora,gat,12348,79.61595153808594,77.10487365722656
f1_2bf497d4d8884a67,1,cora,gat,12349,79.911376953125,76.51403045654297
f1_2bf497d4d8884a67,1,cora,gat,12350,76.36632537841797,75.33235168457031
f1_2bf497d4d8884a67,1,cora,gat,12351,78.13884735107422,77.54800415039062
f1_2bf497d4d8884a67,1,cora,gat,12352,80.79763793945312,76.80945587158203
f1_2bf497d4d8884a67,1,cora,gat,12353,76.95716094970703,79.02510833740234
f1_2bf497d4d8884a67,1,cora,gat,12354,79.02510833740234,81.97931671142578
f1_6deaf9a44c7073d1,1,cora,gat,12345,78.87740325927734,82.12702941894531
f1_6deaf9a44c7073d1,1,cora,gat,12346,77.2525863647461,77.84342956542969
f1_6deaf9a44c7073d1,1,cora,gat,12347,84.49039459228516,83.01329040527344
f1_6deaf9a44c7073d1,1,cora,gat,12348,81.97931671142578,82.42245483398438
f1_6deaf9a44c7073d1,1,cora,gat,12349,80.6499252319336,79.61595153808594
f1_6deaf9a44c7073d1,1,cora,gat,12350,79.61595153808594,76.80945587158203
f1_6deaf9a44c7073d1,1,cora,gat,12351,81.38848114013672,81.09305572509766
f1_6deaf9a44c7073d1,1,cora,gat,12352,79.911376953125,78.28656005859375
f1_6deaf9a44c7073d1,1,cora,gat,12353,75.48005676269531,78.13884735107422
f1_6deaf9a44c7073d1,1,cora,gat,12354,79.17282104492188,82.7178726196289
f1_9c3042d2475e3857,1,cora,gat,12345,82.42245483398438,83.01329040527344
f1_9c3042d2475e3857,1,cora,gat,12346,85.52436828613281,85.08123779296875
f1_9c3042d2475e3857,1,cora,gat,12347,85.08123779296875,86.41063690185547
f1_9c3042d2475e3857,1,cora,gat,12348,86.1152114868164,84.49039459228516
f1_9c3042d2475e3857,1,cora,gat,12349,85.37666320800781,83.60413360595703
f1_9c3042d2475e3857,1,cora,gat,12350,83.75184631347656,80.50221252441406
f1_9c3042d2475e3857,1,cora,gat,12351,84.78582000732422,83.8995590209961
f1_9c3042d2475e3857,1,cora,gat,12352,85.22895050048828,86.26292419433594
f1_9c3042d2475e3857,1,cora,gat,12353,83.3087158203125,84.78582000732422
f1_9c3042d2475e3857,1,cora,gat,12354,84.78582000732422,87.14918518066406
f1_124d0c91c99d5efa,1,cora,gat,12345,82.57015991210938,84.49039459228516
f1_124d0c91c99d5efa,1,cora,gat,12346,87.44461059570312,85.22895050048828
f1_124d0c91c99d5efa,1,cora,gat,12347,85.67208099365234,85.08123779296875
f1_124d0c91c99d5efa,1,cora,gat,12348,86.1152114868164,84.63810729980469
f1_124d0c91c99d5efa,1,cora,gat,12349,86.41063690185547,84.34268951416016
f1_124d0c91c99d5efa,1,cora,gat,12350,85.08123779296875,83.75184631347656
f1_124d0c91c99d5efa,1,cora,gat,12351,85.08123779296875,84.63810729980469
f1_124d0c91c99d5efa,1,cora,gat,12352,85.52436828613281,85.81979370117188
f1_124d0c91c99d5efa,1,cora,gat,12353,85.08123779296875,85.96749877929688
f1_124d0c91c99d5efa,1,cora,gat,12354,85.22895050048828,86.41063690185547
f1_0d338604d1bc368e,1,cora,gat,12345,82.7178726196289,83.75184631347656
f1_0d338604d1bc368e,1,cora,gat,12346,86.41063690185547,84.49039459228516
f1_0d338604d1bc368e,1,cora,gat,12347,85.22895050048828,86.85376739501953
f1_0d338604d1bc368e,1,cora,gat,12348,83.60413360595703,81.83161163330078
f1_0d338604d1bc368e,1,cora,gat,12349,85.22895050048828,82.57015991210938
f1_0d338604d1bc368e,1,cora,gat,12350,84.49039459228516,83.4564208984375
f1_0d338604d1bc368e,1,cora,gat,12351,84.78582000732422,83.8995590209961
f1_0d338604d1bc368e,1,cora,gat,12352,85.08123779296875,86.1152114868164
f1_0d338604d1bc368e,1,cora,gat,12353,82.86558532714844,82.7178726196289
f1_0d338604d1bc368e,1,cora,gat,12354,84.93353271484375,86.41063690185547
f1_53f172949ba451d5,1,cora,gat,12345,82.12702941894531,84.34268951416016
f1_53f172949ba451d5,1,cora,gat,12346,87.00147247314453,83.75184631347656
f1_53f172949ba451d5,1,cora,gat,12347,85.37666320800781,85.22895050048828
f1_53f172949ba451d5,1,cora,gat,12348,86.85376739501953,85.22895050048828
f1_53f172949ba451d5,1,cora,gat,12349,85.37666320800781,85.37666320800781
f1_53f172949ba451d5,1,cora,gat,12350,84.78582000732422,83.16100311279297
f1_53f172949ba451d5,1,cora,gat,12351,84.49039459228516,84.34268951416016
f1_53f172949ba451d5,1,cora,gat,12352,85.81979370117188,85.96749877929688
f1_53f172949ba451d5,1,cora,gat,12353,82.86558532714844,85.52436828613281
f1_53f172949ba451d5,1,cora,gat,12354,85.22895050048828,86.55834197998047
f1_d79c70c8295d372d,1,cora,gat,12345,82.27474212646484,83.01329040527344
f1_d79c70c8295d372d,1,cora,gat,12346,86.1152114868164,84.0472640991211
f1_d79c70c8295d372d,1,cora,gat,12347,85.22895050048828,84.49039459228516
f1_d79c70c8295d372d,1,cora,gat,12348,87.14918518066406,84.63810729980469
f1_d79c70c8295d372d,1,cora,gat,12349,86.1152114868164,83.8995590209961
f1_d79c70c8295d372d,1,cora,gat,12350,84.63810729980469,82.7178726196289
f1_d79c70c8295d372d,1,cora,gat,12351,84.34268951416016,84.63810729980469
f1_d79c70c8295d372d,1,cora,gat,12352,85.37666320800781,85.96749877929688
f1_d79c70c8295d372d,1,cora,gat,12353,83.4564208984375,83.60413360595703
f1_d79c70c8295d372d,1,cora,gat,12354,83.4564208984375,85.08123779296875
f1_6fb4014edc5834b8,1,cora,gat,12345,81.83161163330078,83.75184631347656
f1_6fb4014edc5834b8,1,cora,gat,12346,86.7060546875,84.63810729980469
f1_6fb4014edc5834b8,1,cora,gat,12347,85.96749877929688,86.26292419433594
f1_6fb4014edc5834b8,1,cora,gat,12348,88.03544616699219,85.37666320800781
f1_6fb4014edc5834b8,1,cora,gat,12349,85.08123779296875,85.08123779296875
f1_6fb4014edc5834b8,1,cora,gat,12350,84.19497680664062,83.16100311279297
f1_6fb4014edc5834b8,1,cora,gat,12351,85.37666320800781,84.78582000732422
f1_6fb4014edc5834b8,1,cora,gat,12352,86.26292419433594,87.14918518066406
f1_6fb4014edc5834b8,1,cora,gat,12353,82.7178726196289,85.67208099365234
f1_6fb4014edc5834b8,1,cora,gat,12354,84.49039459228516,86.26292419433594
f1_83cdf59af102d5ac,1,cora,gat,12345,81.83161163330078,82.7178726196289
f1_83cdf59af102d5ac,1,cora,gat,12346,86.85376739501953,84.63810729980469
f1_83cdf59af102d5ac,1,cora,gat,12347,85.67208099365234,86.26292419433594
f1_83cdf59af102d5ac,1,cora,gat,12348,86.7060546875,84.19497680664062
f1_83cdf59af102d5ac,1,cora,gat,12349,84.63810729980469,84.19497680664062
f1_83cdf59af102d5ac,1,cora,gat,12350,84.19497680664062,84.0472640991211
f1_83cdf59af102d5ac,1,cora,gat,12351,84.93353271484375,84.63810729980469
f1_83cdf59af102d5ac,1,cora,gat,12352,85.52436828613281,87.00147247314453
f1_83cdf59af102d5ac,1,cora,gat,12353,85.08123779296875,85.67208099365234
f1_83cdf59af102d5ac,1,cora,gat,12354,85.52436828613281,86.55834197998047
f1_0ea3adfee6f8069e,1,facebook,gat,12345,85.42185974121094,84.21146392822266
f1_0ea3adfee6f8069e,1,facebook,gat,12346,85.42185974121094,85.22605895996094
f1_0ea3adfee6f8069e,1,facebook,gat,12347,83.4638671875,82.73406982421875
f1_0ea3adfee6f8069e,1,facebook,gat,12348,85.72445678710938,86.95265197753906
f1_0ea3adfee6f8069e,1,facebook,gat,12349,82.07546997070312,81.66607666015625
f1_0ea3adfee6f8069e,1,facebook,gat,12350,85.991455078125,85.26165771484375
f1_0ea3adfee6f8069e,1,facebook,gat,12351,85.83125305175781,85.51085662841797
f1_0ea3adfee6f8069e,1,facebook,gat,12352,85.45745849609375,84.87005615234375
f1_0ea3adfee6f8069e,1,facebook,gat,12353,84.9234619140625,85.56425476074219
f1_0ea3adfee6f8069e,1,facebook,gat,12354,82.0220718383789,79.45887756347656
f1_e0f03264ffa8e597,1,facebook,gat,12345,85.58206176757812,84.63866424560547
f1_e0f03264ffa8e597,1,facebook,gat,12346,86.383056640625,86.0092544555664
f1_e0f03264ffa8e597,1,facebook,gat,12347,86.7568588256836,85.6176528930664
f1_e0f03264ffa8e597,1,facebook,gat,12348,88.34104919433594,88.85724639892578
f1_e0f03264ffa8e597,1,facebook,gat,12349,86.43645477294922,86.5966567993164
f1_e0f03264ffa8e597,1,facebook,gat,12350,86.09825134277344,84.95906066894531
f1_e0f03264ffa8e597,1,facebook,gat,12351,86.25845336914062,86.22285461425781
f1_e0f03264ffa8e597,1,facebook,gat,12352,85.6176528930664,86.06266021728516
f1_e0f03264ffa8e597,1,facebook,gat,12353,85.991455078125,86.25845336914062
f1_e0f03264ffa8e597,1,facebook,gat,12354,86.56105041503906,85.86685943603516
f1_a8a979d0779935b6,1,facebook,gat,12345,90.3702392578125,90.24564361572266
f1_a8a979d0779935b6,1,facebook,gat,12346,90.28124237060547,89.58704376220703
f1_a8a979d0779935b6,1,facebook,gat,12347,87.6468505859375,86.50765228271484
f1_a8a979d0779935b6,1,facebook,gat,12348,89.55144500732422,90.13883972167969
f1_a8a979d0779935b6,1,facebook,gat,12349,90.10324096679688,90.22784423828125
f1_a8a979d0779935b6,1,facebook,gat,12350,88.76824188232422,87.91384887695312
f1_a8a979d0779935b6,1,facebook,gat,12351,90.79743957519531,90.47703552246094
f1_a8a979d0779935b6,1,facebook,gat,12352,85.86685943603516,85.51085662841797
f1_a8a979d0779935b6,1,facebook,gat,12353,89.498046875,89.53364562988281
f1_a8a979d0779935b6,1,facebook,gat,12354,89.23104095458984,88.12744903564453
f1_10967d2b32dbd98b,1,facebook,gat,12345,93.34282684326172,92.36383056640625
f1_10967d2b32dbd98b,1,facebook,gat,12346,93.57422637939453,92.45282745361328
f1_10967d2b32dbd98b,1,facebook,gat,12347,93.04022979736328,92.50623321533203
f1_10967d2b32dbd98b,1,facebook,gat,12348,92.77323150634766,93.14702606201172
f1_10967d2b32dbd98b,1,facebook,gat,12349,92.57743072509766,92.45282745361328
f1_10967d2b32dbd98b,1,facebook,gat,12350,93.9658203125,92.96903228759766
f1_10967d2b32dbd98b,1,facebook,gat,12351,92.16802978515625,92.07903289794922
f1_10967d2b32dbd98b,1,facebook,gat,12352,92.80883026123047,92.11463165283203
f1_10967d2b32dbd98b,1,facebook,gat,12353,92.82662963867188,92.3104248046875
f1_10967d2b32dbd98b,1,facebook,gat,12354,93.2894287109375,92.29263305664062
f1_aa0781b708fc582c,1,facebook,gat,12345,93.84122467041016,93.25382995605469
f1_aa0781b708fc582c,1,facebook,gat,12346,93.6632308959961,93.04022979736328
f1_aa0781b708fc582c,1,facebook,gat,12347,94.19722747802734,93.71662902832031
f1_aa0781b708fc582c,1,facebook,gat,12348,93.32502746582031,93.85902404785156
f1_aa0781b708fc582c,1,facebook,gat,12349,93.60982513427734,93.71662902832031
f1_aa0781b708fc582c,1,facebook,gat,12350,94.7312240600586,93.57422637939453
f1_aa0781b708fc582c,1,facebook,gat,12351,93.25382995605469,93.60982513427734
f1_aa0781b708fc582c,1,facebook,gat,12352,93.23603057861328,93.00462341308594
f1_aa0781b708fc582c,1,facebook,gat,12353,93.93022918701172,93.23603057861328
f1_aa0781b708fc582c,1,facebook,gat,12354,93.77002716064453,93.23603057861328
f1_cad510fe97069d23,1,facebook,gat,12345,93.73442840576172,93.05802917480469
f1_cad510fe97069d23,1,facebook,gat,12346,93.9480209350586,93.05802917480469
f1_cad510fe97069d23,1,facebook,gat,12347,93.93022918701172,93.53862762451172
f1_cad510fe97069d23,1,facebook,gat,12348,92.80883026123047,93.32502746582031
f1_cad510fe97069d23,1,facebook,gat,12349,92.84442901611328,93.3072280883789
f1_cad510fe97069d23,1,facebook,gat,12350,94.82022094726562,93.2894287109375
f1_cad510fe97069d23,1,facebook,gat,12351,93.16482543945312,93.48522186279297
f1_cad510fe97069d23,1,facebook,gat,12352,93.34282684326172,92.79102325439453
f1_cad510fe97069d23,1,facebook,gat,12353,93.52082824707031,93.2894287109375
f1_cad510fe97069d23,1,facebook,gat,12354,93.85902404785156,93.27162170410156
f1_82705344c28eb2fa,1,facebook,gat,12345,93.0936279296875,92.77323150634766
f1_82705344c28eb2fa,1,facebook,gat,12346,94.05482482910156,93.21822357177734
f1_82705344c28eb2fa,1,facebook,gat,12347,93.73442840576172,93.55642700195312
f1_82705344c28eb2fa,1,facebook,gat,12348,93.34282684326172,93.59202575683594
f1_82705344c28eb2fa,1,facebook,gat,12349,93.46742248535156,93.53862762451172
f1_82705344c28eb2fa,1,facebook,gat,12350,94.64221954345703,93.39622497558594
f1_82705344c28eb2fa,1,facebook,gat,12351,93.0758285522461,93.3072280883789
f1_82705344c28eb2fa,1,facebook,gat,12352,93.41402435302734,92.96903228759766
f1_82705344c28eb2fa,1,facebook,gat,12353,93.84122467041016,93.7522201538086
f1_82705344c28eb2fa,1,facebook,gat,12354,93.64542388916016,92.8978271484375
f1_4d2ae97c41e5db54,1,facebook,gat,12345,93.59202575683594,93.39622497558594
f1_4d2ae97c41e5db54,1,facebook,gat,12346,93.87682342529297,93.18263244628906
f1_4d2ae97c41e5db54,1,facebook,gat,12347,93.77002716064453,93.48522186279297
f1_4d2ae97c41e5db54,1,facebook,gat,12348,93.1114273071289,93.44963073730469
f1_4d2ae97c41e5db54,1,facebook,gat,12349,93.23603057861328,93.44963073730469
f1_4d2ae97c41e5db54,1,facebook,gat,12350,94.90921783447266,93.78782653808594
f1_4d2ae97c41e5db54,1,facebook,gat,12351,93.27162170410156,93.57422637939453
f1_4d2ae97c41e5db54,1,facebook,gat,12352,93.6632308959961,93.00462341308594
f1_4d2ae97c41e5db54,1,facebook,gat,12353,93.80562591552734,93.27162170410156
f1_4d2ae97c41e5db54,1,facebook,gat,12354,93.39622497558594,93.0758285522461
f1_98071c6c48bedf70,1,facebook,gat,12345,93.71662902832031,93.32502746582031
f1_98071c6c48bedf70,1,facebook,gat,12346,93.84122467041016,93.3072280883789
f1_98071c6c48bedf70,1,facebook,gat,12347,93.9480209350586,93.59202575683594
f1_98071c6c48bedf70,1,facebook,gat,12348,92.5240249633789,93.23603057861328
f1_98071c6c48bedf70,1,facebook,gat,12349,93.32502746582031,93.62762451171875
f1_98071c6c48bedf70,1,facebook,gat,12350,94.78462219238281,93.57422637939453
f1_98071c6c48bedf70,1,facebook,gat,12351,93.68102264404297,93.57422637939453
f1_98071c6c48bedf70,1,facebook,gat,12352,93.43182373046875,92.61302947998047
f1_98071c6c48bedf70,1,facebook,gat,12353,93.91242218017578,93.6632308959961
f1_98071c6c48bedf70,1,facebook,gat,12354,94.00142669677734,93.00462341308594
f1_fdfa6316fcb421da,1,facebook,gat,12345,93.80562591552734,93.14702606201172
f1_fdfa6316fcb421da,1,facebook,gat,12346,93.69882202148438,93.44963073730469
f1_fdfa6316fcb421da,1,facebook,gat,12347,93.68102264404297,93.43182373046875
f1_fdfa6316fcb421da,1,facebook,gat,12348,93.6632308959961,94.01922607421875
f1_fdfa6316fcb421da,1,facebook,gat,12349,93.37842559814453,93.69882202148438
f1_fdfa6316fcb421da,1,facebook,gat,12350,94.58882141113281,93.5030288696289
f1_fdfa6316fcb421da,1,facebook,gat,12351,92.8978271484375,93.2894287109375
f1_fdfa6316fcb421da,1,facebook,gat,12352,93.85902404785156,93.16482543945312
f1_fdfa6316fcb421da,1,facebook,gat,12353,93.98362731933594,93.46742248535156
f1_fdfa6316fcb421da,1,facebook,gat,12354,94.19722747802734,93.57422637939453
f1_ef93e1ba16d19edc,1,lastfm,gat,12345,83.68153381347656,81.70524597167969
f1_ef93e1ba16d19edc,1,lastfm,gat,12346,80.23715209960938,80.7453384399414
f1_ef93e1ba16d19edc,1,lastfm,gat,12347,81.25352478027344,81.98757934570312
f1_ef93e1ba16d19edc,1,lastfm,gat,12348,80.35008239746094,82.3828353881836
f1_ef93e1ba16d19edc,1,lastfm,gat,12349,82.9474868774414,81.02767181396484
f1_ef93e1ba16d19edc,1,lastfm,gat,12350,80.4630126953125,81.42292785644531
f1_ef93e1ba16d19edc,1,lastfm,gat,12351,80.80180358886719,81.70524597167969
f1_ef93e1ba16d19edc,1,lastfm,gat,12352,80.80180358886719,80.01129150390625
f1_ef93e1ba16d19edc,1,lastfm,gat,12353,79.10784149169922,77.75267791748047
f1_ef93e1ba16d19edc,1,lastfm,gat,12354,76.28458404541016,74.98587799072266
f1_d2b0dde96dac886d,1,lastfm,gat,12345,84.30265045166016,81.98757934570312
f1_d2b0dde96dac886d,1,lastfm,gat,12346,84.35911560058594,84.64144134521484
f1_d2b0dde96dac886d,1,lastfm,gat,12347,84.30265045166016,84.5849838256836
f1_d2b0dde96dac886d,1,lastfm,gat,12348,83.11688232421875,82.89102172851562
f1_d2b0dde96dac886d,1,lastfm,gat,12349,83.34274291992188,80.35008239746094
f1_d2b0dde96dac886d,1,lastfm,gat,12350,81.93110656738281,83.11688232421875
f1_d2b0dde96dac886d,1,lastfm,gat,12351,81.93110656738281,82.60869598388672
f1_d2b0dde96dac886d,1,lastfm,gat,12352,79.44664001464844,78.93844604492188
f1_d2b0dde96dac886d,1,lastfm,gat,12353,82.60869598388672,80.12422180175781
f1_d2b0dde96dac886d,1,lastfm,gat,12354,80.7453384399414,80.85826873779297
f1_ae927070fcaa8a60,1,lastfm,gat,12345,84.07678985595703,82.72162628173828
f1_ae927070fcaa8a60,1,lastfm,gat,12346,84.98023986816406,84.35911560058594
f1_ae927070fcaa8a60,1,lastfm,gat,12347,82.6651611328125,84.30265045166016
f1_ae927070fcaa8a60,1,lastfm,gat,12348,86.6741943359375,86.78712463378906
f1_ae927070fcaa8a60,1,lastfm,gat,12349,84.69790649414062,82.43930053710938
f1_ae927070fcaa8a60,1,lastfm,gat,12350,80.12422180175781,80.85826873779297
f1_ae927070fcaa8a60,1,lastfm,gat,12351,84.64144134521484,85.20610046386719
f1_ae927070fcaa8a60,1,lastfm,gat,12352,83.39920806884766,81.81818389892578
f1_ae927070fcaa8a60,1,lastfm,gat,12353,83.22981262207031,83.00395202636719
f1_ae927070fcaa8a60,1,lastfm,gat,12354,85.37549591064453,84.07678985595703
f1_7e8d41f09ff2e95e,1,lastfm,gat,12345,88.4810791015625,87.06945037841797
f1_7e8d41f09ff2e95e,1,lastfm,gat,12346,87.63410186767578,87.35177612304688
f1_7e8d41f09ff2e95e,1,lastfm,gat,12347,87.8599624633789,88.53755187988281
f1_7e8d41f09ff2e95e,1,lastfm,gat,12348,88.42461395263672,88.31168365478516
f1_7e8d41f09ff2e95e,1,lastfm,gat,12349,87.40824127197266,84.5849838256836
f1_7e8d41f09ff2e95e,1,lastfm,gat,12350,85.99661254882812,87.52117156982422
f1_7e8d41f09ff2e95e,1,lastfm,gat,12351,87.57764434814453,87.46470642089844
f1_7e8d41f09ff2e95e,1,lastfm,gat,12352,87.972900390625,87.80349731445312
f1_7e8d41f09ff2e95e,1,lastfm,gat,12353,86.73065948486328,85.94014739990234
f1_7e8d41f09ff2e95e,1,lastfm,gat,12354,88.25521850585938,87.06945037841797
f1_54360470bd88e033,1,lastfm,gat,12345,88.87633514404297,87.18238067626953
f1_54360470bd88e033,1,lastfm,gat,12346,88.93280792236328,88.65047454833984
f1_54360470bd88e033,1,lastfm,gat,12347,89.04573059082031,88.4810791015625
f1_54360470bd88e033,1,lastfm,gat,12348,88.93280792236328,89.10220336914062
f1_54360470bd88e033,1,lastfm,gat,12349,88.65047454833984,86.22247314453125
f1_54360470bd88e033,1,lastfm,gat,12350,88.31168365478516,88.76341247558594
f1_54360470bd88e033,1,lastfm,gat,12351,87.91642761230469,87.69056701660156
f1_54360470bd88e033,1,lastfm,gat,12352,88.19876098632812,88.53755187988281
f1_54360470bd88e033,1,lastfm,gat,12353,88.31168365478516,87.12591552734375
f1_54360470bd88e033,1,lastfm,gat,12354,89.38452911376953,86.90005493164062
f1_cbda21538884242b,1,lastfm,gat,12345,89.04573059082031,87.12591552734375
f1_cbda21538884242b,1,lastfm,gat,12346,88.31168365478516,88.25521850585938
f1_cbda21538884242b,1,lastfm,gat,12347,88.5940170288086,88.65047454833984
f1_cbda21538884242b,1,lastfm,gat,12348,88.81986999511719,88.87633514404297
f1_cbda21538884242b,1,lastfm,gat,12349,88.70694732666016,85.99661254882812
f1_cbda21538884242b,1,lastfm,gat,12350,87.35177612304688,88.31168365478516
f1_cbda21538884242b,1,lastfm,gat,12351,87.74703216552734,88.25521850585938
f1_cbda21538884242b,1,lastfm,gat,12352,88.02935791015625,87.63410186767578
f1_cbda21538884242b,1,lastfm,gat,12353,87.63410186767578,86.44832611083984
f1_cbda21538884242b,1,lastfm,gat,12354,89.4974594116211,87.52117156982422
f1_132acf306df339e3,1,lastfm,gat,12345,88.87633514404297,87.69056701660156
f1_132acf306df339e3,1,lastfm,gat,12346,88.4810791015625,88.36815643310547
f1_132acf306df339e3,1,lastfm,gat,12347,87.91642761230469,88.76341247558594
f1_132acf306df339e3,1,lastfm,gat,12348,88.93280792236328,88.25521850585938
f1_132acf306df339e3,1,lastfm,gat,12349,89.10220336914062,86.3918685913086
f1_132acf306df339e3,1,lastfm,gat,12350,87.69056701660156,88.36815643310547
f1_132acf306df339e3,1,lastfm,gat,12351,87.23884582519531,87.972900390625
f1_132acf306df339e3,1,lastfm,gat,12352,88.08582305908203,88.08582305908203
f1_132acf306df339e3,1,lastfm,gat,12353,88.4810791015625,87.40824127197266
f1_132acf306df339e3,1,lastfm,gat,12354,89.38452911376953,86.90005493164062
f1_4b7d4f9c87728dfe,1,lastfm,gat,12345,89.10220336914062,87.52117156982422
f1_4b7d4f9c87728dfe,1,lastfm,gat,12346,88.36815643310547,88.08582305908203
f1_4b7d4f9c87728dfe,1,lastfm,gat,12347,88.76341247558594,88.81986999511719
f1_4b7d4f9c87728dfe,1,lastfm,gat,12348,88.76341247558594,88.25521850585938
f1_4b7d4f9c87728dfe,1,lastfm,gat,12349,89.21512603759766,86.27893829345703
f1_4b7d4f9c87728dfe,1,lastfm,gat,12350,87.80349731445312,87.8599624633789
f1_4b7d4f9c87728dfe,1,lastfm,gat,12351,87.69056701660156,88.14229583740234
f1_4b7d4f9c87728dfe,1,lastfm,gat,12352,88.36815643310547,87.972900390625
f1_4b7d4f9c87728dfe,1,lastfm,gat,12353,88.14229583740234,87.2953109741211
f1_4b7d4f9c87728dfe,1,lastfm,gat,12354,89.1586685180664,86.6741943359375
f1_ffeb90833cbb1262,1,lastfm,gat,12345,88.93280792236328,87.23884582519531
f1_ffeb90833cbb1262,1,lastfm,gat,12346,88.19876098632812,88.19876098632812
f1_ffeb90833cbb1262,1,lastfm,gat,12347,88.87633514404297,88.5940170288086
f1_ffeb90833cbb1262,1,lastfm,gat,12348,88.76341247558594,87.69056701660156
f1_ffeb90833cbb1262,1,lastfm,gat,12349,88.70694732666016,86.16600799560547
f1_ffeb90833cbb1262,1,lastfm,gat,12350,87.972900390625,88.31168365478516
f1_ffeb90833cbb1262,1,lastfm,gat,12351,88.19876098632812,87.91642761230469
f1_ffeb90833cbb1262,1,lastfm,gat,12352,88.14229583740234,88.02935791015625
f1_ffeb90833cbb1262,1,lastfm,gat,12353,87.91642761230469,86.61772918701172
f1_ffeb90833cbb1262,1,lastfm,gat,12354,88.42461395263672,86.78712463378906
f1_5d1eab7ed085e15c,1,lastfm,gat,12345,88.93280792236328,87.23884582519531
f1_5d1eab7ed085e15c,1,lastfm,gat,12346,88.36815643310547,88.4810791015625
f1_5d1eab7ed085e15c,1,lastfm,gat,12347,88.5940170288086,88.76341247558594
f1_5d1eab7ed085e15c,1,lastfm,gat,12348,88.81986999511719,88.42461395263672
f1_5d1eab7ed085e15c,1,lastfm,gat,12349,88.93280792236328,86.16600799560547
f1_5d1eab7ed085e15c,1,lastfm,gat,12350,87.69056701660156,88.81986999511719
f1_5d1eab7ed085e15c,1,lastfm,gat,12351,87.91642761230469,88.08582305908203
f1_5d1eab7ed085e15c,1,lastfm,gat,12352,88.14229583740234,88.02935791015625
f1_5d1eab7ed085e15c,1,lastfm,gat,12353,88.19876098632812,87.57764434814453
f1_5d1eab7ed085e15c,1,lastfm,gat,12354,89.32806396484375,87.2953109741211
f1_07a950f0a1a5db99,1,citeseer,gat,12345,68.14904022216797,67.06730651855469
f1_07a950f0a1a5db99,1,citeseer,gat,12346,63.34135055541992,64.78365325927734
f1_07a950f0a1a5db99,1,citeseer,gat,12347,68.62981414794922,63.34135055541992
f1_07a950f0a1a5db99,1,citeseer,gat,12348,65.3846206665039,64.78365325927734
f1_07a950f0a1a5db99,1,citeseer,gat,12349,62.37980651855469,64.42308044433594
f1_07a950f0a1a5db99,1,citeseer,gat,12350,63.22115707397461,63.22115707397461
f1_07a950f0a1a5db99,1,citeseer,gat,12351,60.45673370361328,59.375
f1_07a950f0a1a5db99,1,citeseer,gat,12352,66.58654022216797,65.625
f1_07a950f0a1a5db99,1,citeseer,gat,12353,66.10577392578125,62.740386962890625
f1_07a950f0a1a5db99,1,citeseer,gat,12354,60.33654022216797,59.014427185058594
f1_02eb34a9f2a8aebe,1,citeseer,gat,12345,67.66827392578125,66.8269271850586
f1_02eb34a9f2a8aebe,1,citeseer,gat,12346,63.701927185058594,63.58173370361328
f1_02eb34a9f2a8aebe,1,citeseer,gat,12347,65.86538696289062,64.90384674072266
f1_02eb34a9f2a8aebe,1,citeseer,gat,12348,63.34135055541992,64.54327392578125
f1_02eb34a9f2a8aebe,1,citeseer,gat,12349,61.77885055541992,62.259620666503906
f1_02eb34a9f2a8aebe,1,citeseer,gat,12350,63.22115707397461,63.94230651855469
f1_02eb34a9f2a8aebe,1,citeseer,gat,12351,63.701927185058594,64.66346740722656
f1_02eb34a9f2a8aebe,1,citeseer,gat,12352,67.54808044433594,62.139427185058594
f1_02eb34a9f2a8aebe,1,citeseer,gat,12353,65.2644271850586,63.34135055541992
f1_02eb34a9f2a8aebe,1,citeseer,gat,12354,62.62019348144531,61.177886962890625
f1_f8d71eab56ed1487,1,citeseer,gat,12345,69.83173370361328,70.3125
f1_f8d71eab56ed1487,1,citeseer,gat,12346,69.47115325927734,68.26923370361328
f1_f8d71eab56ed1487,1,citeseer,gat,12347,70.19231414794922,67.30769348144531
f1_f8d71eab56ed1487,1,citeseer,gat,12348,69.71154022216797,67.42788696289062
f1_f8d71eab56ed1487,1,citeseer,gat,12349,69.11058044433594,68.75
f1_f8d71eab56ed1487,1,citeseer,gat,12350,67.30769348144531,68.02884674072266
f1_f8d71eab56ed1487,1,citeseer,gat,12351,68.14904022216797,66.34615325927734
f1_f8d71eab56ed1487,1,citeseer,gat,12352,71.03365325927734,67.90865325927734
f1_f8d71eab56ed1487,1,citeseer,gat,12353,69.83173370361328,65.98558044433594
f1_f8d71eab56ed1487,1,citeseer,gat,12354,66.9471206665039,67.1875
f1_04915744f2676dad,1,citeseer,gat,12345,70.91346740722656,71.875
f1_04915744f2676dad,1,citeseer,gat,12346,70.43269348144531,67.78846740722656
f1_04915744f2676dad,1,citeseer,gat,12347,70.79327392578125,67.06730651855469
f1_04915744f2676dad,1,citeseer,gat,12348,69.83173370361328,69.9519271850586
f1_04915744f2676dad,1,citeseer,gat,12349,68.14904022216797,67.66827392578125
f1_04915744f2676dad,1,citeseer,gat,12350,68.3894271850586,68.87019348144531
f1_04915744f2676dad,1,citeseer,gat,12351,69.83173370361328,68.26923370361328
f1_04915744f2676dad,1,citeseer,gat,12352,71.6346206665039,68.14904022216797
f1_04915744f2676dad,1,citeseer,gat,12353,71.75481414794922,68.75
f1_04915744f2676dad,1,citeseer,gat,12354,67.90865325927734,68.14904022216797
f1_9f1591cec22acae2,1,citeseer,gat,12345,71.5144271850586,69.59134674072266
f1_9f1591cec22acae2,1,citeseer,gat,12346,69.59134674072266,68.62981414794922
f1_9f1591cec22acae2,1,citeseer,gat,12347,70.19231414794922,66.70673370361328
f1_9f1591cec22acae2,1,citeseer,gat,12348,70.55288696289062,68.62981414794922
f1_9f1591cec22acae2,1,citeseer,gat,12349,67.90865325927734,67.78846740722656
f1_9f1591cec22acae2,1,citeseer,gat,12350,68.5096206665039,66.70673370361328
f1_9f1591cec22acae2,1,citeseer,gat,12351,70.0721206665039,66.8269271850586
f1_9f1591cec22acae2,1,citeseer,gat,12352,70.43269348144531,69.59134674072266
f1_9f1591cec22acae2,1,citeseer,gat,12353,70.67308044433594,68.62981414794922
f1_9f1591cec22acae2,1,citeseer,gat,12354,69.11058044433594,69.11058044433594
f1_ed3a53948f0122da,1,citeseer,gat,12345,70.79327392578125,72.11538696289062
f1_ed3a53948f0122da,1,citeseer,gat,12346,70.67308044433594,68.5096206665039
f1_ed3a53948f0122da,1,citeseer,gat,12347,70.3125,67.54808044433594
f1_ed3a53948f0122da,1,citeseer,gat,12348,70.55288696289062,69.71154022216797
f1_ed3a53948f0122da,1,citeseer,gat,12349,68.26923370361328,68.14904022216797
f1_ed3a53948f0122da,1,citeseer,gat,12350,68.26923370361328,68.62981414794922
f1_ed3a53948f0122da,1,citeseer,gat,12351,69.23077392578125,66.58654022216797
f1_ed3a53948f0122da,1,citeseer,gat,12352,71.6346206665039,67.78846740722656
f1_ed3a53948f0122da,1,citeseer,gat,12353,71.5144271850586,67.54808044433594
f1_ed3a53948f0122da,1,citeseer,gat,12354,68.99038696289062,69.83173370361328
f1_d07b1cf10672338b,1,citeseer,gat,12345,70.67308044433594,70.55288696289062
f1_d07b1cf10672338b,1,citeseer,gat,12346,70.0721206665039,68.87019348144531
f1_d07b1cf10672338b,1,citeseer,gat,12347,70.0721206665039,65.2644271850586
f1_d07b1cf10672338b,1,citeseer,gat,12348,70.19231414794922,68.02884674072266
f1_d07b1cf10672338b,1,citeseer,gat,12349,67.90865325927734,66.70673370361328
f1_d07b1cf10672338b,1,citeseer,gat,12350,68.02884674072266,67.1875
f1_d07b1cf10672338b,1,citeseer,gat,12351,69.35096740722656,67.42788696289062
f1_d07b1cf10672338b,1,citeseer,gat,12352,71.5144271850586,67.54808044433594
f1_d07b1cf10672338b,1,citeseer,gat,12353,70.91346740722656,68.14904022216797
f1_d07b1cf10672338b,1,citeseer,gat,12354,66.9471206665039,68.5096206665039
f1_97196dc2e47ba74d,1,citeseer,gat,12345,70.79327392578125,69.83173370361328
f1_97196dc2e47ba74d,1,citeseer,gat,12346,70.43269348144531,69.47115325927734
f1_97196dc2e47ba74d,1,citeseer,gat,12347,70.19231414794922,67.54808044433594
f1_97196dc2e47ba74d,1,citeseer,gat,12348,69.9519271850586,69.23077392578125
f1_97196dc2e47ba74d,1,citeseer,gat,12349,68.14904022216797,66.46634674072266
f1_97196dc2e47ba74d,1,citeseer,gat,12350,67.42788696289062,66.8269271850586
f1_97196dc2e47ba74d,1,citeseer,gat,12351,70.3125,67.90865325927734
f1_97196dc2e47ba74d,1,citeseer,gat,12352,72.11538696289062,68.5096206665039
f1_97196dc2e47ba74d,1,citeseer,gat,12353,71.15384674072266,67.42788696289062
f1_97196dc2e47ba74d,1,citeseer,gat,12354,67.90865325927734,68.62981414794922
f1_57ff7017f7352611,1,citeseer,gat,12345,70.91346740722656,70.0721206665039
f1_57ff7017f7352611,1,citeseer,gat,12346,69.11058044433594,68.62981414794922
f1_57ff7017f7352611,1,citeseer,gat,12347,70.0721206665039,65.50480651855469
f1_57ff7017f7352611,1,citeseer,gat,12348,70.19231414794922,68.02884674072266
f1_57ff7017f7352611,1,citeseer,gat,12349,68.02884674072266,67.30769348144531
f1_57ff7017f7352611,1,citeseer,gat,12350,67.1875,68.75
f1_57ff7017f7352611,1,citeseer,gat,12351,69.59134674072266,67.06730651855469
f1_57ff7017f7352611,1,citeseer,gat,12352,71.875,67.66827392578125
f1_57ff7017f7352611,1,citeseer,gat,12353,70.55288696289062,69.47115325927734
f1_57ff7017f7352611,1,citeseer,gat,12354,68.02884674072266,67.30769348144531
f1_6041378baa31c69f,1,citeseer,gat,12345,70.79327392578125,70.79327392578125
f1_6041378baa31c69f,1,citeseer,gat,12346,69.47115325927734,68.02884674072266
f1_6041378baa31c69f,1,citeseer,gat,12347,70.43269348144531,66.46634674072266
f1_6041378baa31c69f,1,citeseer,gat,12348,71.15384674072266,68.62981414794922
f1_6041378baa31c69f,1,citeseer,gat,12349,68.26923370361328,67.90865325927734
f1_6041378baa31c69f,1,citeseer,gat,12350,68.14904022216797,68.62981414794922
f1_6041378baa31c69f,1,citeseer,gat,12351,69.71154022216797,68.26923370361328
f1_6041378baa31c69f,1,citeseer,gat,12352,70.67308044433594,69.35096740722656
f1_6041378baa31c69f,1,citeseer,gat,12353,70.79327392578125,67.78846740722656
f1_6041378baa31c69f,1,citeseer,gat,12354,68.26923370361328,69.23077392578125
f1_735f872dafb822d5,1,cora,gat,12345,79.61595153808594,79.911376953125
f1_735f872dafb822d5,1,cora,gat,12346,78.28656005859375,78.72969055175781
f1_735f872dafb822d5,1,cora,gat,12347,78.13884735107422,78.72969055175781
f1_735f872dafb822d5,1,cora,gat,12348,80.05908203125,77.84342956542969
f1_735f872dafb822d5,1,cora,gat,12349,80.05908203125,76.80945587158203
f1_735f872dafb822d5,1,cora,gat,12350,79.02510833740234,80.79763793945312
f1_735f872dafb822d5,1,cora,gat,12351,77.84342956542969,78.43426513671875
f1_735f872dafb822d5,1,cora,gat,12352,78.72969055175781,75.48005676269531
f1_735f872dafb822d5,1,cora,gat,12353,77.10487365722656,76.36632537841797
f1_735f872dafb822d5,1,cora,gat,12354,77.54800415039062,78.28656005859375
f1_cbcd03f8623ca557,1,cora,gat,12345,79.61595153808594,81.68389892578125
f1_cbcd03f8623ca557,1,cora,gat,12346,80.05908203125,79.61595153808594
f1_cbcd03f8623ca557,1,cora,gat,12347,81.09305572509766,80.20679473876953
f1_cbcd03f8623ca557,1,cora,gat,12348,81.24076843261719,79.17282104492188
f1_cbcd03f8623ca557,1,cora,gat,12349,79.17282104492188,76.0708999633789
f1_cbcd03f8623ca557,1,cora,gat,12350,77.2525863647461,76.0708999633789
f1_cbcd03f8623ca557,1,cora,gat,12351,77.10487365722656,80.05908203125
f1_cbcd03f8623ca557,1,cora,gat,12352,80.79763793945312,76.0708999633789
f1_cbcd03f8623ca557,1,cora,gat,12353,74.88921356201172,74.88921356201172
f1_cbcd03f8623ca557,1,cora,gat,12354,80.20679473876953,80.35450744628906
f1_b52589b9aee6cdf2,1,cora,gat,12345,81.97931671142578,84.0472640991211
f1_b52589b9aee6cdf2,1,cora,gat,12346,87.14918518066406,83.3087158203125
f1_b52589b9aee6cdf2,1,cora,gat,12347,86.7060546875,86.26292419433594
f1_b52589b9aee6cdf2,1,cora,gat,12348,85.81979370117188,84.93353271484375
f1_b52589b9aee6cdf2,1,cora,gat,12349,85.67208099365234,83.60413360595703
f1_b52589b9aee6cdf2,1,cora,gat,12350,84.34268951416016,82.42245483398438
f1_b52589b9aee6cdf2,1,cora,gat,12351,84.78582000732422,84.34268951416016
f1_b52589b9aee6cdf2,1,cora,gat,12352,85.96749877929688,86.26292419433594
f1_b52589b9aee6cdf2,1,cora,gat,12353,84.49039459228516,84.93353271484375
f1_b52589b9aee6cdf2,1,cora,gat,12354,84.19497680664062,85.81979370117188
f1_6e690df3805c7ed3,1,cora,gat,12345,83.75184631347656,84.19497680664062
f1_6e690df3805c7ed3,1,cora,gat,12346,86.85376739501953,85.08123779296875
f1_6e690df3805c7ed3,1,cora,gat,12347,86.26292419433594,86.85376739501953
f1_6e690df3805c7ed3,1,cora,gat,12348,86.26292419433594,84.63810729980469
f1_6e690df3805c7ed3,1,cora,gat,12349,86.26292419433594,85.81979370117188
f1_6e690df3805c7ed3,1,cora,gat,12350,84.78582000732422,83.4564208984375
f1_6e690df3805c7ed3,1,cora,gat,12351,85.22895050048828,84.93353271484375
f1_6e690df3805c7ed3,1,cora,gat,12352,85.37666320800781,87.2968978881836
f1_6e690df3805c7ed3,1,cora,gat,12353,85.08123779296875,83.3087158203125
f1_6e690df3805c7ed3,1,cora,gat,12354,85.08123779296875,85.67208099365234
f1_6146836159094c89,1,cora,gat,12345,84.34268951416016,84.63810729980469
f1_6146836159094c89,1,cora,gat,12346,87.44461059570312,85.67208099365234
f1_6146836159094c89,1,cora,gat,12347,85.37666320800781,87.14918518066406
f1_6146836159094c89,1,cora,gat,12348,85.96749877929688,84.49039459228516
f1_6146836159094c89,1,cora,gat,12349,85.37666320800781,83.75184631347656
f1_6146836159094c89,1,cora,gat,12350,83.75184631347656,83.3087158203125
f1_6146836159094c89,1,cora,gat,12351,85.37666320800781,83.3087158203125
f1_6146836159094c89,1,cora,gat,12352,85.37666320800781,86.85376739501953
f1_6146836159094c89,1,cora,gat,12353,84.93353271484375,84.78582000732422
f1_6146836159094c89,1,cora,gat,12354,85.08123779296875,85.81979370117188
f1_9a30387a7d119d66,1,cora,gat,12345,83.4564208984375,85.08123779296875
f1_9a30387a7d119d66,1,cora,gat,12346,86.26292419433594,84.63810729980469
f1_9a30387a7d119d66,1,cora,gat,12347,86.26292419433594,86.26292419433594
f1_9a30387a7d119d66,1,cora,gat,12348,86.55834197998047,85.81979370117188
f1_9a30387a7d119d66,1,cora,gat,12349,85.22895050048828,83.60413360595703
f1_9a30387a7d119d66,1,cora,gat,12350,84.63810729980469,84.0472640991211
f1_9a30387a7d119d66,1,cora,gat,12351,84.93353271484375,85.37666320800781
f1_9a30387a7d119d66,1,cora,gat,12352,85.96749877929688,87.74002838134766
f1_9a30387a7d119d66,1,cora,gat,12353,84.63810729980469,85.52436828613281
f1_9a30387a7d119d66,1,cora,gat,12354,85.81979370117188,86.55834197998047
f1_0463aa7184a5ac52,1,cora,gat,12345,83.3087158203125,84.93353271484375
f1_0463aa7184a5ac52,1,cora,gat,12346,86.7060546875,85.96749877929688
f1_0463aa7184a5ac52,1,cora,gat,12347,85.67208099365234,85.81979370117188
f1_0463aa7184a5ac52,1,cora,gat,12348,87.14918518066406,85.37666320800781
f1_0463aa7184a5ac52,1,cora,gat,12349,86.26292419433594,84.0472640991211
f1_0463aa7184a5ac52,1,cora,gat,12350,84.34268951416016,84.19497680664062
f1_0463aa7184a5ac52,1,cora,gat,12351,85.37666320800781,85.08123779296875
f1_0463aa7184a5ac52,1,cora,gat,12352,86.26292419433594,86.55834197998047
f1_0463aa7184a5ac52,1,cora,gat,12353,85.67208099365234,85.52436828613281
f1_0463aa7184a5ac52,1,cora,gat,12354,84.93353271484375,86.26292419433594
f1_2a294bf376ef3463,1,cora,gat,12345,83.60413360595703,85.67208099365234
f1_2a294bf376ef3463,1,cora,gat,12346,87.74002838134766,85.96749877929688
f1_2a294bf376ef3463,1,cora,gat,12347,85.67208099365234,85.81979370117188
f1_2a294bf376ef3463,1,cora,gat,12348,87.2968978881836,85.08123779296875
f1_2a294bf376ef3463,1,cora,gat,12349,86.26292419433594,85.22895050048828
f1_2a294bf376ef3463,1,cora,gat,12350,84.19497680664062,84.34268951416016
f1_2a294bf376ef3463,1,cora,gat,12351,85.08123779296875,85.08123779296875
f1_2a294bf376ef3463,1,cora,gat,12352,86.41063690185547,86.85376739501953
f1_2a294bf376ef3463,1,cora,gat,12353,85.22895050048828,85.08123779296875
f1_2a294bf376ef3463,1,cora,gat,12354,84.34268951416016,87.14918518066406
f1_ef26e076515ba8db,1,cora,gat,12345,83.4564208984375,84.93353271484375
f1_ef26e076515ba8db,1,cora,gat,12346,86.85376739501953,84.63810729980469
f1_ef26e076515ba8db,1,cora,gat,12347,86.26292419433594,85.08123779296875
f1_ef26e076515ba8db,1,cora,gat,12348,86.85376739501953,86.26292419433594
f1_ef26e076515ba8db,1,cora,gat,12349,85.96749877929688,84.19497680664062
f1_ef26e076515ba8db,1,cora,gat,12350,85.08123779296875,82.86558532714844
f1_ef26e076515ba8db,1,cora,gat,12351,85.81979370117188,86.1152114868164
f1_ef26e076515ba8db,1,cora,gat,12352,85.52436828613281,87.44461059570312
f1_ef26e076515ba8db,1,cora,gat,12353,85.22895050048828,85.37666320800781
f1_ef26e076515ba8db,1,cora,gat,12354,85.37666320800781,86.1152114868164
f1_8f47d179b5c9688a,1,cora,gat,12345,84.63810729980469,84.93353271484375
f1_8f47d179b5c9688a,1,cora,gat,12346,87.14918518066406,84.78582000732422
f1_8f47d179b5c9688a,1,cora,gat,12347,86.41063690185547,86.85376739501953
f1_8f47d179b5c9688a,1,cora,gat,12348,87.2968978881836,85.81979370117188
f1_8f47d179b5c9688a,1,cora,gat,12349,85.96749877929688,83.8995590209961
f1_8f47d179b5c9688a,1,cora,gat,12350,85.67208099365234,82.57015991210938
f1_8f47d179b5c9688a,1,cora,gat,12351,86.1152114868164,86.1152114868164
f1_8f47d179b5c9688a,1,cora,gat,12352,85.96749877929688,87.44461059570312
f1_8f47d179b5c9688a,1,cora,gat,12353,85.37666320800781,85.08123779296875
f1_8f47d179b5c9688a,1,cora,gat,12354,83.4564208984375,86.1152114868164
f1_7a14ab349d9218a2,1,facebook,gat,12345,87.2552490234375,85.54645538330078
f1_7a14ab349d9218a2,1,facebook,gat,12346,85.43965911865234,84.5318603515625
f1_7a14ab349d9218a2,1,facebook,gat,12347,84.97686004638672,85.04806518554688
f1_7a14ab349d9218a2,1,facebook,gat,12348,87.29085540771484,87.20185089111328
f1_7a14ab349d9218a2,1,facebook,gat,12349,85.38626098632812,86.54325866699219
f1_7a14ab349d9218a2,1,facebook,gat,12350,86.82805633544922,85.38626098632812
f1_7a14ab349d9218a2,1,facebook,gat,12351,85.04806518554688,84.99465942382812
f1_7a14ab349d9218a2,1,facebook,gat,12352,86.31185150146484,86.1694564819336
f1_7a14ab349d9218a2,1,facebook,gat,12353,84.83446502685547,84.44286346435547
f1_7a14ab349d9218a2,1,facebook,gat,12354,87.4510498046875,85.90245819091797
f1_e4dade1c15bf5c7e,1,facebook,gat,12345,90.04983520507812,89.1064453125
f1_e4dade1c15bf5c7e,1,facebook,gat,12346,91.52723693847656,91.34923553466797
f1_e4dade1c15bf5c7e,1,facebook,gat,12347,90.13883972167969,89.80064392089844
f1_e4dade1c15bf5c7e,1,facebook,gat,12348,89.37344360351562,89.76504516601562
f1_e4dade1c15bf5c7e,1,facebook,gat,12349,90.47703552246094,91.8120346069336
f1_e4dade1c15bf5c7e,1,facebook,gat,12350,86.68565368652344,84.83446502685547
f1_e4dade1c15bf5c7e,1,facebook,gat,12351,89.92523956298828,89.53364562988281
f1_e4dade1c15bf5c7e,1,facebook,gat,12352,88.78604888916016,88.82164001464844
f1_e4dade1c15bf5c7e,1,facebook,gat,12353,90.45923614501953,89.80064392089844
f1_e4dade1c15bf5c7e,1,facebook,gat,12354,90.26343536376953,89.24884033203125
f1_eef12bfee550e966,1,facebook,gat,12345,93.91242218017578,93.62762451171875
f1_eef12bfee550e966,1,facebook,gat,12346,94.357421875,93.73442840576172
f1_eef12bfee550e966,1,facebook,gat,12347,93.84122467041016,93.87682342529297
f1_eef12bfee550e966,1,facebook,gat,12348,93.62762451171875,93.93022918701172
f1_eef12bfee550e966,1,facebook,gat,12349,93.1114273071289,93.82342529296875
f1_eef12bfee550e966,1,facebook,gat,12350,93.43182373046875,92.64862823486328
f1_eef12bfee550e966,1,facebook,gat,12351,92.98683166503906,93.02243041992188
f1_eef12bfee550e966,1,facebook,gat,12352,93.0936279296875,92.96903228759766
f1_eef12bfee550e966,1,facebook,gat,12353,93.84122467041016,93.7522201538086
f1_eef12bfee550e966,1,facebook,gat,12354,93.77002716064453,92.4350357055664
f1_8bb046c376ae7d73,1,facebook,gat,12345,94.26842498779297,93.98362731933594
f1_8bb046c376ae7d73,1,facebook,gat,12346,94.42861938476562,93.78782653808594
f1_8bb046c376ae7d73,1,facebook,gat,12347,94.28622436523438,93.53862762451172
f1_8bb046c376ae7d73,1,facebook,gat,12348,93.9480209350586,94.05482482910156
f1_8bb046c376ae7d73,1,facebook,gat,12349,93.62762451171875,93.9658203125
f1_8bb046c376ae7d73,1,facebook,gat,12350,95.01602172851562,93.93022918701172
f1_8bb046c376ae7d73,1,facebook,gat,12351,93.71662902832031,93.87682342529297
f1_8bb046c376ae7d73,1,facebook,gat,12352,93.84122467041016,93.62762451171875
f1_8bb046c376ae7d73,1,facebook,gat,12353,93.87682342529297,93.41402435302734
f1_8bb046c376ae7d73,1,facebook,gat,12354,94.42861938476562,93.98362731933594
f1_2b763dc9effaea1a,1,facebook,gat,12345,94.12602233886719,93.73442840576172
f1_2b763dc9effaea1a,1,facebook,gat,12346,94.28622436523438,93.89462280273438
f1_2b763dc9effaea1a,1,facebook,gat,12347,94.09042358398438,93.7522201538086
f1_2b763dc9effaea1a,1,facebook,gat,12348,93.69882202148438,94.71341705322266
f1_2b763dc9effaea1a,1,facebook,gat,12349,93.71662902832031,94.21502685546875
f1_2b763dc9effaea1a,1,facebook,gat,12350,95.05162048339844,93.98362731933594
f1_2b763dc9effaea1a,1,facebook,gat,12351,93.68102264404297,93.73442840576172
f1_2b763dc9effaea1a,1,facebook,gat,12352,93.91242218017578,93.3072280883789
f1_2b763dc9effaea1a,1,facebook,gat,12353,94.10822296142578,93.80562591552734
f1_2b763dc9effaea1a,1,facebook,gat,12354,94.19722747802734,94.09042358398438
f1_04613430e6d5d4bc,1,facebook,gat,12345,94.23281860351562,94.00142669677734
f1_04613430e6d5d4bc,1,facebook,gat,12346,94.51762390136719,93.62762451171875
f1_04613430e6d5d4bc,1,facebook,gat,12347,94.16162109375,93.91242218017578
f1_04613430e6d5d4bc,1,facebook,gat,12348,93.73442840576172,94.46422576904297
f1_04613430e6d5d4bc,1,facebook,gat,12349,93.59202575683594,94.05482482910156
f1_04613430e6d5d4bc,1,facebook,gat,12350,94.90921783447266,94.05482482910156
f1_04613430e6d5d4bc,1,facebook,gat,12351,93.87682342529297,93.60982513427734
f1_04613430e6d5d4bc,1,facebook,gat,12352,93.80562591552734,93.48522186279297
f1_04613430e6d5d4bc,1,facebook,gat,12353,94.12602233886719,93.60982513427734
f1_04613430e6d5d4bc,1,facebook,gat,12354,94.3752212524414,94.16162109375
f1_3ddf450a55341f25,1,facebook,gat,12345,94.00142669677734,93.64542388916016
f1_3ddf450a55341f25,1,facebook,gat,12346,94.51762390136719,93.6632308959961
f1_3ddf450a55341f25,1,facebook,gat,12347,93.9658203125,93.71662902832031
f1_3ddf450a55341f25,1,facebook,gat,12348,93.71662902832031,94.66001892089844
f1_3ddf450a55341f25,1,facebook,gat,12349,93.60982513427734,94.16162109375
f1_3ddf450a55341f25,1,facebook,gat,12350,94.7668228149414,93.55642700195312
f1_3ddf450a55341f25,1,facebook,gat,12351,93.78782653808594,93.82342529296875
f1_3ddf450a55341f25,1,facebook,gat,12352,93.55642700195312,93.41402435302734
f1_3ddf450a55341f25,1,facebook,gat,12353,94.00142669677734,93.87682342529297
f1_3ddf450a55341f25,1,facebook,gat,12354,94.14382934570312,93.71662902832031
f1_e9e2163ea6b92d1f,1,facebook,gat,12345,94.16162109375,93.78782653808594
f1_e9e2163ea6b92d1f,1,facebook,gat,12346,94.58882141113281,93.93022918701172
f1_e9e2163ea6b92d1f,1,facebook,gat,12347,94.357421875,93.71662902832031
f1_e9e2163ea6b92d1f,1,facebook,gat,12348,93.87682342529297,94.62442016601562
f1_e9e2163ea6b92d1f,1,facebook,gat,12349,93.59202575683594,93.9480209350586
f1_e9e2163ea6b92d1f,1,facebook,gat,12350,94.94482421875,94.12602233886719
f1_e9e2163ea6b92d1f,1,facebook,gat,12351,93.60982513427734,93.68102264404297
f1_e9e2163ea6b92d1f,1,facebook,gat,12352,93.71662902832031,93.55642700195312
f1_e9e2163ea6b92d1f,1,facebook,gat,12353,94.42861938476562,94.00142669677734
f1_e9e2163ea6b92d1f,1,facebook,gat,12354,94.26842498779297,93.91242218017578
f1_f4367342c512b54e,1,facebook,gat,12345,94.357421875,93.59202575683594
f1_f4367342c512b54e,1,facebook,gat,12346,94.42861938476562,93.69882202148438
f1_f4367342c512b54e,1,facebook,gat,12347,94.26842498779297,94.07262420654297
f1_f4367342c512b54e,1,facebook,gat,12348,94.09042358398438,94.71341705322266
f1_f4367342c512b54e,1,facebook,gat,12349,93.71662902832031,94.16162109375
f1_f4367342c512b54e,1,facebook,gat,12350,94.87361907958984,93.77002716064453
f1_f4367342c512b54e,1,facebook,gat,12351,93.73442840576172,94.00142669677734
f1_f4367342c512b54e,1,facebook,gat,12352,93.87682342529297,93.25382995605469
f1_f4367342c512b54e,1,facebook,gat,12353,94.21502685546875,93.59202575683594
f1_f4367342c512b54e,1,facebook,gat,12354,94.3396224975586,93.87682342529297
f1_aea1661bbd425f14,1,facebook,gat,12345,94.48202514648438,93.53862762451172
f1_aea1661bbd425f14,1,facebook,gat,12346,94.14382934570312,93.7522201538086
f1_aea1661bbd425f14,1,facebook,gat,12347,94.03702545166016,93.89462280273438
f1_aea1661bbd425f14,1,facebook,gat,12348,94.21502685546875,94.357421875
f1_aea1661bbd425f14,1,facebook,gat,12349,93.78782653808594,94.05482482910156
f1_aea1661bbd425f14,1,facebook,gat,12350,95.1584243774414,93.80562591552734
f1_aea1661bbd425f14,1,facebook,gat,12351,93.59202575683594,93.85902404785156
f1_aea1661bbd425f14,1,facebook,gat,12352,93.78782653808594,93.34282684326172
f1_aea1661bbd425f14,1,facebook,gat,12353,94.21502685546875,93.64542388916016
f1_aea1661bbd425f14,1,facebook,gat,12354,94.357421875,93.89462280273438
f1_b34b856b1e87e818,1,lastfm,gat,12345,84.52851104736328,82.0440444946289
f1_b34b856b1e87e818,1,lastfm,gat,12346,81.30998992919922,82.55223083496094
f1_b34b856b1e87e818,1,lastfm,gat,12347,82.2698974609375,83.11688232421875
f1_b34b856b1e87e818,1,lastfm,gat,12348,84.5849838256836,85.48841857910156
f1_b34b856b1e87e818,1,lastfm,gat,12349,84.69790649414062,82.49575805664062
f1_b34b856b1e87e818,1,lastfm,gat,12350,81.25352478027344,83.06041717529297
f1_b34b856b1e87e818,1,lastfm,gat,12351,84.07678985595703,82.3828353881836
f1_b34b856b1e87e818,1,lastfm,gat,12352,77.9785385131836,78.5431900024414
f1_b34b856b1e87e818,1,lastfm,gat,12353,82.15697479248047,81.02767181396484
f1_b34b856b1e87e818,1,lastfm,gat,12354,80.63241577148438,79.05138397216797
f1_b999724b7e520ad7,1,lastfm,gat,12345,84.64144134521484,83.34274291992188
f1_b999724b7e520ad7,1,lastfm,gat,12346,79.5595703125,80.68887329101562
f1_b999724b7e520ad7,1,lastfm,gat,12347,82.77809143066406,84.41558837890625
f1_b999724b7e520ad7,1,lastfm,gat,12348,81.64878845214844,83.11688232421875
f1_b999724b7e520ad7,1,lastfm,gat,12349,83.68153381347656,80.12422180175781
f1_b999724b7e520ad7,1,lastfm,gat,12350,81.93110656738281,84.13325500488281
f1_b999724b7e520ad7,1,lastfm,gat,12351,84.30265045166016,83.62506866455078
f1_b999724b7e520ad7,1,lastfm,gat,12352,83.62506866455078,83.96385955810547
f1_b999724b7e520ad7,1,lastfm,gat,12353,82.55223083496094,81.47938537597656
f1_b999724b7e520ad7,1,lastfm,gat,12354,82.3828353881836,80.63241577148438
f1_e036f7735647f010,1,lastfm,gat,12345,88.81986999511719,86.78712463378906
f1_e036f7735647f010,1,lastfm,gat,12346,87.80349731445312,88.4810791015625
f1_e036f7735647f010,1,lastfm,gat,12347,87.57764434814453,88.87633514404297
f1_e036f7735647f010,1,lastfm,gat,12348,88.4810791015625,87.8599624633789
f1_e036f7735647f010,1,lastfm,gat,12349,88.98927307128906,86.22247314453125
f1_e036f7735647f010,1,lastfm,gat,12350,87.57764434814453,88.25521850585938
f1_e036f7735647f010,1,lastfm,gat,12351,87.06945037841797,87.57764434814453
f1_e036f7735647f010,1,lastfm,gat,12352,87.63410186767578,86.84358978271484
f1_e036f7735647f010,1,lastfm,gat,12353,86.16600799560547,85.48841857910156
f1_e036f7735647f010,1,lastfm,gat,12354,88.76341247558594,87.01298522949219
f1_407361963f299e35,1,lastfm,gat,12345,89.61038208007812,87.8599624633789
f1_407361963f299e35,1,lastfm,gat,12346,89.1586685180664,89.21512603759766
f1_407361963f299e35,1,lastfm,gat,12347,88.87633514404297,88.98927307128906
f1_407361963f299e35,1,lastfm,gat,12348,89.27159881591797,89.21512603759766
f1_407361963f299e35,1,lastfm,gat,12349,89.32806396484375,87.35177612304688
f1_407361963f299e35,1,lastfm,gat,12350,88.25521850585938,89.38452911376953
f1_407361963f299e35,1,lastfm,gat,12351,87.91642761230469,88.42461395263672
f1_407361963f299e35,1,lastfm,gat,12352,88.31168365478516,88.25521850585938
f1_407361963f299e35,1,lastfm,gat,12353,88.65047454833984,87.80349731445312
f1_407361963f299e35,1,lastfm,gat,12354,89.77978515625,87.74703216552734
f1_eb52d2701fabd5a1,1,lastfm,gat,12345,89.55392456054688,88.31168365478516
f1_eb52d2701fabd5a1,1,lastfm,gat,12346,89.32806396484375,88.98927307128906
f1_eb52d2701fabd5a1,1,lastfm,gat,12347,89.21512603759766,89.27159881591797
f1_eb52d2701fabd5a1,1,lastfm,gat,12348,88.98927307128906,89.89271545410156
f1_eb52d2701fabd5a1,1,lastfm,gat,12349,89.55392456054688,86.9565200805664
f1_eb52d2701fabd5a1,1,lastfm,gat,12350,88.14229583740234,89.32806396484375
f1_eb52d2701fabd5a1,1,lastfm,gat,12351,88.19876098632812,88.70694732666016
f1_eb52d2701fabd5a1,1,lastfm,gat,12352,87.74703216552734,87.80349731445312
f1_eb52d2701fabd5a1,1,lastfm,gat,12353,88.65047454833984,87.35177612304688
f1_eb52d2701fabd5a1,1,lastfm,gat,12354,90.00564575195312,88.08582305908203
f1_4712df194e6a2913,1,lastfm,gat,12345,89.66685485839844,88.25521850585938
f1_4712df194e6a2913,1,lastfm,gat,12346,89.10220336914062,89.27159881591797
f1_4712df194e6a2913,1,lastfm,gat,12347,88.87633514404297,88.87633514404297
f1_4712df194e6a2913,1,lastfm,gat,12348,89.21512603759766,89.61038208007812
f1_4712df194e6a2913,1,lastfm,gat,12349,89.77978515625,87.06945037841797
f1_4712df194e6a2913,1,lastfm,gat,12350,88.25521850585938,89.38452911376953
f1_4712df194e6a2913,1,lastfm,gat,12351,88.25521850585938,88.70694732666016
f1_4712df194e6a2913,1,lastfm,gat,12352,88.31168365478516,88.19876098632812
f1_4712df194e6a2913,1,lastfm,gat,12353,88.70694732666016,87.52117156982422
f1_4712df194e6a2913,1,lastfm,gat,12354,90.11857604980469,87.91642761230469
f1_b648350eafa1af79,1,lastfm,gat,12345,89.55392456054688,88.19876098632812
f1_b648350eafa1af79,1,lastfm,gat,12346,89.27159881591797,89.1586685180664
f1_b648350eafa1af79,1,lastfm,gat,12347,89.38452911376953,89.04573059082031
f1_b648350eafa1af79,1,lastfm,gat,12348,89.27159881591797,89.32806396484375
f1_b648350eafa1af79,1,lastfm,gat,12349,89.55392456054688,87.40824127197266
f1_b648350eafa1af79,1,lastfm,gat,12350,88.31168365478516,89.32806396484375
f1_b648350eafa1af79,1,lastfm,gat,12351,88.08582305908203,88.87633514404297
f1_b648350eafa1af79,1,lastfm,gat,12352,88.14229583740234,88.36815643310547
f1_b648350eafa1af79,1,lastfm,gat,12353,88.53755187988281,87.35177612304688
f1_b648350eafa1af79,1,lastfm,gat,12354,89.77978515625,87.69056701660156
f1_f61387eb360e7e92,1,lastfm,gat,12345,89.77978515625,87.69056701660156
f1_f61387eb360e7e92,1,lastfm,gat,12346,89.27159881591797,88.87633514404297
f1_f61387eb360e7e92,1,lastfm,gat,12347,89.44098663330078,89.04573059082031
f1_f61387eb360e7e92,1,lastfm,gat,12348,89.32806396484375,89.44098663330078
f1_f61387eb360e7e92,1,lastfm,gat,12349,89.55392456054688,87.2953109741211
f1_f61387eb360e7e92,1,lastfm,gat,12350,88.31168365478516,89.66685485839844
f1_f61387eb360e7e92,1,lastfm,gat,12351,87.972900390625,88.81986999511719
f1_f61387eb360e7e92,1,lastfm,gat,12352,87.80349731445312,88.31168365478516
f1_f61387eb360e7e92,1,lastfm,gat,12353,88.81986999511719,87.63410186767578
f1_f61387eb360e7e92,1,lastfm,gat,12354,89.61038208007812,87.8599624633789
f1_d78ac35462fdb35c,1,lastfm,gat,12345,89.55392456054688,87.80349731445312
f1_d78ac35462fdb35c,1,lastfm,gat,12346,88.81986999511719,88.98927307128906
f1_d78ac35462fdb35c,1,lastfm,gat,12347,89.38452911376953,88.87633514404297
f1_d78ac35462fdb35c,1,lastfm,gat,12348,89.1586685180664,88.81986999511719
f1_d78ac35462fdb35c,1,lastfm,gat,12349,89.61038208007812,87.2953109741211
f1_d78ac35462fdb35c,1,lastfm,gat,12350,87.972900390625,88.98927307128906
f1_d78ac35462fdb35c,1,lastfm,gat,12351,87.8599624633789,88.76341247558594
f1_d78ac35462fdb35c,1,lastfm,gat,12352,88.08582305908203,88.36815643310547
f1_d78ac35462fdb35c,1,lastfm,gat,12353,88.08582305908203,87.35177612304688
f1_d78ac35462fdb35c,1,lastfm,gat,12354,89.72332000732422,87.8599624633789
f1_bf1baebfa877e119,1,lastfm,gat,12345,89.77978515625,88.08582305908203
f1_bf1baebfa877e119,1,lastfm,gat,12346,88.81986999511719,88.81986999511719
f1_bf1baebfa877e119,1,lastfm,gat,12347,89.04573059082031,89.21512603759766
f1_bf1baebfa877e119,1,lastfm,gat,12348,89.21512603759766,89.04573059082031
f1_bf1baebfa877e119,1,lastfm,gat,12349,89.44098663330078,87.35177612304688
f1_bf1baebfa877e119,1,lastfm,gat,12350,88.36815643310547,89.1586685180664
f1_bf1baebfa877e119,1,lastfm,gat,12351,88.02935791015625,88.5940170288086
f1_bf1baebfa877e119,1,lastfm,gat,12352,87.91642761230469,88.4810791015625
f1_bf1baebfa877e119,1,lastfm,gat,12353,88.53755187988281,87.91642761230469
f1_bf1baebfa877e119,1,lastfm,gat,12354,89.83625030517578,87.35177612304688
f1_3c6228a898c3b8cb,1,citeseer,gat,12345,67.90865325927734,67.30769348144531
f1_3c6228a898c3b8cb,1,citeseer,gat,12346,63.34135055541992,65.2644271850586
f1_3c6228a898c3b8cb,1,citeseer,gat,12347,68.14904022216797,64.78365325927734
f1_3c6228a898c3b8cb,1,citeseer,gat,12348,64.30288696289062,63.1009635925293
f1_3c6228a898c3b8cb,1,citeseer,gat,12349,62.980770111083984,64.42308044433594
f1_3c6228a898c3b8cb,1,citeseer,gat,12350,64.90384674072266,64.78365325927734
f1_3c6228a898c3b8cb,1,citeseer,gat,12351,61.89904022216797,64.18269348144531
f1_3c6228a898c3b8cb,1,citeseer,gat,12352,68.26923370361328,65.98558044433594
f1_3c6228a898c3b8cb,1,citeseer,gat,12353,65.02404022216797,65.50480651855469
f1_3c6228a898c3b8cb,1,citeseer,gat,12354,63.94230651855469,65.14423370361328
f1_1ff2dc3d6466ce17,1,citeseer,gat,12345,66.8269271850586,67.66827392578125
f1_1ff2dc3d6466ce17,1,citeseer,gat,12346,65.625,66.22596740722656
f1_1ff2dc3d6466ce17,1,citeseer,gat,12347,68.26923370361328,63.94230651855469
f1_1ff2dc3d6466ce17,1,citeseer,gat,12348,64.54327392578125,65.50480651855469
f1_1ff2dc3d6466ce17,1,citeseer,gat,12349,61.65865707397461,64.30288696289062
f1_1ff2dc3d6466ce17,1,citeseer,gat,12350,65.02404022216797,64.18269348144531
f1_1ff2dc3d6466ce17,1,citeseer,gat,12351,61.77885055541992,64.0625
f1_1ff2dc3d6466ce17,1,citeseer,gat,12352,66.70673370361328,64.42308044433594
f1_1ff2dc3d6466ce17,1,citeseer,gat,12353,65.3846206665039,66.58654022216797
f1_1ff2dc3d6466ce17,1,citeseer,gat,12354,64.18269348144531,66.70673370361328
f1_461901d34f1076ca,1,citeseer,gat,12345,67.30769348144531,65.98558044433594
f1_461901d34f1076ca,1,citeseer,gat,12346,65.74519348144531,65.02404022216797
f1_461901d34f1076ca,1,citeseer,gat,12347,67.78846740722656,62.86057662963867
f1_461901d34f1076ca,1,citeseer,gat,12348,65.98558044433594,66.22596740722656
f1_461901d34f1076ca,1,citeseer,gat,12349,62.980770111083984,64.54327392578125
f1_461901d34f1076ca,1,citeseer,gat,12350,66.58654022216797,64.54327392578125
f1_461901d34f1076ca,1,citeseer,gat,12351,65.74519348144531,64.54327392578125
f1_461901d34f1076ca,1,citeseer,gat,12352,68.26923370361328,66.34615325927734
f1_461901d34f1076ca,1,citeseer,gat,12353,64.54327392578125,63.822120666503906
f1_461901d34f1076ca,1,citeseer,gat,12354,64.90384674072266,64.42308044433594
f1_341d6fe5f4dfb3ab,1,citeseer,gat,12345,70.3125,70.79327392578125
f1_341d6fe5f4dfb3ab,1,citeseer,gat,12346,70.67308044433594,67.1875
f1_341d6fe5f4dfb3ab,1,citeseer,gat,12347,68.99038696289062,66.70673370361328
f1_341d6fe5f4dfb3ab,1,citeseer,gat,12348,70.19231414794922,68.62981414794922
f1_341d6fe5f4dfb3ab,1,citeseer,gat,12349,67.06730651855469,67.66827392578125
f1_341d6fe5f4dfb3ab,1,citeseer,gat,12350,67.78846740722656,66.10577392578125
f1_341d6fe5f4dfb3ab,1,citeseer,gat,12351,68.02884674072266,66.8269271850586
f1_341d6fe5f4dfb3ab,1,citeseer,gat,12352,70.67308044433594,67.1875
f1_341d6fe5f4dfb3ab,1,citeseer,gat,12353,70.19231414794922,67.1875
f1_341d6fe5f4dfb3ab,1,citeseer,gat,12354,67.06730651855469,68.14904022216797
f1_b6fe69e18e279a4a,1,citeseer,gat,12345,70.55288696289062,70.67308044433594
f1_b6fe69e18e279a4a,1,citeseer,gat,12346,70.55288696289062,66.9471206665039
f1_b6fe69e18e279a4a,1,citeseer,gat,12347,70.43269348144531,66.58654022216797
f1_b6fe69e18e279a4a,1,citeseer,gat,12348,70.19231414794922,70.19231414794922
f1_b6fe69e18e279a4a,1,citeseer,gat,12349,67.66827392578125,67.66827392578125
f1_b6fe69e18e279a4a,1,citeseer,gat,12350,68.26923370361328,68.02884674072266
f1_b6fe69e18e279a4a,1,citeseer,gat,12351,70.19231414794922,67.1875
f1_b6fe69e18e279a4a,1,citeseer,gat,12352,70.3125,66.22596740722656
f1_b6fe69e18e279a4a,1,citeseer,gat,12353,70.43269348144531,67.78846740722656
f1_b6fe69e18e279a4a,1,citeseer,gat,12354,68.75,69.71154022216797
f1_2cb7cb7a51915ddc,1,citeseer,gat,12345,69.71154022216797,69.71154022216797
f1_2cb7cb7a51915ddc,1,citeseer,gat,12346,69.23077392578125,69.71154022216797
f1_2cb7cb7a51915ddc,1,citeseer,gat,12347,70.43269348144531,67.30769348144531
f1_2cb7cb7a51915ddc,1,citeseer,gat,12348,69.59134674072266,67.06730651855469
f1_2cb7cb7a51915ddc,1,citeseer,gat,12349,68.14904022216797,67.1875
f1_2cb7cb7a51915ddc,1,citeseer,gat,12350,69.11058044433594,68.5096206665039
f1_2cb7cb7a51915ddc,1,citeseer,gat,12351,69.11058044433594,67.06730651855469
f1_2cb7cb7a51915ddc,1,citeseer,gat,12352,70.19231414794922,68.87019348144531
f1_2cb7cb7a51915ddc,1,citeseer,gat,12353,70.79327392578125,68.26923370361328
f1_2cb7cb7a51915ddc,1,citeseer,gat,12354,68.26923370361328,69.59134674072266
f1_915c2bd66c3e1dd3,1,citeseer,gat,12345,70.19231414794922,71.5144271850586
f1_915c2bd66c3e1dd3,1,citeseer,gat,12346,68.75,69.35096740722656
f1_915c2bd66c3e1dd3,1,citeseer,gat,12347,69.59134674072266,66.70673370361328
f1_915c2bd66c3e1dd3,1,citeseer,gat,12348,70.0721206665039,66.58654022216797
f1_915c2bd66c3e1dd3,1,citeseer,gat,12349,68.02884674072266,66.70673370361328
f1_915c2bd66c3e1dd3,1,citeseer,gat,12350,66.70673370361328,68.62981414794922
f1_915c2bd66c3e1dd3,1,citeseer,gat,12351,69.59134674072266,68.02884674072266
f1_915c2bd66c3e1dd3,1,citeseer,gat,12352,70.43269348144531,67.1875
f1_915c2bd66c3e1dd3,1,citeseer,gat,12353,71.5144271850586,68.26923370361328
f1_915c2bd66c3e1dd3,1,citeseer,gat,12354,68.26923370361328,68.5096206665039
f1_fea86d6df4ccbfe2,1,citeseer,gat,12345,70.67308044433594,69.83173370361328
f1_fea86d6df4ccbfe2,1,citeseer,gat,12346,69.59134674072266,68.62981414794922
f1_fea86d6df4ccbfe2,1,citeseer,gat,12347,70.0721206665039,67.30769348144531
f1_fea86d6df4ccbfe2,1,citeseer,gat,12348,69.59134674072266,69.35096740722656
f1_fea86d6df4ccbfe2,1,citeseer,gat,12349,67.90865325927734,67.06730651855469
f1_fea86d6df4ccbfe2,1,citeseer,gat,12350,67.06730651855469,68.26923370361328
f1_fea86d6df4ccbfe2,1,citeseer,gat,12351,69.35096740722656,65.98558044433594
f1_fea86d6df4ccbfe2,1,citeseer,gat,12352,71.15384674072266,67.54808044433594
f1_fea86d6df4ccbfe2,1,citeseer,gat,12353,71.6346206665039,68.5096206665039
f1_fea86d6df4ccbfe2,1,citeseer,gat,12354,67.78846740722656,69.35096740722656
f1_19057ba009a9b136,1,citeseer,gat,12345,70.3125,68.99038696289062
f1_19057ba009a9b136,1,citeseer,gat,12346,68.5096206665039,67.30769348144531
f1_19057ba009a9b136,1,citeseer,gat,12347,70.67308044433594,65.74519348144531
f1_19057ba009a9b136,1,citeseer,gat,12348,70.19231414794922,68.75
f1_19057ba009a9b136,1,citeseer,gat,12349,68.75,67.90865325927734
f1_19057ba009a9b136,1,citeseer,gat,12350,67.66827392578125,67.90865325927734
f1_19057ba009a9b136,1,citeseer,gat,12351,67.78846740722656,66.46634674072266
f1_19057ba009a9b136,1,citeseer,gat,12352,70.79327392578125,68.62981414794922
f1_19057ba009a9b136,1,citeseer,gat,12353,69.83173370361328,68.3894271850586
f1_19057ba009a9b136,1,citeseer,gat,12354,68.3894271850586,69.47115325927734
f1_95ca87e47855b45d,1,citeseer,gat,12345,71.15384674072266,71.6346206665039
f1_95ca87e47855b45d,1,citeseer,gat,12346,69.59134674072266,67.06730651855469
f1_95ca87e47855b45d,1,citeseer,gat,12347,70.67308044433594,68.87019348144531
f1_95ca87e47855b45d,1,citeseer,gat,12348,71.15384674072266,68.87019348144531
f1_95ca87e47855b45d,1,citeseer,gat,12349,66.8269271850586,67.78846740722656
f1_95ca87e47855b45d,1,citeseer,gat,12350,68.26923370361328,68.87019348144531
f1_95ca87e47855b45d,1,citeseer,gat,12351,69.35096740722656,66.70673370361328
f1_95ca87e47855b45d,1,citeseer,gat,12352,69.71154022216797,67.30769348144531
f1_95ca87e47855b45d,1,citeseer,gat,12353,70.43269348144531,68.5096206665039
f1_95ca87e47855b45d,1,citeseer,gat,12354,68.75,68.62981414794922
f1_c7971662b5f432b3,1,cora,gat,12345,77.84342956542969,80.50221252441406
f1_c7971662b5f432b3,1,cora,gat,12346,78.87740325927734,78.43426513671875
f1_c7971662b5f432b3,1,cora,gat,12347,77.2525863647461,77.4002914428711
f1_c7971662b5f432b3,1,cora,gat,12348,77.2525863647461,77.69571685791016
f1_c7971662b5f432b3,1,cora,gat,12349,80.20679473876953,76.21861267089844
f1_c7971662b5f432b3,1,cora,gat,12350,77.69571685791016,76.95716094970703
f1_c7971662b5f432b3,1,cora,gat,12351,79.3205337524414,77.84342956542969
f1_c7971662b5f432b3,1,cora,gat,12352,79.3205337524414,78.28656005859375
f1_c7971662b5f432b3,1,cora,gat,12353,68.38995361328125,68.09453582763672
f1_c7971662b5f432b3,1,cora,gat,12354,80.35450744628906,79.911376953125
f1_eade0b56d4bc1b71,1,cora,gat,12345,80.79763793945312,83.16100311279297
f1_eade0b56d4bc1b71,1,cora,gat,12346,83.60413360595703,81.09305572509766
f1_eade0b56d4bc1b71,1,cora,gat,12347,82.7178726196289,82.86558532714844
f1_eade0b56d4bc1b71,1,cora,gat,12348,82.7178726196289,82.42245483398438
f1_eade0b56d4bc1b71,1,cora,gat,12349,82.7178726196289,80.35450744628906
f1_eade0b56d4bc1b71,1,cora,gat,12350,80.6499252319336,82.7178726196289
f1_eade0b56d4bc1b71,1,cora,gat,12351,81.83161163330078,80.94534301757812
f1_eade0b56d4bc1b71,1,cora,gat,12352,82.27474212646484,83.16100311279297
f1_eade0b56d4bc1b71,1,cora,gat,12353,81.09305572509766,79.76366424560547
f1_eade0b56d4bc1b71,1,cora,gat,12354,83.60413360595703,83.60413360595703
f1_a1e2c0db5d88293e,1,cora,gat,12345,81.83161163330078,82.7178726196289
f1_a1e2c0db5d88293e,1,cora,gat,12346,85.96749877929688,83.01329040527344
f1_a1e2c0db5d88293e,1,cora,gat,12347,85.08123779296875,86.41063690185547
f1_a1e2c0db5d88293e,1,cora,gat,12348,84.34268951416016,83.3087158203125
f1_a1e2c0db5d88293e,1,cora,gat,12349,85.67208099365234,83.8995590209961
f1_a1e2c0db5d88293e,1,cora,gat,12350,83.4564208984375,83.8995590209961
f1_a1e2c0db5d88293e,1,cora,gat,12351,83.3087158203125,83.4564208984375
f1_a1e2c0db5d88293e,1,cora,gat,12352,82.42245483398438,83.01329040527344
f1_a1e2c0db5d88293e,1,cora,gat,12353,81.68389892578125,83.01329040527344
f1_a1e2c0db5d88293e,1,cora,gat,12354,84.93353271484375,83.01329040527344
f1_ed33a26c62530354,1,cora,gat,12345,83.75184631347656,83.60413360595703
f1_ed33a26c62530354,1,cora,gat,12346,86.7060546875,83.75184631347656
f1_ed33a26c62530354,1,cora,gat,12347,86.55834197998047,84.78582000732422
f1_ed33a26c62530354,1,cora,gat,12348,85.81979370117188,85.08123779296875
f1_ed33a26c62530354,1,cora,gat,12349,85.96749877929688,85.22895050048828
f1_ed33a26c62530354,1,cora,gat,12350,83.01329040527344,83.16100311279297
f1_ed33a26c62530354,1,cora,gat,12351,85.08123779296875,84.78582000732422
f1_ed33a26c62530354,1,cora,gat,12352,85.22895050048828,84.93353271484375
f1_ed33a26c62530354,1,cora,gat,12353,83.75184631347656,83.3087158203125
f1_ed33a26c62530354,1,cora,gat,12354,85.96749877929688,85.22895050048828
f1_f99ef7028f0e959a,1,cora,gat,12345,83.75184631347656,84.34268951416016
f1_f99ef7028f0e959a,1,cora,gat,12346,87.74002838134766,84.93353271484375
f1_f99ef7028f0e959a,1,cora,gat,12347,86.26292419433594,87.14918518066406
f1_f99ef7028f0e959a,1,cora,gat,12348,86.41063690185547,84.34268951416016
f1_f99ef7028f0e959a,1,cora,gat,12349,85.22895050048828,83.75184631347656
f1_f99ef7028f0e959a,1,cora,gat,12350,84.63810729980469,83.8995590209961
f1_f99ef7028f0e959a,1,cora,gat,12351,85.96749877929688,85.37666320800781
f1_f99ef7028f0e959a,1,cora,gat,12352,85.67208099365234,86.55834197998047
f1_f99ef7028f0e959a,1,cora,gat,12353,85.37666320800781,86.55834197998047
f1_f99ef7028f0e959a,1,cora,gat,12354,85.22895050048828,86.41063690185547
f1_af3c95eda5a07c6c,1,cora,gat,12345,83.4564208984375,85.08123779296875
f1_af3c95eda5a07c6c,1,cora,gat,12346,88.18315887451172,85.96749877929688
f1_af3c95eda5a07c6c,1,cora,gat,12347,86.26292419433594,86.1152114868164
f1_af3c95eda5a07c6c,1,cora,gat,12348,86.1152114868164,84.49039459228516
f1_af3c95eda5a07c6c,1,cora,gat,12349,86.26292419433594,85.22895050048828
f1_af3c95eda5a07c6c,1,cora,gat,12350,83.75184631347656,83.01329040527344
f1_af3c95eda5a07c6c,1,cora,gat,12351,84.19497680664062,85.22895050048828
f1_af3c95eda5a07c6c,1,cora,gat,12352,85.81979370117188,86.85376739501953
f1_af3c95eda5a07c6c,1,cora,gat,12353,83.75184631347656,84.0472640991211
f1_af3c95eda5a07c6c,1,cora,gat,12354,85.67208099365234,85.37666320800781
f1_e863ca6b643ba9f0,1,cora,gat,12345,84.19497680664062,84.0472640991211
f1_e863ca6b643ba9f0,1,cora,gat,12346,86.85376739501953,84.19497680664062
f1_e863ca6b643ba9f0,1,cora,gat,12347,86.1152114868164,85.08123779296875
f1_e863ca6b643ba9f0,1,cora,gat,12348,87.14918518066406,86.1152114868164
f1_e863ca6b643ba9f0,1,cora,gat,12349,85.67208099365234,84.63810729980469
f1_e863ca6b643ba9f0,1,cora,gat,12350,84.0472640991211,83.4564208984375
f1_e863ca6b643ba9f0,1,cora,gat,12351,84.49039459228516,83.8995590209961
f1_e863ca6b643ba9f0,1,cora,gat,12352,86.41063690185547,86.7060546875
f1_e863ca6b643ba9f0,1,cora,gat,12353,84.93353271484375,86.26292419433594
f1_e863ca6b643ba9f0,1,cora,gat,12354,85.37666320800781,86.26292419433594
f1_a26741d61953d1c3,1,cora,gat,12345,83.8995590209961,84.49039459228516
f1_a26741d61953d1c3,1,cora,gat,12346,87.44461059570312,85.81979370117188
f1_a26741d61953d1c3,1,cora,gat,12347,86.1152114868164,86.55834197998047
f1_a26741d61953d1c3,1,cora,gat,12348,87.14918518066406,85.81979370117188
f1_a26741d61953d1c3,1,cora,gat,12349,86.1152114868164,85.08123779296875
f1_a26741d61953d1c3,1,cora,gat,12350,84.34268951416016,83.3087158203125
f1_a26741d61953d1c3,1,cora,gat,12351,84.63810729980469,84.78582000732422
f1_a26741d61953d1c3,1,cora,gat,12352,86.41063690185547,87.00147247314453
f1_a26741d61953d1c3,1,cora,gat,12353,84.63810729980469,85.67208099365234
f1_a26741d61953d1c3,1,cora,gat,12354,85.67208099365234,86.55834197998047
f1_faf577cb6fbd9ede,1,cora,gat,12345,83.8995590209961,84.49039459228516
f1_faf577cb6fbd9ede,1,cora,gat,12346,87.74002838134766,85.81979370117188
f1_faf577cb6fbd9ede,1,cora,gat,12347,85.96749877929688,85.81979370117188
f1_faf577cb6fbd9ede,1,cora,gat,12348,86.55834197998047,85.67208099365234
f1_faf577cb6fbd9ede,1,cora,gat,12349,85.37666320800781,83.75184631347656
f1_faf577cb6fbd9ede,1,cora,gat,12350,84.63810729980469,84.19497680664062
f1_faf577cb6fbd9ede,1,cora,gat,12351,85.08123779296875,84.78582000732422
f1_faf577cb6fbd9ede,1,cora,gat,12352,85.81979370117188,87.2968978881836
f1_faf577cb6fbd9ede,1,cora,gat,12353,85.96749877929688,85.96749877929688
f1_faf577cb6fbd9ede,1,cora,gat,12354,85.52436828613281,86.85376739501953
f1_92fefdcbea4b49d3,1,cora,gat,12345,83.60413360595703,85.81979370117188
f1_92fefdcbea4b49d3,1,cora,gat,12346,87.74002838134766,86.1152114868164
f1_92fefdcbea4b49d3,1,cora,gat,12347,85.96749877929688,85.67208099365234
f1_92fefdcbea4b49d3,1,cora,gat,12348,87.74002838134766,85.52436828613281
f1_92fefdcbea4b49d3,1,cora,gat,12349,85.22895050048828,84.63810729980469
f1_92fefdcbea4b49d3,1,cora,gat,12350,84.49039459228516,84.0472640991211
f1_92fefdcbea4b49d3,1,cora,gat,12351,84.78582000732422,85.52436828613281
f1_92fefdcbea4b49d3,1,cora,gat,12352,85.67208099365234,86.55834197998047
f1_92fefdcbea4b49d3,1,cora,gat,12353,85.67208099365234,87.59231567382812
f1_92fefdcbea4b49d3,1,cora,gat,12354,84.78582000732422,86.85376739501953
f1_58ffabd06c0a04cb,1,facebook,gat,12345,87.39765167236328,86.56105041503906
f1_58ffabd06c0a04cb,1,facebook,gat,12346,86.4008560180664,85.36846160888672
f1_58ffabd06c0a04cb,1,facebook,gat,12347,84.81665802001953,84.40726470947266
f1_58ffabd06c0a04cb,1,facebook,gat,12348,86.43645477294922,88.09185028076172
f1_58ffabd06c0a04cb,1,facebook,gat,12349,84.46066284179688,86.32965850830078
f1_58ffabd06c0a04cb,1,facebook,gat,12350,83.16127014160156,82.23567199707031
f1_58ffabd06c0a04cb,1,facebook,gat,12351,84.67426300048828,85.13705444335938
f1_58ffabd06c0a04cb,1,facebook,gat,12352,84.5140609741211,83.49946594238281
f1_58ffabd06c0a04cb,1,facebook,gat,12353,85.95585632324219,85.65325927734375
f1_58ffabd06c0a04cb,1,facebook,gat,12354,84.47846221923828,83.17906951904297
f1_4c65c485a9240c6e,1,facebook,gat,12345,93.18263244628906,92.63082885742188
f1_4c65c485a9240c6e,1,facebook,gat,12346,93.3072280883789,92.63082885742188
f1_4c65c485a9240c6e,1,facebook,gat,12347,92.63082885742188,92.25702667236328
f1_4c65c485a9240c6e,1,facebook,gat,12348,93.0758285522461,93.2894287109375
f1_4c65c485a9240c6e,1,facebook,gat,12349,92.70203399658203,93.00462341308594
f1_4c65c485a9240c6e,1,facebook,gat,12350,94.23281860351562,92.23922729492188
f1_4c65c485a9240c6e,1,facebook,gat,12351,92.34603118896484,92.45282745361328
f1_4c65c485a9240c6e,1,facebook,gat,12352,92.82662963867188,92.6842269897461
f1_4c65c485a9240c6e,1,facebook,gat,12353,92.0078353881836,91.6518325805664
f1_4c65c485a9240c6e,1,facebook,gat,12354,93.16482543945312,92.50623321533203
f1_4d82428f7ddf545b,1,facebook,gat,12345,93.57422637939453,93.0758285522461
f1_4d82428f7ddf545b,1,facebook,gat,12346,93.69882202148438,92.59523010253906
f1_4d82428f7ddf545b,1,facebook,gat,12347,93.2894287109375,92.75543212890625
f1_4d82428f7ddf545b,1,facebook,gat,12348,93.68102264404297,93.93022918701172
f1_4d82428f7ddf545b,1,facebook,gat,12349,93.36062622070312,93.53862762451172
f1_4d82428f7ddf545b,1,facebook,gat,12350,94.01922607421875,92.4350357055664
f1_4d82428f7ddf545b,1,facebook,gat,12351,92.96903228759766,93.0758285522461
f1_4d82428f7ddf545b,1,facebook,gat,12352,93.20042419433594,92.82662963867188
f1_4d82428f7ddf545b,1,facebook,gat,12353,93.69882202148438,93.36062622070312
f1_4d82428f7ddf545b,1,facebook,gat,12354,93.57422637939453,92.98683166503906
f1_d43662224e6f5b91,1,facebook,gat,12345,94.16162109375,93.59202575683594
f1_d43662224e6f5b91,1,facebook,gat,12346,94.1794204711914,93.6632308959961
f1_d43662224e6f5b91,1,facebook,gat,12347,94.09042358398438,93.77002716064453
f1_d43662224e6f5b91,1,facebook,gat,12348,93.98362731933594,94.55322265625
f1_d43662224e6f5b91,1,facebook,gat,12349,93.9658203125,94.14382934570312
f1_d43662224e6f5b91,1,facebook,gat,12350,94.71341705322266,93.53862762451172
f1_d43662224e6f5b91,1,facebook,gat,12351,93.82342529296875,93.46742248535156
f1_d43662224e6f5b91,1,facebook,gat,12352,93.46742248535156,93.16482543945312
f1_d43662224e6f5b91,1,facebook,gat,12353,94.42861938476562,93.89462280273438
f1_d43662224e6f5b91,1,facebook,gat,12354,94.21502685546875,93.12922668457031
f1_34f11d828b1da01f,1,facebook,gat,12345,94.44641876220703,94.07262420654297
f1_34f11d828b1da01f,1,facebook,gat,12346,94.49981689453125,94.00142669677734
f1_34f11d828b1da01f,1,facebook,gat,12347,94.39302062988281,94.21502685546875
f1_34f11d828b1da01f,1,facebook,gat,12348,93.7522201538086,94.55322265625
f1_34f11d828b1da01f,1,facebook,gat,12349,93.77002716064453,93.93022918701172
f1_34f11d828b1da01f,1,facebook,gat,12350,95.06941986083984,93.9480209350586
f1_34f11d828b1da01f,1,facebook,gat,12351,93.73442840576172,94.01922607421875
f1_34f11d828b1da01f,1,facebook,gat,12352,94.03702545166016,93.84122467041016
f1_34f11d828b1da01f,1,facebook,gat,12353,93.9658203125,94.01922607421875
f1_34f11d828b1da01f,1,facebook,gat,12354,94.5710220336914,93.98362731933594
f1_233086aa1324268f,1,facebook,gat,12345,94.3396224975586,93.82342529296875
f1_233086aa1324268f,1,facebook,gat,12346,94.16162109375,93.41402435302734
f1_233086aa1324268f,1,facebook,gat,12347,93.89462280273438,93.73442840576172
f1_233086aa1324268f,1,facebook,gat,12348,93.84122467041016,94.3752212524414
f1_233086aa1324268f,1,facebook,gat,12349,93.48522186279297,94.03702545166016
f1_233086aa1324268f,1,facebook,gat,12350,94.92701721191406,93.52082824707031
f1_233086aa1324268f,1,facebook,gat,12351,93.60982513427734,93.60982513427734
f1_233086aa1324268f,1,facebook,gat,12352,93.18263244628906,92.59523010253906
f1_233086aa1324268f,1,facebook,gat,12353,93.87682342529297,93.71662902832031
f1_233086aa1324268f,1,facebook,gat,12354,94.12602233886719,93.62762451171875
f1_12cacf8b5e53e5b2,1,facebook,gat,12345,94.1794204711914,93.68102264404297
f1_12cacf8b5e53e5b2,1,facebook,gat,12346,94.12602233886719,93.62762451171875
f1_12cacf8b5e53e5b2,1,facebook,gat,12347,94.00142669677734,93.55642700195312
f1_12cacf8b5e53e5b2,1,facebook,gat,12348,93.89462280273438,94.41082763671875
f1_12cacf8b5e53e5b2,1,facebook,gat,12349,93.53862762451172,94.16162109375
f1_12cacf8b5e53e5b2,1,facebook,gat,12350,94.5354232788086,93.27162170410156
f1_12cacf8b5e53e5b2,1,facebook,gat,12351,93.68102264404297,93.46742248535156
f1_12cacf8b5e53e5b2,1,facebook,gat,12352,93.39622497558594,92.95122528076172
f1_12cacf8b5e53e5b2,1,facebook,gat,12353,94.00142669677734,93.52082824707031
f1_12cacf8b5e53e5b2,1,facebook,gat,12354,93.78782653808594,93.64542388916016
f1_113ca26ed97048c7,1,facebook,gat,12345,94.19722747802734,93.68102264404297
f1_113ca26ed97048c7,1,facebook,gat,12346,94.48202514648438,93.62762451171875
f1_113ca26ed97048c7,1,facebook,gat,12347,94.14382934570312,93.68102264404297
f1_113ca26ed97048c7,1,facebook,gat,12348,93.57422637939453,94.51762390136719
f1_113ca26ed97048c7,1,facebook,gat,12349,93.69882202148438,93.85902404785156
f1_113ca26ed97048c7,1,facebook,gat,12350,94.83802032470703,93.89462280273438
f1_113ca26ed97048c7,1,facebook,gat,12351,93.5030288696289,93.69882202148438
f1_113ca26ed97048c7,1,facebook,gat,12352,93.59202575683594,93.12922668457031
f1_113ca26ed97048c7,1,facebook,gat,12353,94.32182312011719,93.53862762451172
f1_113ca26ed97048c7,1,facebook,gat,12354,94.42861938476562,93.52082824707031
f1_ac5bd9d553e5d67d,1,facebook,gat,12345,94.39302062988281,93.84122467041016
f1_ac5bd9d553e5d67d,1,facebook,gat,12346,94.21502685546875,93.7522201538086
f1_ac5bd9d553e5d67d,1,facebook,gat,12347,94.01922607421875,94.09042358398438
f1_ac5bd9d553e5d67d,1,facebook,gat,12348,94.01922607421875,94.58882141113281
f1_ac5bd9d553e5d67d,1,facebook,gat,12349,93.84122467041016,94.10822296142578
f1_ac5bd9d553e5d67d,1,facebook,gat,12350,94.7490234375,93.44963073730469
f1_ac5bd9d553e5d67d,1,facebook,gat,12351,93.9480209350586,94.05482482910156
f1_ac5bd9d553e5d67d,1,facebook,gat,12352,93.73442840576172,92.8978271484375
f1_ac5bd9d553e5d67d,1,facebook,gat,12353,94.16162109375,93.9658203125
f1_ac5bd9d553e5d67d,1,facebook,gat,12354,94.39302062988281,93.68102264404297
f1_ab045fa7d05644ff,1,facebook,gat,12345,94.3396224975586,93.89462280273438
f1_ab045fa7d05644ff,1,facebook,gat,12346,94.82022094726562,94.05482482910156
f1_ab045fa7d05644ff,1,facebook,gat,12347,94.16162109375,94.19722747802734
f1_ab045fa7d05644ff,1,facebook,gat,12348,93.85902404785156,94.71341705322266
f1_ab045fa7d05644ff,1,facebook,gat,12349,93.69882202148438,93.89462280273438
f1_ab045fa7d05644ff,1,facebook,gat,12350,94.90921783447266,93.7522201538086
f1_ab045fa7d05644ff,1,facebook,gat,12351,93.7522201538086,94.07262420654297
f1_ab045fa7d05644ff,1,facebook,gat,12352,93.34282684326172,92.86222839355469
f1_ab045fa7d05644ff,1,facebook,gat,12353,94.09042358398438,93.85902404785156
f1_ab045fa7d05644ff,1,facebook,gat,12354,94.62442016601562,93.78782653808594
f1_5fe5d8d37b32586f,1,lastfm,gat,12345,83.06041717529297,82.15697479248047
f1_5fe5d8d37b32586f,1,lastfm,gat,12346,83.45567321777344,81.59232330322266
f1_5fe5d8d37b32586f,1,lastfm,gat,12347,83.45567321777344,84.35911560058594
f1_5fe5d8d37b32586f,1,lastfm,gat,12348,82.3828353881836,80.40654754638672
f1_5fe5d8d37b32586f,1,lastfm,gat,12349,83.96385955810547,80.85826873779297
f1_5fe5d8d37b32586f,1,lastfm,gat,12350,82.49575805664062,83.34274291992188
f1_5fe5d8d37b32586f,1,lastfm,gat,12351,82.77809143066406,82.55223083496094
f1_5fe5d8d37b32586f,1,lastfm,gat,12352,80.23715209960938,78.99491882324219
f1_5fe5d8d37b32586f,1,lastfm,gat,12353,82.9474868774414,81.93110656738281
f1_5fe5d8d37b32586f,1,lastfm,gat,12354,81.19706726074219,79.2772445678711
f1_9c63cec0df93611e,1,lastfm,gat,12345,87.18238067626953,85.60135650634766
f1_9c63cec0df93611e,1,lastfm,gat,12346,87.23884582519531,86.73065948486328
f1_9c63cec0df93611e,1,lastfm,gat,12347,85.99661254882812,87.23884582519531
f1_9c63cec0df93611e,1,lastfm,gat,12348,87.69056701660156,87.40824127197266
f1_9c63cec0df93611e,1,lastfm,gat,12349,88.02935791015625,84.30265045166016
f1_9c63cec0df93611e,1,lastfm,gat,12350,78.43026733398438,79.22077941894531
f1_9c63cec0df93611e,1,lastfm,gat,12351,86.10954284667969,86.44832611083984
f1_9c63cec0df93611e,1,lastfm,gat,12352,86.78712463378906,86.78712463378906
f1_9c63cec0df93611e,1,lastfm,gat,12353,86.61772918701172,85.60135650634766
f1_9c63cec0df93611e,1,lastfm,gat,12354,85.88367462158203,84.30265045166016
f1_c969761a9070d25c,1,lastfm,gat,12345,88.42461395263672,87.12591552734375
f1_c969761a9070d25c,1,lastfm,gat,12346,88.4810791015625,87.35177612304688
f1_c969761a9070d25c,1,lastfm,gat,12347,88.19876098632812,88.53755187988281
f1_c969761a9070d25c,1,lastfm,gat,12348,89.32806396484375,88.14229583740234
f1_c969761a9070d25c,1,lastfm,gat,12349,89.32806396484375,86.10954284667969
f1_c969761a9070d25c,1,lastfm,gat,12350,87.35177612304688,88.5940170288086
f1_c969761a9070d25c,1,lastfm,gat,12351,87.80349731445312,87.80349731445312
f1_c969761a9070d25c,1,lastfm,gat,12352,87.69056701660156,87.69056701660156
f1_c969761a9070d25c,1,lastfm,gat,12353,87.8599624633789,86.9565200805664
f1_c969761a9070d25c,1,lastfm,gat,12354,88.5940170288086,86.84358978271484
f1_f0a483383ea77f97,1,lastfm,gat,12345,88.87633514404297,87.06945037841797
f1_f0a483383ea77f97,1,lastfm,gat,12346,88.93280792236328,88.98927307128906
f1_f0a483383ea77f97,1,lastfm,gat,12347,88.65047454833984,88.5940170288086
f1_f0a483383ea77f97,1,lastfm,gat,12348,89.10220336914062,88.70694732666016
f1_f0a483383ea77f97,1,lastfm,gat,12349,89.32806396484375,86.9565200805664
f1_f0a483383ea77f97,1,lastfm,gat,12350,88.08582305908203,88.76341247558594
f1_f0a483383ea77f97,1,lastfm,gat,12351,87.46470642089844,87.91642761230469
f1_f0a483383ea77f97,1,lastfm,gat,12352,87.80349731445312,88.53755187988281
f1_f0a483383ea77f97,1,lastfm,gat,12353,88.5940170288086,87.8599624633789
f1_f0a483383ea77f97,1,lastfm,gat,12354,89.55392456054688,87.8599624633789
f1_7bdb3f2dde6a9969,1,lastfm,gat,12345,89.66685485839844,88.19876098632812
f1_7bdb3f2dde6a9969,1,lastfm,gat,12346,88.76341247558594,89.04573059082031
f1_7bdb3f2dde6a9969,1,lastfm,gat,12347,88.93280792236328,89.61038208007812
f1_7bdb3f2dde6a9969,1,lastfm,gat,12348,89.04573059082031,89.44098663330078
f1_7bdb3f2dde6a9969,1,lastfm,gat,12349,89.38452911376953,86.84358978271484
f1_7bdb3f2dde6a9969,1,lastfm,gat,12350,88.36815643310547,88.87633514404297
f1_7bdb3f2dde6a9969,1,lastfm,gat,12351,88.08582305908203,88.08582305908203
f1_7bdb3f2dde6a9969,1,lastfm,gat,12352,87.80349731445312,87.91642761230469
f1_7bdb3f2dde6a9969,1,lastfm,gat,12353,88.42461395263672,87.12591552734375
f1_7bdb3f2dde6a9969,1,lastfm,gat,12354,89.1586685180664,87.69056701660156
f1_f7d1fb3173cd171b,1,lastfm,gat,12345,89.61038208007812,87.69056701660156
f1_f7d1fb3173cd171b,1,lastfm,gat,12346,89.10220336914062,89.38452911376953
f1_f7d1fb3173cd171b,1,lastfm,gat,12347,88.87633514404297,88.31168365478516
f1_f7d1fb3173cd171b,1,lastfm,gat,12348,88.93280792236328,89.1586685180664
f1_f7d1fb3173cd171b,1,lastfm,gat,12349,89.4974594116211,87.35177612304688
f1_f7d1fb3173cd171b,1,lastfm,gat,12350,88.19876098632812,88.93280792236328
f1_f7d1fb3173cd171b,1,lastfm,gat,12351,87.57764434814453,88.42461395263672
f1_f7d1fb3173cd171b,1,lastfm,gat,12352,87.69056701660156,88.76341247558594
f1_f7d1fb3173cd171b,1,lastfm,gat,12353,88.42461395263672,87.80349731445312
f1_f7d1fb3173cd171b,1,lastfm,gat,12354,89.89271545410156,88.02935791015625
f1_2baf998e0cecbbbd,1,lastfm,gat,12345,89.4974594116211,87.91642761230469
f1_2baf998e0cecbbbd,1,lastfm,gat,12346,89.38452911376953,89.04573059082031
f1_2baf998e0cecbbbd,1,lastfm,gat,12347,89.10220336914062,88.98927307128906
f1_2baf998e0cecbbbd,1,lastfm,gat,12348,89.1586685180664,89.21512603759766
f1_2baf998e0cecbbbd,1,lastfm,gat,12349,89.4974594116211,86.84358978271484
f1_2baf998e0cecbbbd,1,lastfm,gat,12350,88.08582305908203,89.27159881591797
f1_2baf998e0cecbbbd,1,lastfm,gat,12351,87.91642761230469,88.4810791015625
f1_2baf998e0cecbbbd,1,lastfm,gat,12352,88.19876098632812,88.70694732666016
f1_2baf998e0cecbbbd,1,lastfm,gat,12353,88.36815643310547,87.69056701660156
f1_2baf998e0cecbbbd,1,lastfm,gat,12354,89.66685485839844,87.8599624633789
f1_339f07401d3f7c75,1,lastfm,gat,12345,89.4974594116211,87.63410186767578
f1_339f07401d3f7c75,1,lastfm,gat,12346,88.87633514404297,89.44098663330078
f1_339f07401d3f7c75,1,lastfm,gat,12347,88.87633514404297,89.10220336914062
f1_339f07401d3f7c75,1,lastfm,gat,12348,89.10220336914062,88.36815643310547
f1_339f07401d3f7c75,1,lastfm,gat,12349,89.44098663330078,87.46470642089844
f1_339f07401d3f7c75,1,lastfm,gat,12350,88.02935791015625,89.38452911376953
f1_339f07401d3f7c75,1,lastfm,gat,12351,87.57764434814453,88.14229583740234
f1_339f07401d3f7c75,1,lastfm,gat,12352,88.19876098632812,87.80349731445312
f1_339f07401d3f7c75,1,lastfm,gat,12353,88.4810791015625,87.40824127197266
f1_339f07401d3f7c75,1,lastfm,gat,12354,89.04573059082031,86.90005493164062
f1_b3eb42f85b792e04,1,lastfm,gat,12345,89.4974594116211,88.08582305908203
f1_b3eb42f85b792e04,1,lastfm,gat,12346,88.98927307128906,88.87633514404297
f1_b3eb42f85b792e04,1,lastfm,gat,12347,89.27159881591797,88.70694732666016
f1_b3eb42f85b792e04,1,lastfm,gat,12348,89.1586685180664,89.10220336914062
f1_b3eb42f85b792e04,1,lastfm,gat,12349,89.44098663330078,87.12591552734375
f1_b3eb42f85b792e04,1,lastfm,gat,12350,88.08582305908203,89.61038208007812
f1_b3eb42f85b792e04,1,lastfm,gat,12351,87.74703216552734,88.42461395263672
f1_b3eb42f85b792e04,1,lastfm,gat,12352,87.91642761230469,88.42461395263672
f1_b3eb42f85b792e04,1,lastfm,gat,12353,88.76341247558594,87.80349731445312
f1_b3eb42f85b792e04,1,lastfm,gat,12354,89.55392456054688,87.52117156982422
f1_a6408b395670a64c,1,lastfm,gat,12345,89.72332000732422,87.972900390625
f1_a6408b395670a64c,1,lastfm,gat,12346,89.04573059082031,89.21512603759766
f1_a6408b395670a64c,1,lastfm,gat,12347,89.04573059082031,88.70694732666016
f1_a6408b395670a64c,1,lastfm,gat,12348,89.04573059082031,89.21512603759766
f1_a6408b395670a64c,1,lastfm,gat,12349,89.66685485839844,87.74703216552734
f1_a6408b395670a64c,1,lastfm,gat,12350,88.42461395263672,89.27159881591797
f1_a6408b395670a64c,1,lastfm,gat,12351,87.69056701660156,88.42461395263672
f1_a6408b395670a64c,1,lastfm,gat,12352,87.69056701660156,88.19876098632812
f1_a6408b395670a64c,1,lastfm,gat,12353,88.4810791015625,87.57764434814453
f1_a6408b395670a64c,1,lastfm,gat,12354,89.89271545410156,87.69056701660156
f1_fca61ea91a3e085b,1,citeseer,gcn,12345,63.94230651855469,64.30288696289062
f1_fca61ea91a3e085b,1,citeseer,gcn,12346,65.2644271850586,64.78365325927734
f1_fca61ea91a3e085b,1,citeseer,gcn,12347,66.22596740722656,63.22115707397461
f1_fca61ea91a3e085b,1,citeseer,gcn,12348,62.980770111083984,62.259620666503906
f1_fca61ea91a3e085b,1,citeseer,gcn,12349,64.0625,65.14423370361328
f1_fca61ea91a3e085b,1,citeseer,gcn,12350,63.822120666503906,64.78365325927734
f1_fca61ea91a3e085b,1,citeseer,gcn,12351,64.30288696289062,63.94230651855469
f1_fca61ea91a3e085b,1,citeseer,gcn,12352,69.11058044433594,65.98558044433594
f1_fca61ea91a3e085b,1,citeseer,gcn,12353,65.50480651855469,62.139427185058594
f1_fca61ea91a3e085b,1,citeseer,gcn,12354,64.0625,65.14423370361328
f1_3246a5a09d652890,1,citeseer,gcn,12345,64.30288696289062,64.78365325927734
f1_3246a5a09d652890,1,citeseer,gcn,12346,65.3846206665039,65.74519348144531
f1_3246a5a09d652890,1,citeseer,gcn,12347,66.70673370361328,62.86057662963867
f1_3246a5a09d652890,1,citeseer,gcn,12348,61.29807662963867,60.33654022216797
f1_3246a5a09d652890,1,citeseer,gcn,12349,62.259620666503906,61.89904022216797
f1_3246a5a09d652890,1,citeseer,gcn,12350,62.86057662963867,64.54327392578125
f1_3246a5a09d652890,1,citeseer,gcn,12351,63.822120666503906,62.86057662963867
f1_3246a5a09d652890,1,citeseer,gcn,12352,66.58654022216797,65.625
f1_3246a5a09d652890,1,citeseer,gcn,12353,64.42308044433594,61.77885055541992
f1_3246a5a09d652890,1,citeseer,gcn,12354,64.30288696289062,66.22596740722656
f1_ab5f3cf028b0efae,1,citeseer,gcn,12345,65.2644271850586,65.74519348144531
f1_ab5f3cf028b0efae,1,citeseer,gcn,12346,65.74519348144531,65.2644271850586
f1_ab5f3cf028b0efae,1,citeseer,gcn,12347,67.30769348144531,62.5
f1_ab5f3cf028b0efae,1,citeseer,gcn,12348,62.62019348144531,61.177886962890625
f1_ab5f3cf028b0efae,1,citeseer,gcn,12349,64.54327392578125,63.58173370361328
f1_ab5f3cf028b0efae,1,citeseer,gcn,12350,64.54327392578125,65.74519348144531
f1_ab5f3cf028b0efae,1,citeseer,gcn,12351,64.54327392578125,63.822120666503906
f1_ab5f3cf028b0efae,1,citeseer,gcn,12352,69.59134674072266,66.70673370361328
f1_ab5f3cf028b0efae,1,citeseer,gcn,12353,64.78365325927734,62.01923370361328
f1_ab5f3cf028b0efae,1,citeseer,gcn,12354,63.58173370361328,64.90384674072266
f1_1d03e5b53a1e5871,1,citeseer,gcn,12345,68.14904022216797,69.23077392578125
f1_1d03e5b53a1e5871,1,citeseer,gcn,12346,67.30769348144531,65.98558044433594
f1_1d03e5b53a1e5871,1,citeseer,gcn,12347,70.3125,65.86538696289062
f1_1d03e5b53a1e5871,1,citeseer,gcn,12348,67.30769348144531,68.02884674072266
f1_1d03e5b53a1e5871,1,citeseer,gcn,12349,67.78846740722656,67.66827392578125
f1_1d03e5b53a1e5871,1,citeseer,gcn,12350,66.58654022216797,67.90865325927734
f1_1d03e5b53a1e5871,1,citeseer,gcn,12351,65.98558044433594,66.34615325927734
f1_1d03e5b53a1e5871,1,citeseer,gcn,12352,60.81730651855469,58.77404022216797
f1_1d03e5b53a1e5871,1,citeseer,gcn,12353,70.91346740722656,68.99038696289062
f1_1d03e5b53a1e5871,1,citeseer,gcn,12354,62.62019348144531,65.625
f1_8c473d0f9f13b58e,1,citeseer,gcn,12345,68.99038696289062,67.90865325927734
f1_8c473d0f9f13b58e,1,citeseer,gcn,12346,70.0721206665039,67.42788696289062
f1_8c473d0f9f13b58e,1,citeseer,gcn,12347,68.14904022216797,63.822120666503906
f1_8c473d0f9f13b58e,1,citeseer,gcn,12348,70.55288696289062,69.11058044433594
f1_8c473d0f9f13b58e,1,citeseer,gcn,12349,67.78846740722656,68.02884674072266
f1_8c473d0f9f13b58e,1,citeseer,gcn,12350,68.3894271850586,67.90865325927734
f1_8c473d0f9f13b58e,1,citeseer,gcn,12351,70.67308044433594,67.78846740722656
f1_8c473d0f9f13b58e,1,citeseer,gcn,12352,69.71154022216797,67.30769348144531
f1_8c473d0f9f13b58e,1,citeseer,gcn,12353,71.39423370361328,67.90865325927734
f1_8c473d0f9f13b58e,1,citeseer,gcn,12354,68.02884674072266,68.26923370361328
f1_72af25c01e2f561b,1,citeseer,gcn,12345,68.87019348144531,69.35096740722656
f1_72af25c01e2f561b,1,citeseer,gcn,12346,67.06730651855469,64.42308044433594
f1_72af25c01e2f561b,1,citeseer,gcn,12347,69.9519271850586,64.78365325927734
f1_72af25c01e2f561b,1,citeseer,gcn,12348,67.54808044433594,67.06730651855469
f1_72af25c01e2f561b,1,citeseer,gcn,12349,67.06730651855469,68.14904022216797
f1_72af25c01e2f561b,1,citeseer,gcn,12350,66.8269271850586,66.70673370361328
f1_72af25c01e2f561b,1,citeseer,gcn,12351,68.75,65.98558044433594
f1_72af25c01e2f561b,1,citeseer,gcn,12352,71.15384674072266,67.42788696289062
f1_72af25c01e2f561b,1,citeseer,gcn,12353,71.5144271850586,70.43269348144531
f1_72af25c01e2f561b,1,citeseer,gcn,12354,68.62981414794922,68.62981414794922
f1_7fcd65e7bd1f2a89,1,citeseer,gcn,12345,68.75,68.99038696289062
f1_7fcd65e7bd1f2a89,1,citeseer,gcn,12346,69.23077392578125,67.90865325927734
f1_7fcd65e7bd1f2a89,1,citeseer,gcn,12347,69.9519271850586,66.34615325927734
f1_7fcd65e7bd1f2a89,1,citeseer,gcn,12348,68.75,69.47115325927734
f1_7fcd65e7bd1f2a89,1,citeseer,gcn,12349,66.46634674072266,67.90865325927734
f1_7fcd65e7bd1f2a89,1,citeseer,gcn,12350,67.30769348144531,68.02884674072266
f1_7fcd65e7bd1f2a89,1,citeseer,gcn,12351,68.75,67.1875
f1_7fcd65e7bd1f2a89,1,citeseer,gcn,12352,71.875,67.54808044433594
f1_7fcd65e7bd1f2a89,1,citeseer,gcn,12353,71.6346206665039,68.26923370361328
f1_7fcd65e7bd1f2a89,1,citeseer,gcn,12354,67.30769348144531,68.75
f1_c1e0e10af95ea967,1,citeseer,gcn,12345,68.02884674072266,68.75
f1_c1e0e10af95ea967,1,citeseer,gcn,12346,67.78846740722656,65.2644271850586
f1_c1e0e10af95ea967,1,citeseer,gcn,12347,70.91346740722656,66.46634674072266
f1_c1e0e10af95ea967,1,citeseer,gcn,12348,67.42788696289062,66.70673370361328
f1_c1e0e10af95ea967,1,citeseer,gcn,12349,68.14904022216797,67.90865325927734
f1_c1e0e10af95ea967,1,citeseer,gcn,12350,66.46634674072266,65.98558044433594
f1_c1e0e10af95ea967,1,citeseer,gcn,12351,69.23077392578125,67.42788696289062
f1_c1e0e10af95ea967,1,citeseer,gcn,12352,69.23077392578125,65.74519348144531
f1_c1e0e10af95ea967,1,citeseer,gcn,12353,68.99038696289062,68.5096206665039
f1_c1e0e10af95ea967,1,citeseer,gcn,12354,65.86538696289062,69.23077392578125
f1_8c047d857d915ba6,1,citeseer,gcn,12345,69.11058044433594,69.35096740722656
f1_8c047d857d915ba6,1,citeseer,gcn,12346,67.1875,65.625
f1_8c047d857d915ba6,1,citeseer,gcn,12347,71.39423370361328,67.30769348144531
f1_8c047d857d915ba6,1,citeseer,gcn,12348,68.62981414794922,68.3894271850586
f1_8c047d857d915ba6,1,citeseer,gcn,12349,68.02884674072266,68.62981414794922
f1_8c047d857d915ba6,1,citeseer,gcn,12350,67.30769348144531,67.30769348144531
f1_8c047d857d915ba6,1,citeseer,gcn,12351,68.62981414794922,66.34615325927734
f1_8c047d857d915ba6,1,citeseer,gcn,12352,65.86538696289062,62.740386962890625
f1_8c047d857d915ba6,1,citeseer,gcn,12353,71.75481414794922,69.59134674072266
f1_8c047d857d915ba6,1,citeseer,gcn,12354,67.54808044433594,68.26923370361328
f1_acada23d96f4d7b1,1,citeseer,gcn,12345,69.35096740722656,68.14904022216797
f1_acada23d96f4d7b1,1,citeseer,gcn,12346,68.99038696289062,66.70673370361328
f1_acada23d96f4d7b1,1,citeseer,gcn,12347,70.19231414794922,66.10577392578125
f1_acada23d96f4d7b1,1,citeseer,gcn,12348,68.87019348144531,68.5096206665039
f1_acada23d96f4d7b1,1,citeseer,gcn,12349,66.10577392578125,67.1875
f1_acada23d96f4d7b1,1,citeseer,gcn,12350,66.8269271850586,67.78846740722656
f1_acada23d96f4d7b1,1,citeseer,gcn,12351,68.87019348144531,66.58654022216797
f1_acada23d96f4d7b1,1,citeseer,gcn,12352,66.70673370361328,65.02404022216797
f1_acada23d96f4d7b1,1,citeseer,gcn,12353,71.75481414794922,68.75
f1_acada23d96f4d7b1,1,citeseer,gcn,12354,62.139427185058594,64.66346740722656
f1_04fc3cec3fcfe7dc,1,cora,gcn,12345,77.2525863647461,79.911376953125
f1_04fc3cec3fcfe7dc,1,cora,gcn,12346,82.57015991210938,81.09305572509766
f1_04fc3cec3fcfe7dc,1,cora,gcn,12347,80.20679473876953,79.17282104492188
f1_04fc3cec3fcfe7dc,1,cora,gcn,12348,79.4682388305664,80.05908203125
f1_04fc3cec3fcfe7dc,1,cora,gcn,12349,79.17282104492188,76.80945587158203
f1_04fc3cec3fcfe7dc,1,cora,gcn,12350,79.02510833740234,76.80945587158203
f1_04fc3cec3fcfe7dc,1,cora,gcn,12351,80.6499252319336,79.76366424560547
f1_04fc3cec3fcfe7dc,1,cora,gcn,12352,79.911376953125,79.02510833740234
f1_04fc3cec3fcfe7dc,1,cora,gcn,12353,77.99113464355469,79.4682388305664
f1_04fc3cec3fcfe7dc,1,cora,gcn,12354,77.69571685791016,79.4682388305664
f1_9a962b7d06e2c1b7,1,cora,gcn,12345,77.2525863647461,80.20679473876953
f1_9a962b7d06e2c1b7,1,cora,gcn,12346,82.57015991210938,81.09305572509766
f1_9a962b7d06e2c1b7,1,cora,gcn,12347,79.911376953125,79.76366424560547
f1_9a962b7d06e2c1b7,1,cora,gcn,12348,79.61595153808594,81.53618621826172
f1_9a962b7d06e2c1b7,1,cora,gcn,12349,79.17282104492188,77.10487365722656
f1_9a962b7d06e2c1b7,1,cora,gcn,12350,78.87740325927734,77.69571685791016
f1_9a962b7d06e2c1b7,1,cora,gcn,12351,79.911376953125,79.4682388305664
f1_9a962b7d06e2c1b7,1,cora,gcn,12352,80.35450744628906,79.76366424560547
f1_9a962b7d06e2c1b7,1,cora,gcn,12353,78.87740325927734,79.76366424560547
f1_9a962b7d06e2c1b7,1,cora,gcn,12354,77.69571685791016,80.35450744628906
f1_1615c095370576e2,1,cora,gcn,12345,77.2525863647461,78.13884735107422
f1_1615c095370576e2,1,cora,gcn,12346,80.50221252441406,80.94534301757812
f1_1615c095370576e2,1,cora,gcn,12347,81.53618621826172,80.20679473876953
f1_1615c095370576e2,1,cora,gcn,12348,77.99113464355469,77.69571685791016
f1_1615c095370576e2,1,cora,gcn,12349,80.94534301757812,79.17282104492188
f1_1615c095370576e2,1,cora,gcn,12350,79.17282104492188,75.77548217773438
f1_1615c095370576e2,1,cora,gcn,12351,79.76366424560547,79.61595153808594
f1_1615c095370576e2,1,cora,gcn,12352,78.13884735107422,80.05908203125
f1_1615c095370576e2,1,cora,gcn,12353,72.82127380371094,74.44608306884766
f1_1615c095370576e2,1,cora,gcn,12354,78.58197784423828,80.79763793945312
f1_4f47e5dc63e1727d,1,cora,gcn,12345,82.27474212646484,84.19497680664062
f1_4f47e5dc63e1727d,1,cora,gcn,12346,85.52436828613281,83.60413360595703
f1_4f47e5dc63e1727d,1,cora,gcn,12347,84.19497680664062,83.01329040527344
f1_4f47e5dc63e1727d,1,cora,gcn,12348,86.85376739501953,84.49039459228516
f1_4f47e5dc63e1727d,1,cora,gcn,12349,84.0472640991211,82.27474212646484
f1_4f47e5dc63e1727d,1,cora,gcn,12350,82.57015991210938,81.97931671142578
f1_4f47e5dc63e1727d,1,cora,gcn,12351,83.16100311279297,82.7178726196289
f1_4f47e5dc63e1727d,1,cora,gcn,12352,84.63810729980469,83.3087158203125
f1_4f47e5dc63e1727d,1,cora,gcn,12353,83.3087158203125,83.75184631347656
f1_4f47e5dc63e1727d,1,cora,gcn,12354,85.37666320800781,86.26292419433594
f1_7b1a9b713d869a93,1,cora,gcn,12345,83.01329040527344,84.78582000732422
f1_7b1a9b713d869a93,1,cora,gcn,12346,86.41063690185547,84.63810729980469
f1_7b1a9b713d869a93,1,cora,gcn,12347,84.34268951416016,83.3087158203125
f1_7b1a9b713d869a93,1,cora,gcn,12348,86.55834197998047,85.81979370117188
f1_7b1a9b713d869a93,1,cora,gcn,12349,84.78582000732422,84.34268951416016
f1_7b1a9b713d869a93,1,cora,gcn,12350,82.7178726196289,83.16100311279297
f1_7b1a9b713d869a93,1,cora,gcn,12351,84.93353271484375,84.49039459228516
f1_7b1a9b713d869a93,1,cora,gcn,12352,84.78582000732422,85.81979370117188
f1_7b1a9b713d869a93,1,cora,gcn,12353,83.75184631347656,85.08123779296875
f1_7b1a9b713d869a93,1,cora,gcn,12354,85.22895050048828,86.55834197998047
f1_e65e2149af86a0c9,1,cora,gcn,12345,82.42245483398438,85.22895050048828
f1_e65e2149af86a0c9,1,cora,gcn,12346,85.08123779296875,83.8995590209961
f1_e65e2149af86a0c9,1,cora,gcn,12347,84.19497680664062,83.4564208984375
f1_e65e2149af86a0c9,1,cora,gcn,12348,87.00147247314453,85.08123779296875
f1_e65e2149af86a0c9,1,cora,gcn,12349,84.93353271484375,84.34268951416016
f1_e65e2149af86a0c9,1,cora,gcn,12350,82.86558532714844,83.01329040527344
f1_e65e2149af86a0c9,1,cora,gcn,12351,85.08123779296875,84.63810729980469
f1_e65e2149af86a0c9,1,cora,gcn,12352,84.63810729980469,86.1152114868164
f1_e65e2149af86a0c9,1,cora,gcn,12353,83.75184631347656,86.26292419433594
f1_e65e2149af86a0c9,1,cora,gcn,12354,84.93353271484375,86.85376739501953
f1_4b7138e2168beae4,1,cora,gcn,12345,83.60413360595703,84.93353271484375
f1_4b7138e2168beae4,1,cora,gcn,12346,85.81979370117188,83.60413360595703
f1_4b7138e2168beae4,1,cora,gcn,12347,85.52436828613281,85.96749877929688
f1_4b7138e2168beae4,1,cora,gcn,12348,87.14918518066406,85.37666320800781
f1_4b7138e2168beae4,1,cora,gcn,12349,84.93353271484375,83.16100311279297
f1_4b7138e2168beae4,1,cora,gcn,12350,83.4564208984375,83.16100311279297
f1_4b7138e2168beae4,1,cora,gcn,12351,85.08123779296875,84.34268951416016
f1_4b7138e2168beae4,1,cora,gcn,12352,85.22895050048828,86.41063690185547
f1_4b7138e2168beae4,1,cora,gcn,12353,84.63810729980469,86.1152114868164
f1_4b7138e2168beae4,1,cora,gcn,12354,84.34268951416016,85.81979370117188
f1_cfd4c5a7d0fffd77,1,cora,gcn,12345,83.01329040527344,83.3087158203125
f1_cfd4c5a7d0fffd77,1,cora,gcn,12346,86.7060546875,84.63810729980469
f1_cfd4c5a7d0fffd77,1,cora,gcn,12347,85.22895050048828,84.93353271484375
f1_cfd4c5a7d0fffd77,1,cora,gcn,12348,86.7060546875,85.08123779296875
f1_cfd4c5a7d0fffd77,1,cora,gcn,12349,86.41063690185547,83.3087158203125
f1_cfd4c5a7d0fffd77,1,cora,gcn,12350,83.75184631347656,82.42245483398438
f1_cfd4c5a7d0fffd77,1,cora,gcn,12351,85.22895050048828,83.8995590209961
f1_cfd4c5a7d0fffd77,1,cora,gcn,12352,85.37666320800781,86.26292419433594
f1_cfd4c5a7d0fffd77,1,cora,gcn,12353,84.49039459228516,85.96749877929688
f1_cfd4c5a7d0fffd77,1,cora,gcn,12354,83.8995590209961,85.81979370117188
f1_ff5ded8bb1e8421e,1,cora,gcn,12345,82.57015991210938,84.63810729980469
f1_ff5ded8bb1e8421e,1,cora,gcn,12346,86.26292419433594,84.78582000732422
f1_ff5ded8bb1e8421e,1,cora,gcn,12347,85.22895050048828,83.8995590209961
f1_ff5ded8bb1e8421e,1,cora,gcn,12348,86.85376739501953,84.63810729980469
f1_ff5ded8bb1e8421e,1,cora,gcn,12349,85.22895050048828,84.34268951416016
f1_ff5ded8bb1e8421e,1,cora,gcn,12350,83.4564208984375,84.34268951416016
f1_ff5ded8bb1e8421e,1,cora,gcn,12351,85.22895050048828,84.34268951416016
f1_ff5ded8bb1e8421e,1,cora,gcn,12352,84.63810729980469,85.81979370117188
f1_ff5ded8bb1e8421e,1,cora,gcn,12353,83.75184631347656,84.78582000732422
f1_ff5ded8bb1e8421e,1,cora,gcn,12354,84.19497680664062,86.41063690185547
f1_a1ad71b96f8d9ed0,1,cora,gcn,12345,82.57015991210938,84.78582000732422
f1_a1ad71b96f8d9ed0,1,cora,gcn,12346,85.52436828613281,84.63810729980469
f1_a1ad71b96f8d9ed0,1,cora,gcn,12347,84.63810729980469,83.8995590209961
f1_a1ad71b96f8d9ed0,1,cora,gcn,12348,86.7060546875,85.22895050048828
f1_a1ad71b96f8d9ed0,1,cora,gcn,12349,84.93353271484375,83.60413360595703
f1_a1ad71b96f8d9ed0,1,cora,gcn,12350,82.57015991210938,83.01329040527344
f1_a1ad71b96f8d9ed0,1,cora,gcn,12351,83.8995590209961,83.75184631347656
f1_a1ad71b96f8d9ed0,1,cora,gcn,12352,84.93353271484375,85.81979370117188
f1_a1ad71b96f8d9ed0,1,cora,gcn,12353,83.16100311279297,85.37666320800781
f1_a1ad71b96f8d9ed0,1,cora,gcn,12354,85.37666320800781,86.7060546875
f1_75ab941b5a976a7e,1,facebook,gcn,12345,91.86543273925781,90.90423583984375
f1_75ab941b5a976a7e,1,facebook,gcn,12346,92.025634765625,92.11463165283203
f1_75ab941b5a976a7e,1,facebook,gcn,12347,91.99002838134766,91.72303009033203
f1_75ab941b5a976a7e,1,facebook,gcn,12348,91.90103149414062,91.8476333618164
f1_75ab941b5a976a7e,1,facebook,gcn,12349,91.52723693847656,92.32823181152344
f1_75ab941b5a976a7e,1,facebook,gcn,12350,92.96903228759766,91.74083709716797
f1_75ab941b5a976a7e,1,facebook,gcn,12351,91.50942993164062,91.8476333618164
f1_75ab941b5a976a7e,1,facebook,gcn,12352,91.88323211669922,91.06443786621094
f1_75ab941b5a976a7e,1,facebook,gcn,12353,92.07903289794922,91.31363677978516
f1_75ab941b5a976a7e,1,facebook,gcn,12354,91.95443725585938,91.13563537597656
f1_f9aa825301500c1e,1,facebook,gcn,12345,91.88323211669922,90.81523895263672
f1_f9aa825301500c1e,1,facebook,gcn,12346,92.06123352050781,92.04342651367188
f1_f9aa825301500c1e,1,facebook,gcn,12347,91.97222900390625,91.66963195800781
f1_f9aa825301500c1e,1,facebook,gcn,12348,91.95443725585938,91.40263366699219
f1_f9aa825301500c1e,1,facebook,gcn,12349,91.40263366699219,92.3104248046875
f1_f9aa825301500c1e,1,facebook,gcn,12350,93.04022979736328,91.74083709716797
f1_f9aa825301500c1e,1,facebook,gcn,12351,91.6162338256836,91.97222900390625
f1_f9aa825301500c1e,1,facebook,gcn,12352,91.86543273925781,91.4560317993164
f1_f9aa825301500c1e,1,facebook,gcn,12353,92.13243103027344,91.38483428955078
f1_f9aa825301500c1e,1,facebook,gcn,12354,91.91883087158203,91.49163055419922
f1_a3fc71a0f89f205e,1,facebook,gcn,12345,92.06123352050781,91.33143615722656
f1_a3fc71a0f89f205e,1,facebook,gcn,12346,92.29263305664062,92.54183197021484
f1_a3fc71a0f89f205e,1,facebook,gcn,12347,92.221435546875,91.8120346069336
f1_a3fc71a0f89f205e,1,facebook,gcn,12348,92.13243103027344,91.54503631591797
f1_a3fc71a0f89f205e,1,facebook,gcn,12349,91.34923553466797,92.06123352050781
f1_a3fc71a0f89f205e,1,facebook,gcn,12350,93.14702606201172,91.52723693847656
f1_a3fc71a0f89f205e,1,facebook,gcn,12351,91.50942993164062,92.09683227539062
f1_a3fc71a0f89f205e,1,facebook,gcn,12352,91.8120346069336,90.99324035644531
f1_a3fc71a0f89f205e,1,facebook,gcn,12353,91.97222900390625,91.34923553466797
f1_a3fc71a0f89f205e,1,facebook,gcn,12354,92.4350357055664,91.31363677978516
f1_5d80f4df7d55b01a,1,facebook,gcn,12345,94.03702545166016,93.69882202148438
f1_5d80f4df7d55b01a,1,facebook,gcn,12346,94.16162109375,93.44963073730469
f1_5d80f4df7d55b01a,1,facebook,gcn,12347,94.19722747802734,93.44963073730469
f1_5d80f4df7d55b01a,1,facebook,gcn,12348,93.55642700195312,93.73442840576172
f1_5d80f4df7d55b01a,1,facebook,gcn,12349,93.52082824707031,93.77002716064453
f1_5d80f4df7d55b01a,1,facebook,gcn,12350,94.80242156982422,93.20042419433594
f1_5d80f4df7d55b01a,1,facebook,gcn,12351,93.27162170410156,93.25382995605469
f1_5d80f4df7d55b01a,1,facebook,gcn,12352,93.53862762451172,93.04022979736328
f1_5d80f4df7d55b01a,1,facebook,gcn,12353,93.62762451171875,93.55642700195312
f1_5d80f4df7d55b01a,1,facebook,gcn,12354,93.80562591552734,93.34282684326172
f1_14072aa467839be6,1,facebook,gcn,12345,93.9658203125,93.6632308959961
f1_14072aa467839be6,1,facebook,gcn,12346,94.07262420654297,93.48522186279297
f1_14072aa467839be6,1,facebook,gcn,12347,94.21502685546875,93.73442840576172
f1_14072aa467839be6,1,facebook,gcn,12348,93.52082824707031,94.26842498779297
f1_14072aa467839be6,1,facebook,gcn,12349,93.69882202148438,93.62762451171875
f1_14072aa467839be6,1,facebook,gcn,12350,94.82022094726562,93.5030288696289
f1_14072aa467839be6,1,facebook,gcn,12351,93.32502746582031,93.37842559814453
f1_14072aa467839be6,1,facebook,gcn,12352,93.9658203125,93.27162170410156
f1_14072aa467839be6,1,facebook,gcn,12353,94.05482482910156,93.87682342529297
f1_14072aa467839be6,1,facebook,gcn,12354,93.98362731933594,93.93022918701172
f1_e2b7c43f96c0f962,1,facebook,gcn,12345,94.25062561035156,93.34282684326172
f1_e2b7c43f96c0f962,1,facebook,gcn,12346,93.9480209350586,93.34282684326172
f1_e2b7c43f96c0f962,1,facebook,gcn,12347,93.82342529296875,93.21822357177734
f1_e2b7c43f96c0f962,1,facebook,gcn,12348,93.36062622070312,93.20042419433594
f1_e2b7c43f96c0f962,1,facebook,gcn,12349,93.64542388916016,93.36062622070312
f1_e2b7c43f96c0f962,1,facebook,gcn,12350,94.10822296142578,92.7198257446289
f1_e2b7c43f96c0f962,1,facebook,gcn,12351,93.18263244628906,93.36062622070312
f1_e2b7c43f96c0f962,1,facebook,gcn,12352,93.23603057861328,92.45282745361328
f1_e2b7c43f96c0f962,1,facebook,gcn,12353,93.69882202148438,93.2894287109375
f1_e2b7c43f96c0f962,1,facebook,gcn,12354,93.85902404785156,92.98683166503906
f1_8f30384b80873a66,1,facebook,gcn,12345,94.10822296142578,93.60982513427734
f1_8f30384b80873a66,1,facebook,gcn,12346,94.05482482910156,93.5030288696289
f1_8f30384b80873a66,1,facebook,gcn,12347,94.48202514648438,93.48522186279297
f1_8f30384b80873a66,1,facebook,gcn,12348,93.78782653808594,94.01922607421875
f1_8f30384b80873a66,1,facebook,gcn,12349,93.2894287109375,93.48522186279297
f1_8f30384b80873a66,1,facebook,gcn,12350,94.7490234375,93.3072280883789
f1_8f30384b80873a66,1,facebook,gcn,12351,93.2894287109375,93.53862762451172
f1_8f30384b80873a66,1,facebook,gcn,12352,93.71662902832031,93.23603057861328
f1_8f30384b80873a66,1,facebook,gcn,12353,94.00142669677734,93.98362731933594
f1_8f30384b80873a66,1,facebook,gcn,12354,93.98362731933594,93.46742248535156
f1_a4bd44fefd994729,1,facebook,gcn,12345,94.10822296142578,93.60982513427734
f1_a4bd44fefd994729,1,facebook,gcn,12346,93.9658203125,93.32502746582031
f1_a4bd44fefd994729,1,facebook,gcn,12347,94.46422576904297,93.69882202148438
f1_a4bd44fefd994729,1,facebook,gcn,12348,93.57422637939453,93.80562591552734
f1_a4bd44fefd994729,1,facebook,gcn,12349,93.41402435302734,93.52082824707031
f1_a4bd44fefd994729,1,facebook,gcn,12350,94.25062561035156,92.98683166503906
f1_a4bd44fefd994729,1,facebook,gcn,12351,93.2894287109375,93.37842559814453
f1_a4bd44fefd994729,1,facebook,gcn,12352,93.77002716064453,93.36062622070312
f1_a4bd44fefd994729,1,facebook,gcn,12353,93.93022918701172,93.87682342529297
f1_a4bd44fefd994729,1,facebook,gcn,12354,93.9658203125,93.21822357177734
f1_0d518ea6095b323b,1,facebook,gcn,12345,94.19722747802734,93.78782653808594
f1_0d518ea6095b323b,1,facebook,gcn,12346,94.09042358398438,93.5030288696289
f1_0d518ea6095b323b,1,facebook,gcn,12347,94.10822296142578,93.71662902832031
f1_0d518ea6095b323b,1,facebook,gcn,12348,93.9658203125,94.07262420654297
f1_0d518ea6095b323b,1,facebook,gcn,12349,93.37842559814453,93.78782653808594
f1_0d518ea6095b323b,1,facebook,gcn,12350,94.80242156982422,93.41402435302734
f1_0d518ea6095b323b,1,facebook,gcn,12351,93.2894287109375,93.55642700195312
f1_0d518ea6095b323b,1,facebook,gcn,12352,93.98362731933594,93.36062622070312
f1_0d518ea6095b323b,1,facebook,gcn,12353,94.23281860351562,93.9480209350586
f1_0d518ea6095b323b,1,facebook,gcn,12354,93.77002716064453,93.62762451171875
f1_d684cd5d2fcb0df1,1,facebook,gcn,12345,94.25062561035156,93.93022918701172
f1_d684cd5d2fcb0df1,1,facebook,gcn,12346,94.28622436523438,93.44963073730469
f1_d684cd5d2fcb0df1,1,facebook,gcn,12347,94.30402374267578,93.68102264404297
f1_d684cd5d2fcb0df1,1,facebook,gcn,12348,93.9658203125,94.1794204711914
f1_d684cd5d2fcb0df1,1,facebook,gcn,12349,93.6632308959961,94.10822296142578
f1_d684cd5d2fcb0df1,1,facebook,gcn,12350,94.90921783447266,93.20042419433594
f1_d684cd5d2fcb0df1,1,facebook,gcn,12351,93.41402435302734,93.68102264404297
f1_d684cd5d2fcb0df1,1,facebook,gcn,12352,93.9658203125,93.20042419433594
f1_d684cd5d2fcb0df1,1,facebook,gcn,12353,94.14382934570312,93.6632308959961
f1_d684cd5d2fcb0df1,1,facebook,gcn,12354,93.84122467041016,93.7522201538086
f1_10668f251b0c36ac,1,lastfm,gcn,12345,81.42292785644531,80.35008239746094
f1_10668f251b0c36ac,1,lastfm,gcn,12346,82.21343994140625,82.72162628173828
f1_10668f251b0c36ac,1,lastfm,gcn,12347,84.52851104736328,84.7543716430664
f1_10668f251b0c36ac,1,lastfm,gcn,12348,85.54489135742188,85.60135650634766
f1_10668f251b0c36ac,1,lastfm,gcn,12349,84.35911560058594,80.29361724853516
f1_10668f251b0c36ac,1,lastfm,gcn,12350,82.0440444946289,83.73799896240234
f1_10668f251b0c36ac,1,lastfm,gcn,12351,85.71428680419922,85.770751953125
f1_10668f251b0c36ac,1,lastfm,gcn,12352,85.54489135742188,85.0931625366211
f1_10668f251b0c36ac,1,lastfm,gcn,12353,84.7543716430664,83.90739440917969
f1_10668f251b0c36ac,1,lastfm,gcn,12354,87.12591552734375,83.68153381347656
f1_668b3aac71d54f64,1,lastfm,gcn,12345,81.47938537597656,79.95482635498047
f1_668b3aac71d54f64,1,lastfm,gcn,12346,82.32637023925781,83.00395202636719
f1_668b3aac71d54f64,1,lastfm,gcn,12347,84.7543716430664,84.86730194091797
f1_668b3aac71d54f64,1,lastfm,gcn,12348,85.6578140258789,85.6578140258789
f1_668b3aac71d54f64,1,lastfm,gcn,12349,84.13325500488281,80.7453384399414
f1_668b3aac71d54f64,1,lastfm,gcn,12350,82.72162628173828,83.45567321777344
f1_668b3aac71d54f64,1,lastfm,gcn,12351,85.48841857910156,86.3918685913086
f1_668b3aac71d54f64,1,lastfm,gcn,12352,85.26255798339844,84.69790649414062
f1_668b3aac71d54f64,1,lastfm,gcn,12353,85.0931625366211,83.8509292602539
f1_668b3aac71d54f64,1,lastfm,gcn,12354,86.3918685913086,83.73799896240234
f1_f717d95bc4de8360,1,lastfm,gcn,12345,82.89102172851562,80.51947784423828
f1_f717d95bc4de8360,1,lastfm,gcn,12346,83.17334747314453,83.51213836669922
f1_f717d95bc4de8360,1,lastfm,gcn,12347,84.24618530273438,85.54489135742188
f1_f717d95bc4de8360,1,lastfm,gcn,12348,85.37549591064453,85.54489135742188
f1_f717d95bc4de8360,1,lastfm,gcn,12349,84.24618530273438,82.77809143066406
f1_f717d95bc4de8360,1,lastfm,gcn,12350,81.02767181396484,81.30998992919922
f1_f717d95bc4de8360,1,lastfm,gcn,12351,85.0931625366211,86.05307006835938
f1_f717d95bc4de8360,1,lastfm,gcn,12352,84.92376708984375,84.52851104736328
f1_f717d95bc4de8360,1,lastfm,gcn,12353,84.92376708984375,84.02032470703125
f1_f717d95bc4de8360,1,lastfm,gcn,12354,86.05307006835938,83.96385955810547
f1_b7a51eab428b5060,1,lastfm,gcn,12345,88.70694732666016,86.9565200805664
f1_b7a51eab428b5060,1,lastfm,gcn,12346,87.80349731445312,87.57764434814453
f1_b7a51eab428b5060,1,lastfm,gcn,12347,87.80349731445312,87.80349731445312
f1_b7a51eab428b5060,1,lastfm,gcn,12348,88.42461395263672,88.31168365478516
f1_b7a51eab428b5060,1,lastfm,gcn,12349,88.87633514404297,85.82721710205078
f1_b7a51eab428b5060,1,lastfm,gcn,12350,87.69056701660156,88.5940170288086
f1_b7a51eab428b5060,1,lastfm,gcn,12351,87.23884582519531,87.91642761230469
f1_b7a51eab428b5060,1,lastfm,gcn,12352,87.91642761230469,88.42461395263672
f1_b7a51eab428b5060,1,lastfm,gcn,12353,88.42461395263672,87.40824127197266
f1_b7a51eab428b5060,1,lastfm,gcn,12354,89.1586685180664,86.61772918701172
f1_8e7cc035e366f378,1,lastfm,gcn,12345,88.70694732666016,87.69056701660156
f1_8e7cc035e366f378,1,lastfm,gcn,12346,88.70694732666016,88.76341247558594
f1_8e7cc035e366f378,1,lastfm,gcn,12347,88.25521850585938,88.02935791015625
f1_8e7cc035e366f378,1,lastfm,gcn,12348,88.53755187988281,89.10220336914062
f1_8e7cc035e366f378,1,lastfm,gcn,12349,88.76341247558594,86.56126403808594
f1_8e7cc035e366f378,1,lastfm,gcn,12350,88.14229583740234,88.98927307128906
f1_8e7cc035e366f378,1,lastfm,gcn,12351,87.35177612304688,88.02935791015625
f1_8e7cc035e366f378,1,lastfm,gcn,12352,88.14229583740234,88.14229583740234
f1_8e7cc035e366f378,1,lastfm,gcn,12353,88.31168365478516,87.01298522949219
f1_8e7cc035e366f378,1,lastfm,gcn,12354,89.72332000732422,87.23884582519531
f1_7607dce367c782a4,1,lastfm,gcn,12345,88.98927307128906,87.57764434814453
f1_7607dce367c782a4,1,lastfm,gcn,12346,88.4810791015625,88.08582305908203
f1_7607dce367c782a4,1,lastfm,gcn,12347,88.53755187988281,88.25521850585938
f1_7607dce367c782a4,1,lastfm,gcn,12348,88.5940170288086,88.98927307128906
f1_7607dce367c782a4,1,lastfm,gcn,12349,89.32806396484375,86.44832611083984
f1_7607dce367c782a4,1,lastfm,gcn,12350,87.91642761230469,89.21512603759766
f1_7607dce367c782a4,1,lastfm,gcn,12351,87.80349731445312,88.36815643310547
f1_7607dce367c782a4,1,lastfm,gcn,12352,88.36815643310547,88.53755187988281
f1_7607dce367c782a4,1,lastfm,gcn,12353,88.76341247558594,87.23884582519531
f1_7607dce367c782a4,1,lastfm,gcn,12354,89.66685485839844,87.63410186767578
f1_9d904a85bb43cee6,1,lastfm,gcn,12345,88.76341247558594,87.23884582519531
f1_9d904a85bb43cee6,1,lastfm,gcn,12346,88.65047454833984,88.4810791015625
f1_9d904a85bb43cee6,1,lastfm,gcn,12347,88.4810791015625,88.4810791015625
f1_9d904a85bb43cee6,1,lastfm,gcn,12348,88.25521850585938,88.53755187988281
f1_9d904a85bb43cee6,1,lastfm,gcn,12349,88.81986999511719,86.44832611083984
f1_9d904a85bb43cee6,1,lastfm,gcn,12350,87.74703216552734,88.93280792236328
f1_9d904a85bb43cee6,1,lastfm,gcn,12351,87.91642761230469,88.19876098632812
f1_9d904a85bb43cee6,1,lastfm,gcn,12352,88.19876098632812,88.70694732666016
f1_9d904a85bb43cee6,1,lastfm,gcn,12353,88.19876098632812,86.56126403808594
f1_9d904a85bb43cee6,1,lastfm,gcn,12354,89.66685485839844,87.35177612304688
f1_b0aa6e15e9080775,1,lastfm,gcn,12345,88.93280792236328,87.2953109741211
f1_b0aa6e15e9080775,1,lastfm,gcn,12346,88.70694732666016,88.70694732666016
f1_b0aa6e15e9080775,1,lastfm,gcn,12347,88.5940170288086,87.972900390625
f1_b0aa6e15e9080775,1,lastfm,gcn,12348,88.87633514404297,88.53755187988281
f1_b0aa6e15e9080775,1,lastfm,gcn,12349,89.21512603759766,86.3918685913086
f1_b0aa6e15e9080775,1,lastfm,gcn,12350,88.08582305908203,88.70694732666016
f1_b0aa6e15e9080775,1,lastfm,gcn,12351,87.69056701660156,88.36815643310547
f1_b0aa6e15e9080775,1,lastfm,gcn,12352,88.25521850585938,88.5940170288086
f1_b0aa6e15e9080775,1,lastfm,gcn,12353,88.70694732666016,87.80349731445312
f1_b0aa6e15e9080775,1,lastfm,gcn,12354,89.89271545410156,87.40824127197266
f1_a2df07e2394f65db,1,lastfm,gcn,12345,88.53755187988281,87.35177612304688
f1_a2df07e2394f65db,1,lastfm,gcn,12346,88.81986999511719,88.81986999511719
f1_a2df07e2394f65db,1,lastfm,gcn,12347,88.53755187988281,88.08582305908203
f1_a2df07e2394f65db,1,lastfm,gcn,12348,88.31168365478516,88.36815643310547
f1_a2df07e2394f65db,1,lastfm,gcn,12349,88.93280792236328,86.44832611083984
f1_a2df07e2394f65db,1,lastfm,gcn,12350,87.8599624633789,88.76341247558594
f1_a2df07e2394f65db,1,lastfm,gcn,12351,87.18238067626953,88.36815643310547
f1_a2df07e2394f65db,1,lastfm,gcn,12352,88.02935791015625,88.65047454833984
f1_a2df07e2394f65db,1,lastfm,gcn,12353,88.70694732666016,87.12591552734375
f1_a2df07e2394f65db,1,lastfm,gcn,12354,89.66685485839844,87.46470642089844
f1_b9f1ea4e978d2156,1,lastfm,gcn,12345,88.65047454833984,87.06945037841797
f1_b9f1ea4e978d2156,1,lastfm,gcn,12346,88.14229583740234,88.02935791015625
f1_b9f1ea4e978d2156,1,lastfm,gcn,12347,87.972900390625,88.14229583740234
f1_b9f1ea4e978d2156,1,lastfm,gcn,12348,88.02935791015625,88.53755187988281
f1_b9f1ea4e978d2156,1,lastfm,gcn,12349,88.81986999511719,87.23884582519531
f1_b9f1ea4e978d2156,1,lastfm,gcn,12350,87.52117156982422,88.76341247558594
f1_b9f1ea4e978d2156,1,lastfm,gcn,12351,86.9565200805664,87.74703216552734
f1_b9f1ea4e978d2156,1,lastfm,gcn,12352,87.8599624633789,88.19876098632812
f1_b9f1ea4e978d2156,1,lastfm,gcn,12353,87.69056701660156,86.73065948486328
f1_b9f1ea4e978d2156,1,lastfm,gcn,12354,89.38452911376953,86.44832611083984
f1_d42210ee4c6b294b,1,citeseer,gcn,12345,66.10577392578125,64.0625
f1_d42210ee4c6b294b,1,citeseer,gcn,12346,64.78365325927734,64.90384674072266
f1_d42210ee4c6b294b,1,citeseer,gcn,12347,65.50480651855469,63.1009635925293
f1_d42210ee4c6b294b,1,citeseer,gcn,12348,61.5384635925293,61.77885055541992
f1_d42210ee4c6b294b,1,citeseer,gcn,12349,64.78365325927734,63.46154022216797
f1_d42210ee4c6b294b,1,citeseer,gcn,12350,64.18269348144531,63.46154022216797
f1_d42210ee4c6b294b,1,citeseer,gcn,12351,65.02404022216797,64.54327392578125
f1_d42210ee4c6b294b,1,citeseer,gcn,12352,66.70673370361328,65.50480651855469
f1_d42210ee4c6b294b,1,citeseer,gcn,12353,67.06730651855469,62.740386962890625
f1_d42210ee4c6b294b,1,citeseer,gcn,12354,63.34135055541992,63.34135055541992
f1_6ff3967f36792e4b,1,citeseer,gcn,12345,66.9471206665039,63.94230651855469
f1_6ff3967f36792e4b,1,citeseer,gcn,12346,64.90384674072266,64.66346740722656
f1_6ff3967f36792e4b,1,citeseer,gcn,12347,65.2644271850586,62.62019348144531
f1_6ff3967f36792e4b,1,citeseer,gcn,12348,61.5384635925293,62.62019348144531
f1_6ff3967f36792e4b,1,citeseer,gcn,12349,64.66346740722656,63.34135055541992
f1_6ff3967f36792e4b,1,citeseer,gcn,12350,63.822120666503906,64.30288696289062
f1_6ff3967f36792e4b,1,citeseer,gcn,12351,64.66346740722656,64.66346740722656
f1_6ff3967f36792e4b,1,citeseer,gcn,12352,66.70673370361328,63.94230651855469
f1_6ff3967f36792e4b,1,citeseer,gcn,12353,67.30769348144531,63.22115707397461
f1_6ff3967f36792e4b,1,citeseer,gcn,12354,63.22115707397461,62.980770111083984
f1_e37fcf0e52ae5288,1,citeseer,gcn,12345,66.58654022216797,64.0625
f1_e37fcf0e52ae5288,1,citeseer,gcn,12346,65.3846206665039,65.3846206665039
f1_e37fcf0e52ae5288,1,citeseer,gcn,12347,65.74519348144531,63.822120666503906
f1_e37fcf0e52ae5288,1,citeseer,gcn,12348,62.259620666503906,63.1009635925293
f1_e37fcf0e52ae5288,1,citeseer,gcn,12349,64.30288696289062,64.30288696289062
f1_e37fcf0e52ae5288,1,citeseer,gcn,12350,63.58173370361328,63.701927185058594
f1_e37fcf0e52ae5288,1,citeseer,gcn,12351,65.3846206665039,65.86538696289062
f1_e37fcf0e52ae5288,1,citeseer,gcn,12352,67.06730651855469,64.0625
f1_e37fcf0e52ae5288,1,citeseer,gcn,12353,67.30769348144531,62.5
f1_e37fcf0e52ae5288,1,citeseer,gcn,12354,63.1009635925293,64.42308044433594
f1_54e7961fdbdaa341,1,citeseer,gcn,12345,68.26923370361328,68.5096206665039
f1_54e7961fdbdaa341,1,citeseer,gcn,12346,63.701927185058594,64.18269348144531
f1_54e7961fdbdaa341,1,citeseer,gcn,12347,69.23077392578125,66.70673370361328
f1_54e7961fdbdaa341,1,citeseer,gcn,12348,67.1875,68.5096206665039
f1_54e7961fdbdaa341,1,citeseer,gcn,12349,67.30769348144531,68.87019348144531
f1_54e7961fdbdaa341,1,citeseer,gcn,12350,66.70673370361328,67.78846740722656
f1_54e7961fdbdaa341,1,citeseer,gcn,12351,66.58654022216797,66.10577392578125
f1_54e7961fdbdaa341,1,citeseer,gcn,12352,70.0721206665039,67.54808044433594
f1_54e7961fdbdaa341,1,citeseer,gcn,12353,71.03365325927734,68.75
f1_54e7961fdbdaa341,1,citeseer,gcn,12354,67.06730651855469,68.62981414794922
f1_493237947ef30fe0,1,citeseer,gcn,12345,68.99038696289062,68.99038696289062
f1_493237947ef30fe0,1,citeseer,gcn,12346,68.5096206665039,67.30769348144531
f1_493237947ef30fe0,1,citeseer,gcn,12347,71.15384674072266,67.06730651855469
f1_493237947ef30fe0,1,citeseer,gcn,12348,68.87019348144531,68.14904022216797
f1_493237947ef30fe0,1,citeseer,gcn,12349,68.02884674072266,68.62981414794922
f1_493237947ef30fe0,1,citeseer,gcn,12350,67.90865325927734,67.06730651855469
f1_493237947ef30fe0,1,citeseer,gcn,12351,69.83173370361328,67.30769348144531
f1_493237947ef30fe0,1,citeseer,gcn,12352,70.79327392578125,67.66827392578125
f1_493237947ef30fe0,1,citeseer,gcn,12353,71.27404022216797,68.3894271850586
f1_493237947ef30fe0,1,citeseer,gcn,12354,60.576927185058594,62.62019348144531
f1_0046bdd9b2c02d43,1,citeseer,gcn,12345,68.99038696289062,68.02884674072266
f1_0046bdd9b2c02d43,1,citeseer,gcn,12346,68.87019348144531,65.98558044433594
f1_0046bdd9b2c02d43,1,citeseer,gcn,12347,70.0721206665039,65.86538696289062
f1_0046bdd9b2c02d43,1,citeseer,gcn,12348,67.30769348144531,69.35096740722656
f1_0046bdd9b2c02d43,1,citeseer,gcn,12349,67.1875,68.14904022216797
f1_0046bdd9b2c02d43,1,citeseer,gcn,12350,66.8269271850586,67.54808044433594
f1_0046bdd9b2c02d43,1,citeseer,gcn,12351,69.9519271850586,65.50480651855469
f1_0046bdd9b2c02d43,1,citeseer,gcn,12352,69.9519271850586,66.70673370361328
f1_0046bdd9b2c02d43,1,citeseer,gcn,12353,70.91346740722656,67.78846740722656
f1_0046bdd9b2c02d43,1,citeseer,gcn,12354,67.90865325927734,67.78846740722656
f1_ea813b1b4059a38b,1,citeseer,gcn,12345,69.23077392578125,69.47115325927734
f1_ea813b1b4059a38b,1,citeseer,gcn,12346,68.75,67.1875
f1_ea813b1b4059a38b,1,citeseer,gcn,12347,64.30288696289062,62.740386962890625
f1_ea813b1b4059a38b,1,citeseer,gcn,12348,67.78846740722656,69.23077392578125
f1_ea813b1b4059a38b,1,citeseer,gcn,12349,67.1875,68.3894271850586
f1_ea813b1b4059a38b,1,citeseer,gcn,12350,67.1875,66.58654022216797
f1_ea813b1b4059a38b,1,citeseer,gcn,12351,69.47115325927734,66.9471206665039
f1_ea813b1b4059a38b,1,citeseer,gcn,12352,71.75481414794922,67.54808044433594
f1_ea813b1b4059a38b,1,citeseer,gcn,12353,71.6346206665039,69.11058044433594
f1_ea813b1b4059a38b,1,citeseer,gcn,12354,67.90865325927734,67.90865325927734
f1_126dde93ee46cf85,1,citeseer,gcn,12345,68.87019348144531,68.87019348144531
f1_126dde93ee46cf85,1,citeseer,gcn,12346,69.23077392578125,67.1875
f1_126dde93ee46cf85,1,citeseer,gcn,12347,69.35096740722656,65.3846206665039
f1_126dde93ee46cf85,1,citeseer,gcn,12348,67.78846740722656,67.90865325927734
f1_126dde93ee46cf85,1,citeseer,gcn,12349,66.46634674072266,67.78846740722656
f1_126dde93ee46cf85,1,citeseer,gcn,12350,66.34615325927734,67.42788696289062
f1_126dde93ee46cf85,1,citeseer,gcn,12351,69.71154022216797,66.22596740722656
f1_126dde93ee46cf85,1,citeseer,gcn,12352,67.42788696289062,64.30288696289062
f1_126dde93ee46cf85,1,citeseer,gcn,12353,71.39423370361328,69.83173370361328
f1_126dde93ee46cf85,1,citeseer,gcn,12354,67.1875,68.26923370361328
f1_f083ce7041ad705b,1,citeseer,gcn,12345,69.35096740722656,69.71154022216797
f1_f083ce7041ad705b,1,citeseer,gcn,12346,64.78365325927734,62.37980651855469
f1_f083ce7041ad705b,1,citeseer,gcn,12347,68.14904022216797,64.54327392578125
f1_f083ce7041ad705b,1,citeseer,gcn,12348,68.5096206665039,68.3894271850586
f1_f083ce7041ad705b,1,citeseer,gcn,12349,66.8269271850586,68.87019348144531
f1_f083ce7041ad705b,1,citeseer,gcn,12350,67.1875,67.42788696289062
f1_f083ce7041ad705b,1,citeseer,gcn,12351,65.50480651855469,65.98558044433594
f1_f083ce7041ad705b,1,citeseer,gcn,12352,67.66827392578125,65.02404022216797
f1_f083ce7041ad705b,1,citeseer,gcn,12353,71.27404022216797,69.35096740722656
f1_f083ce7041ad705b,1,citeseer,gcn,12354,62.980770111083984,66.70673370361328
f1_5176a9b6632ae96e,1,citeseer,gcn,12345,69.35096740722656,68.62981414794922
f1_5176a9b6632ae96e,1,citeseer,gcn,12346,68.3894271850586,65.14423370361328
f1_5176a9b6632ae96e,1,citeseer,gcn,12347,69.71154022216797,65.74519348144531
f1_5176a9b6632ae96e,1,citeseer,gcn,12348,69.47115325927734,68.3894271850586
f1_5176a9b6632ae96e,1,citeseer,gcn,12349,66.46634674072266,67.54808044433594
f1_5176a9b6632ae96e,1,citeseer,gcn,12350,66.58654022216797,67.06730651855469
f1_5176a9b6632ae96e,1,citeseer,gcn,12351,69.59134674072266,66.58654022216797
f1_5176a9b6632ae96e,1,citeseer,gcn,12352,65.86538696289062,65.50480651855469
f1_5176a9b6632ae96e,1,citeseer,gcn,12353,66.8269271850586,66.34615325927734
f1_5176a9b6632ae96e,1,citeseer,gcn,12354,68.02884674072266,69.11058044433594
f1_2ec11ef5246acf76,1,cora,gcn,12345,77.4002914428711,79.02510833740234
f1_2ec11ef5246acf76,1,cora,gcn,12346,81.24076843261719,77.99113464355469
f1_2ec11ef5246acf76,1,cora,gcn,12347,80.50221252441406,80.50221252441406
f1_2ec11ef5246acf76,1,cora,gcn,12348,76.95716094970703,75.18463897705078
f1_2ec11ef5246acf76,1,cora,gcn,12349,75.92318725585938,73.70753479003906
f1_2ec11ef5246acf76,1,cora,gcn,12350,79.4682388305664,78.58197784423828
f1_2ec11ef5246acf76,1,cora,gcn,12351,79.02510833740234,81.24076843261719
f1_2ec11ef5246acf76,1,cora,gcn,12352,80.94534301757812,81.38848114013672
f1_2ec11ef5246acf76,1,cora,gcn,12353,74.88921356201172,77.69571685791016
f1_2ec11ef5246acf76,1,cora,gcn,12354,77.69571685791016,81.24076843261719
f1_cfd94b1473c6d9de,1,cora,gcn,12345,78.28656005859375,77.69571685791016
f1_cfd94b1473c6d9de,1,cora,gcn,12346,80.6499252319336,79.02510833740234
f1_cfd94b1473c6d9de,1,cora,gcn,12347,79.61595153808594,80.20679473876953
f1_cfd94b1473c6d9de,1,cora,gcn,12348,77.99113464355469,78.13884735107422
f1_cfd94b1473c6d9de,1,cora,gcn,12349,74.44608306884766,76.36632537841797
f1_cfd94b1473c6d9de,1,cora,gcn,12350,79.911376953125,80.20679473876953
f1_cfd94b1473c6d9de,1,cora,gcn,12351,78.13884735107422,78.58197784423828
f1_cfd94b1473c6d9de,1,cora,gcn,12352,80.79763793945312,80.20679473876953
f1_cfd94b1473c6d9de,1,cora,gcn,12353,75.92318725585938,77.99113464355469
f1_cfd94b1473c6d9de,1,cora,gcn,12354,77.4002914428711,81.53618621826172
f1_869a7a1013e2a9d3,1,cora,gcn,12345,78.28656005859375,78.13884735107422
f1_869a7a1013e2a9d3,1,cora,gcn,12346,82.12702941894531,80.35450744628906
f1_869a7a1013e2a9d3,1,cora,gcn,12347,82.86558532714844,80.05908203125
f1_869a7a1013e2a9d3,1,cora,gcn,12348,80.05908203125,79.911376953125
f1_869a7a1013e2a9d3,1,cora,gcn,12349,76.21861267089844,74.0029525756836
f1_869a7a1013e2a9d3,1,cora,gcn,12350,79.61595153808594,78.43426513671875
f1_869a7a1013e2a9d3,1,cora,gcn,12351,77.4002914428711,79.02510833740234
f1_869a7a1013e2a9d3,1,cora,gcn,12352,80.35450744628906,80.6499252319336
f1_869a7a1013e2a9d3,1,cora,gcn,12353,75.03692626953125,75.77548217773438
f1_869a7a1013e2a9d3,1,cora,gcn,12354,77.4002914428711,81.09305572509766
f1_a79f6ffb9dc2cae3,1,cora,gcn,12345,82.42245483398438,84.63810729980469
f1_a79f6ffb9dc2cae3,1,cora,gcn,12346,85.67208099365234,84.34268951416016
f1_a79f6ffb9dc2cae3,1,cora,gcn,12347,85.22895050048828,85.52436828613281
f1_a79f6ffb9dc2cae3,1,cora,gcn,12348,87.88774108886719,84.19497680664062
f1_a79f6ffb9dc2cae3,1,cora,gcn,12349,84.34268951416016,82.86558532714844
f1_a79f6ffb9dc2cae3,1,cora,gcn,12350,84.0472640991211,82.57015991210938
f1_a79f6ffb9dc2cae3,1,cora,gcn,12351,84.93353271484375,84.19497680664062
f1_a79f6ffb9dc2cae3,1,cora,gcn,12352,84.63810729980469,86.85376739501953
f1_a79f6ffb9dc2cae3,1,cora,gcn,12353,84.93353271484375,83.60413360595703
f1_a79f6ffb9dc2cae3,1,cora,gcn,12354,84.63810729980469,84.93353271484375
f1_086db22fbf429f3e,1,cora,gcn,12345,82.7178726196289,83.75184631347656
f1_086db22fbf429f3e,1,cora,gcn,12346,86.26292419433594,84.78582000732422
f1_086db22fbf429f3e,1,cora,gcn,12347,84.49039459228516,82.86558532714844
f1_086db22fbf429f3e,1,cora,gcn,12348,86.85376739501953,84.93353271484375
f1_086db22fbf429f3e,1,cora,gcn,12349,84.19497680664062,81.97931671142578
f1_086db22fbf429f3e,1,cora,gcn,12350,83.4564208984375,81.38848114013672
f1_086db22fbf429f3e,1,cora,gcn,12351,83.8995590209961,84.0472640991211
f1_086db22fbf429f3e,1,cora,gcn,12352,84.34268951416016,84.34268951416016
f1_086db22fbf429f3e,1,cora,gcn,12353,83.01329040527344,84.34268951416016
f1_086db22fbf429f3e,1,cora,gcn,12354,84.78582000732422,84.93353271484375
f1_d3e3f9e7349817cf,1,cora,gcn,12345,82.86558532714844,83.8995590209961
f1_d3e3f9e7349817cf,1,cora,gcn,12346,85.81979370117188,84.34268951416016
f1_d3e3f9e7349817cf,1,cora,gcn,12347,85.81979370117188,85.81979370117188
f1_d3e3f9e7349817cf,1,cora,gcn,12348,87.14918518066406,84.19497680664062
f1_d3e3f9e7349817cf,1,cora,gcn,12349,85.67208099365234,84.63810729980469
f1_d3e3f9e7349817cf,1,cora,gcn,12350,83.8995590209961,84.0472640991211
f1_d3e3f9e7349817cf,1,cora,gcn,12351,84.34268951416016,83.16100311279297
f1_d3e3f9e7349817cf,1,cora,gcn,12352,85.08123779296875,85.37666320800781
f1_d3e3f9e7349817cf,1,cora,gcn,12353,84.49039459228516,84.78582000732422
f1_d3e3f9e7349817cf,1,cora,gcn,12354,84.19497680664062,85.67208099365234
f1_55d4e4fef5d5d9c5,1,cora,gcn,12345,83.60413360595703,84.0472640991211
f1_55d4e4fef5d5d9c5,1,cora,gcn,12346,86.55834197998047,84.93353271484375
f1_55d4e4fef5d5d9c5,1,cora,gcn,12347,84.93353271484375,84.93353271484375
f1_55d4e4fef5d5d9c5,1,cora,gcn,12348,87.88774108886719,85.96749877929688
f1_55d4e4fef5d5d9c5,1,cora,gcn,12349,84.93353271484375,83.4564208984375
f1_55d4e4fef5d5d9c5,1,cora,gcn,12350,83.8995590209961,82.7178726196289
f1_55d4e4fef5d5d9c5,1,cora,gcn,12351,84.63810729980469,83.75184631347656
f1_55d4e4fef5d5d9c5,1,cora,gcn,12352,85.08123779296875,84.34268951416016
f1_55d4e4fef5d5d9c5,1,cora,gcn,12353,84.34268951416016,85.08123779296875
f1_55d4e4fef5d5d9c5,1,cora,gcn,12354,84.19497680664062,87.00147247314453
f1_15514f0caadb82f4,1,cora,gcn,12345,82.86558532714844,83.4564208984375
f1_15514f0caadb82f4,1,cora,gcn,12346,85.96749877929688,83.3087158203125
f1_15514f0caadb82f4,1,cora,gcn,12347,84.78582000732422,83.60413360595703
f1_15514f0caadb82f4,1,cora,gcn,12348,86.7060546875,83.75184631347656
f1_15514f0caadb82f4,1,cora,gcn,12349,84.19497680664062,82.57015991210938
f1_15514f0caadb82f4,1,cora,gcn,12350,82.7178726196289,81.83161163330078
f1_15514f0caadb82f4,1,cora,gcn,12351,84.0472640991211,83.01329040527344
f1_15514f0caadb82f4,1,cora,gcn,12352,84.78582000732422,84.19497680664062
f1_15514f0caadb82f4,1,cora,gcn,12353,83.60413360595703,84.93353271484375
f1_15514f0caadb82f4,1,cora,gcn,12354,84.19497680664062,85.67208099365234
f1_c922575777d5b7b3,1,cora,gcn,12345,82.57015991210938,83.01329040527344
f1_c922575777d5b7b3,1,cora,gcn,12346,87.00147247314453,85.52436828613281
f1_c922575777d5b7b3,1,cora,gcn,12347,85.52436828613281,85.08123779296875
f1_c922575777d5b7b3,1,cora,gcn,12348,87.59231567382812,84.49039459228516
f1_c922575777d5b7b3,1,cora,gcn,12349,85.37666320800781,82.86558532714844
f1_c922575777d5b7b3,1,cora,gcn,12350,83.60413360595703,82.57015991210938
f1_c922575777d5b7b3,1,cora,gcn,12351,84.63810729980469,83.8995590209961
f1_c922575777d5b7b3,1,cora,gcn,12352,85.81979370117188,85.52436828613281
f1_c922575777d5b7b3,1,cora,gcn,12353,84.19497680664062,84.78582000732422
f1_c922575777d5b7b3,1,cora,gcn,12354,84.19497680664062,87.00147247314453
f1_65d76d778f416052,1,cora,gcn,12345,82.42245483398438,84.93353271484375
f1_65d76d778f416052,1,cora,gcn,12346,85.81979370117188,84.63810729980469
f1_65d76d778f416052,1,cora,gcn,12347,85.22895050048828,84.93353271484375
f1_65d76d778f416052,1,cora,gcn,12348,86.85376739501953,84.0472640991211
f1_65d76d778f416052,1,cora,gcn,12349,84.63810729980469,83.3087158203125
f1_65d76d778f416052,1,cora,gcn,12350,83.3087158203125,82.86558532714844
f1_65d76d778f416052,1,cora,gcn,12351,83.3087158203125,83.60413360595703
f1_65d76d778f416052,1,cora,gcn,12352,85.22895050048828,85.96749877929688
f1_65d76d778f416052,1,cora,gcn,12353,83.8995590209961,85.67208099365234
f1_65d76d778f416052,1,cora,gcn,12354,84.63810729980469,85.96749877929688
f1_d1ef4f0515c1eb5a,1,facebook,gcn,12345,91.4560317993164,90.9754409790039
f1_d1ef4f0515c1eb5a,1,facebook,gcn,12346,92.06123352050781,91.93663024902344
f1_d1ef4f0515c1eb5a,1,facebook,gcn,12347,92.16802978515625,92.20362854003906
f1_d1ef4f0515c1eb5a,1,facebook,gcn,12348,92.13243103027344,91.74083709716797
f1_d1ef4f0515c1eb5a,1,facebook,gcn,12349,91.8120346069336,92.13243103027344
f1_d1ef4f0515c1eb5a,1,facebook,gcn,12350,93.05802917480469,91.829833984375
f1_d1ef4f0515c1eb5a,1,facebook,gcn,12351,91.97222900390625,92.20362854003906
f1_d1ef4f0515c1eb5a,1,facebook,gcn,12352,91.6162338256836,91.11783599853516
f1_d1ef4f0515c1eb5a,1,facebook,gcn,12353,92.39942932128906,91.438232421875
f1_d1ef4f0515c1eb5a,1,facebook,gcn,12354,92.06123352050781,90.9754409790039
f1_5cb8fe59fd6c2741,1,facebook,gcn,12345,91.50942993164062,91.06443786621094
f1_5cb8fe59fd6c2741,1,facebook,gcn,12346,92.09683227539062,92.20362854003906
f1_5cb8fe59fd6c2741,1,facebook,gcn,12347,92.11463165283203,91.99002838134766
f1_5cb8fe59fd6c2741,1,facebook,gcn,12348,92.04342651367188,91.66963195800781
f1_5cb8fe59fd6c2741,1,facebook,gcn,12349,91.8120346069336,91.86543273925781
f1_5cb8fe59fd6c2741,1,facebook,gcn,12350,93.16482543945312,92.07903289794922
f1_5cb8fe59fd6c2741,1,facebook,gcn,12351,91.93663024902344,92.07903289794922
f1_5cb8fe59fd6c2741,1,facebook,gcn,12352,91.56282806396484,91.26023864746094
f1_5cb8fe59fd6c2741,1,facebook,gcn,12353,92.32823181152344,91.74083709716797
f1_5cb8fe59fd6c2741,1,facebook,gcn,12354,92.09683227539062,91.04663848876953
f1_4b84328e69fed8a3,1,facebook,gcn,12345,91.66963195800781,91.33143615722656
f1_4b84328e69fed8a3,1,facebook,gcn,12346,92.221435546875,92.13243103027344
f1_4b84328e69fed8a3,1,facebook,gcn,12347,92.15023040771484,92.13243103027344
f1_4b84328e69fed8a3,1,facebook,gcn,12348,92.0078353881836,91.8476333618164
f1_4b84328e69fed8a3,1,facebook,gcn,12349,91.6518325805664,91.95443725585938
f1_4b84328e69fed8a3,1,facebook,gcn,12350,93.0936279296875,91.59843444824219
f1_4b84328e69fed8a3,1,facebook,gcn,12351,92.06123352050781,92.3104248046875
f1_4b84328e69fed8a3,1,facebook,gcn,12352,91.38483428955078,91.29582977294922
f1_4b84328e69fed8a3,1,facebook,gcn,12353,92.39942932128906,91.50942993164062
f1_4b84328e69fed8a3,1,facebook,gcn,12354,91.91883087158203,91.01103210449219
f1_49ead630a5161749,1,facebook,gcn,12345,94.25062561035156,93.80562591552734
f1_49ead630a5161749,1,facebook,gcn,12346,93.85902404785156,93.41402435302734
f1_49ead630a5161749,1,facebook,gcn,12347,94.46422576904297,93.87682342529297
f1_49ead630a5161749,1,facebook,gcn,12348,93.68102264404297,94.23281860351562
f1_49ead630a5161749,1,facebook,gcn,12349,93.59202575683594,93.73442840576172
f1_49ead630a5161749,1,facebook,gcn,12350,94.7668228149414,92.91563415527344
f1_49ead630a5161749,1,facebook,gcn,12351,93.62762451171875,93.36062622070312
f1_49ead630a5161749,1,facebook,gcn,12352,93.5030288696289,92.82662963867188
f1_49ead630a5161749,1,facebook,gcn,12353,93.80562591552734,93.77002716064453
f1_49ead630a5161749,1,facebook,gcn,12354,93.82342529296875,93.44963073730469
f1_96c829858ff4c75c,1,facebook,gcn,12345,93.93022918701172,93.69882202148438
f1_96c829858ff4c75c,1,facebook,gcn,12346,94.14382934570312,93.27162170410156
f1_96c829858ff4c75c,1,facebook,gcn,12347,94.14382934570312,93.64542388916016
f1_96c829858ff4c75c,1,facebook,gcn,12348,93.87682342529297,94.10822296142578
f1_96c829858ff4c75c,1,facebook,gcn,12349,93.80562591552734,93.64542388916016
f1_96c829858ff4c75c,1,facebook,gcn,12350,94.7312240600586,93.43182373046875
f1_96c829858ff4c75c,1,facebook,gcn,12351,93.39622497558594,93.55642700195312
f1_96c829858ff4c75c,1,facebook,gcn,12352,93.91242218017578,93.59202575683594
f1_96c829858ff4c75c,1,facebook,gcn,12353,94.19722747802734,93.80562591552734
f1_96c829858ff4c75c,1,facebook,gcn,12354,93.73442840576172,93.85902404785156
f1_62087af52aff3954,1,facebook,gcn,12345,94.32182312011719,93.77002716064453
f1_62087af52aff3954,1,facebook,gcn,12346,94.10822296142578,93.43182373046875
f1_62087af52aff3954,1,facebook,gcn,12347,94.32182312011719,93.41402435302734
f1_62087af52aff3954,1,facebook,gcn,12348,93.41402435302734,93.62762451171875
f1_62087af52aff3954,1,facebook,gcn,12349,93.53862762451172,93.57422637939453
f1_62087af52aff3954,1,facebook,gcn,12350,94.99822235107422,93.46742248535156
f1_62087af52aff3954,1,facebook,gcn,12351,93.57422637939453,93.57422637939453
f1_62087af52aff3954,1,facebook,gcn,12352,93.60982513427734,93.1114273071289
f1_62087af52aff3954,1,facebook,gcn,12353,93.82342529296875,93.84122467041016
f1_62087af52aff3954,1,facebook,gcn,12354,93.9658203125,93.39622497558594
f1_e51c72fd1311e007,1,facebook,gcn,12345,94.32182312011719,93.73442840576172
f1_e51c72fd1311e007,1,facebook,gcn,12346,94.12602233886719,93.41402435302734
f1_e51c72fd1311e007,1,facebook,gcn,12347,94.39302062988281,93.78782653808594
f1_e51c72fd1311e007,1,facebook,gcn,12348,93.21822357177734,93.62762451171875
f1_e51c72fd1311e007,1,facebook,gcn,12349,93.48522186279297,93.7522201538086
f1_e51c72fd1311e007,1,facebook,gcn,12350,95.01602172851562,93.46742248535156
f1_e51c72fd1311e007,1,facebook,gcn,12351,93.44963073730469,93.48522186279297
f1_e51c72fd1311e007,1,facebook,gcn,12352,93.77002716064453,93.23603057861328
f1_e51c72fd1311e007,1,facebook,gcn,12353,93.77002716064453,93.93022918701172
f1_e51c72fd1311e007,1,facebook,gcn,12354,94.03702545166016,93.52082824707031
f1_23c4d8da5024df4c,1,facebook,gcn,12345,94.26842498779297,93.57422637939453
f1_23c4d8da5024df4c,1,facebook,gcn,12346,94.1794204711914,93.55642700195312
f1_23c4d8da5024df4c,1,facebook,gcn,12347,94.44641876220703,93.78782653808594
f1_23c4d8da5024df4c,1,facebook,gcn,12348,93.14702606201172,93.55642700195312
f1_23c4d8da5024df4c,1,facebook,gcn,12349,93.73442840576172,93.80562591552734
f1_23c4d8da5024df4c,1,facebook,gcn,12350,94.99822235107422,93.44963073730469
f1_23c4d8da5024df4c,1,facebook,gcn,12351,93.34282684326172,93.39622497558594
f1_23c4d8da5024df4c,1,facebook,gcn,12352,93.6632308959961,92.93342590332031
f1_23c4d8da5024df4c,1,facebook,gcn,12353,93.82342529296875,93.91242218017578
f1_23c4d8da5024df4c,1,facebook,gcn,12354,94.05482482910156,93.34282684326172
f1_97cfad4c45fb3e50,1,facebook,gcn,12345,94.19722747802734,93.77002716064453
f1_97cfad4c45fb3e50,1,facebook,gcn,12346,94.10822296142578,93.62762451171875
f1_97cfad4c45fb3e50,1,facebook,gcn,12347,94.3396224975586,93.62762451171875
f1_97cfad4c45fb3e50,1,facebook,gcn,12348,93.37842559814453,93.6632308959961
f1_97cfad4c45fb3e50,1,facebook,gcn,12349,93.57422637939453,93.84122467041016
f1_97cfad4c45fb3e50,1,facebook,gcn,12350,94.89142608642578,93.5030288696289
f1_97cfad4c45fb3e50,1,facebook,gcn,12351,93.34282684326172,93.32502746582031
f1_97cfad4c45fb3e50,1,facebook,gcn,12352,93.57422637939453,93.16482543945312
f1_97cfad4c45fb3e50,1,facebook,gcn,12353,93.85902404785156,93.82342529296875
f1_97cfad4c45fb3e50,1,facebook,gcn,12354,94.05482482910156,93.39622497558594
f1_44f5bc32bcbc8f79,1,facebook,gcn,12345,94.16162109375,93.73442840576172
f1_44f5bc32bcbc8f79,1,facebook,gcn,12346,94.14382934570312,93.62762451171875
f1_44f5bc32bcbc8f79,1,facebook,gcn,12347,94.42861938476562,93.68102264404297
f1_44f5bc32bcbc8f79,1,facebook,gcn,12348,93.62762451171875,94.01922607421875
f1_44f5bc32bcbc8f79,1,facebook,gcn,12349,93.53862762451172,93.80562591552734
f1_44f5bc32bcbc8f79,1,facebook,gcn,12350,94.98041534423828,93.55642700195312
f1_44f5bc32bcbc8f79,1,facebook,gcn,12351,93.32502746582031,93.6632308959961
f1_44f5bc32bcbc8f79,1,facebook,gcn,12352,93.55642700195312,93.0936279296875
f1_44f5bc32bcbc8f79,1,facebook,gcn,12353,93.77002716064453,93.71662902832031
f1_44f5bc32bcbc8f79,1,facebook,gcn,12354,93.9480209350586,93.2894287109375
f1_2527d7b6f14031ff,1,lastfm,gcn,12345,78.93844604492188,76.7363052368164
f1_2527d7b6f14031ff,1,lastfm,gcn,12346,83.17334747314453,82.72162628173828
f1_2527d7b6f14031ff,1,lastfm,gcn,12347,85.88367462158203,86.22247314453125
f1_2527d7b6f14031ff,1,lastfm,gcn,12348,85.60135650634766,85.82721710205078
f1_2527d7b6f14031ff,1,lastfm,gcn,12349,85.31902313232422,83.22981262207031
f1_2527d7b6f14031ff,1,lastfm,gcn,12350,84.4720458984375,84.64144134521484
f1_2527d7b6f14031ff,1,lastfm,gcn,12351,83.90739440917969,84.69790649414062
f1_2527d7b6f14031ff,1,lastfm,gcn,12352,85.54489135742188,85.60135650634766
f1_2527d7b6f14031ff,1,lastfm,gcn,12353,84.81084442138672,84.92376708984375
f1_2527d7b6f14031ff,1,lastfm,gcn,12354,85.82721710205078,83.62506866455078
f1_dd1e9c209bc982ea,1,lastfm,gcn,12345,79.72896575927734,77.4703598022461
f1_dd1e9c209bc982ea,1,lastfm,gcn,12346,83.17334747314453,82.6651611328125
f1_dd1e9c209bc982ea,1,lastfm,gcn,12347,85.71428680419922,86.10954284667969
f1_dd1e9c209bc982ea,1,lastfm,gcn,12348,85.6578140258789,84.86730194091797
f1_dd1e9c209bc982ea,1,lastfm,gcn,12349,85.31902313232422,83.17334747314453
f1_dd1e9c209bc982ea,1,lastfm,gcn,12350,84.5849838256836,84.7543716430664
f1_dd1e9c209bc982ea,1,lastfm,gcn,12351,83.96385955810547,85.03669738769531
f1_dd1e9c209bc982ea,1,lastfm,gcn,12352,85.26255798339844,85.31902313232422
f1_dd1e9c209bc982ea,1,lastfm,gcn,12353,84.69790649414062,84.7543716430664
f1_dd1e9c209bc982ea,1,lastfm,gcn,12354,85.82721710205078,83.51213836669922
f1_569479473c0a1133,1,lastfm,gcn,12345,81.14059448242188,78.88198852539062
f1_569479473c0a1133,1,lastfm,gcn,12346,83.45567321777344,83.17334747314453
f1_569479473c0a1133,1,lastfm,gcn,12347,85.71428680419922,86.50479888916016
f1_569479473c0a1133,1,lastfm,gcn,12348,85.48841857910156,84.86730194091797
f1_569479473c0a1133,1,lastfm,gcn,12349,85.20610046386719,83.568603515625
f1_569479473c0a1133,1,lastfm,gcn,12350,84.81084442138672,84.41558837890625
f1_569479473c0a1133,1,lastfm,gcn,12351,83.62506866455078,84.69790649414062
f1_569479473c0a1133,1,lastfm,gcn,12352,84.86730194091797,85.1496353149414
f1_569479473c0a1133,1,lastfm,gcn,12353,84.64144134521484,84.86730194091797
f1_569479473c0a1133,1,lastfm,gcn,12354,85.99661254882812,83.06041717529297
f1_45d4675f13fc82b2,1,lastfm,gcn,12345,88.70694732666016,86.3918685913086
f1_45d4675f13fc82b2,1,lastfm,gcn,12346,86.9565200805664,87.74703216552734
f1_45d4675f13fc82b2,1,lastfm,gcn,12347,88.36815643310547,88.19876098632812
f1_45d4675f13fc82b2,1,lastfm,gcn,12348,89.10220336914062,88.4810791015625
f1_45d4675f13fc82b2,1,lastfm,gcn,12349,89.10220336914062,86.9565200805664
f1_45d4675f13fc82b2,1,lastfm,gcn,12350,87.80349731445312,88.42461395263672
f1_45d4675f13fc82b2,1,lastfm,gcn,12351,87.35177612304688,88.02935791015625
f1_45d4675f13fc82b2,1,lastfm,gcn,12352,86.50479888916016,85.1496353149414
f1_45d4675f13fc82b2,1,lastfm,gcn,12353,87.972900390625,86.56126403808594
f1_45d4675f13fc82b2,1,lastfm,gcn,12354,89.1586685180664,86.44832611083984
f1_f300fb2ef2de4a43,1,lastfm,gcn,12345,89.04573059082031,87.40824127197266
f1_f300fb2ef2de4a43,1,lastfm,gcn,12346,88.70694732666016,88.81986999511719
f1_f300fb2ef2de4a43,1,lastfm,gcn,12347,88.87633514404297,88.42461395263672
f1_f300fb2ef2de4a43,1,lastfm,gcn,12348,88.81986999511719,89.27159881591797
f1_f300fb2ef2de4a43,1,lastfm,gcn,12349,89.1586685180664,86.61772918701172
f1_f300fb2ef2de4a43,1,lastfm,gcn,12350,88.19876098632812,89.10220336914062
f1_f300fb2ef2de4a43,1,lastfm,gcn,12351,87.69056701660156,88.42461395263672
f1_f300fb2ef2de4a43,1,lastfm,gcn,12352,88.4810791015625,88.65047454833984
f1_f300fb2ef2de4a43,1,lastfm,gcn,12353,88.5940170288086,87.35177612304688
f1_f300fb2ef2de4a43,1,lastfm,gcn,12354,89.72332000732422,87.23884582519531
f1_cd0fb314beec24e6,1,lastfm,gcn,12345,88.5940170288086,86.73065948486328
f1_cd0fb314beec24e6,1,lastfm,gcn,12346,88.02935791015625,87.8599624633789
f1_cd0fb314beec24e6,1,lastfm,gcn,12347,88.81986999511719,88.25521850585938
f1_cd0fb314beec24e6,1,lastfm,gcn,12348,89.21512603759766,88.65047454833984
f1_cd0fb314beec24e6,1,lastfm,gcn,12349,89.04573059082031,86.3918685913086
f1_cd0fb314beec24e6,1,lastfm,gcn,12350,87.91642761230469,89.21512603759766
f1_cd0fb314beec24e6,1,lastfm,gcn,12351,87.46470642089844,88.08582305908203
f1_cd0fb314beec24e6,1,lastfm,gcn,12352,87.52117156982422,87.91642761230469
f1_cd0fb314beec24e6,1,lastfm,gcn,12353,87.91642761230469,86.84358978271484
f1_cd0fb314beec24e6,1,lastfm,gcn,12354,89.55392456054688,87.2953109741211
f1_f2f3811c9346715d,1,lastfm,gcn,12345,89.10220336914062,87.06945037841797
f1_f2f3811c9346715d,1,lastfm,gcn,12346,88.42461395263672,88.70694732666016
f1_f2f3811c9346715d,1,lastfm,gcn,12347,88.19876098632812,88.4810791015625
f1_f2f3811c9346715d,1,lastfm,gcn,12348,88.93280792236328,88.5940170288086
f1_f2f3811c9346715d,1,lastfm,gcn,12349,89.10220336914062,86.27893829345703
f1_f2f3811c9346715d,1,lastfm,gcn,12350,87.91642761230469,88.87633514404297
f1_f2f3811c9346715d,1,lastfm,gcn,12351,87.52117156982422,88.31168365478516
f1_f2f3811c9346715d,1,lastfm,gcn,12352,87.80349731445312,88.31168365478516
f1_f2f3811c9346715d,1,lastfm,gcn,12353,88.76341247558594,87.69056701660156
f1_f2f3811c9346715d,1,lastfm,gcn,12354,89.83625030517578,87.06945037841797
f1_883fadec6fed7bf7,1,lastfm,gcn,12345,88.70694732666016,87.35177612304688
f1_883fadec6fed7bf7,1,lastfm,gcn,12346,88.25521850585938,88.53755187988281
f1_883fadec6fed7bf7,1,lastfm,gcn,12347,88.5940170288086,88.31168365478516
f1_883fadec6fed7bf7,1,lastfm,gcn,12348,88.87633514404297,88.53755187988281
f1_883fadec6fed7bf7,1,lastfm,gcn,12349,89.04573059082031,86.44832611083984
f1_883fadec6fed7bf7,1,lastfm,gcn,12350,87.972900390625,88.87633514404297
f1_883fadec6fed7bf7,1,lastfm,gcn,12351,87.40824127197266,88.36815643310547
f1_883fadec6fed7bf7,1,lastfm,gcn,12352,87.8599624633789,88.19876098632812
f1_883fadec6fed7bf7,1,lastfm,gcn,12353,88.70694732666016,87.74703216552734
f1_883fadec6fed7bf7,1,lastfm,gcn,12354,89.77978515625,87.74703216552734
f1_f1064b03707f03ba,1,lastfm,gcn,12345,89.04573059082031,87.35177612304688
f1_f1064b03707f03ba,1,lastfm,gcn,12346,88.65047454833984,88.65047454833984
f1_f1064b03707f03ba,1,lastfm,gcn,12347,88.70694732666016,88.19876098632812
f1_f1064b03707f03ba,1,lastfm,gcn,12348,88.65047454833984,89.10220336914062
f1_f1064b03707f03ba,1,lastfm,gcn,12349,89.32806396484375,86.84358978271484
f1_f1064b03707f03ba,1,lastfm,gcn,12350,87.74703216552734,88.93280792236328
f1_f1064b03707f03ba,1,lastfm,gcn,12351,87.69056701660156,88.36815643310547
f1_f1064b03707f03ba,1,lastfm,gcn,12352,88.31168365478516,88.4810791015625
f1_f1064b03707f03ba,1,lastfm,gcn,12353,89.10220336914062,87.52117156982422
f1_f1064b03707f03ba,1,lastfm,gcn,12354,89.94918060302734,87.46470642089844
f1_9ce20e4378007762,1,lastfm,gcn,12345,88.98927307128906,87.12591552734375
f1_9ce20e4378007762,1,lastfm,gcn,12346,88.70694732666016,88.76341247558594
f1_9ce20e4378007762,1,lastfm,gcn,12347,88.81986999511719,88.36815643310547
f1_9ce20e4378007762,1,lastfm,gcn,12348,88.70694732666016,88.5940170288086
f1_9ce20e4378007762,1,lastfm,gcn,12349,89.32806396484375,86.9565200805664
f1_9ce20e4378007762,1,lastfm,gcn,12350,87.972900390625,88.4810791015625
f1_9ce20e4378007762,1,lastfm,gcn,12351,87.80349731445312,88.25521850585938
f1_9ce20e4378007762,1,lastfm,gcn,12352,88.31168365478516,88.36815643310547
f1_9ce20e4378007762,1,lastfm,gcn,12353,88.70694732666016,87.2953109741211
f1_9ce20e4378007762,1,lastfm,gcn,12354,89.94918060302734,87.80349731445312
f1_f63889f9aa4e9e81,1,citeseer,gcn,12345,64.42308044433594,63.22115707397461
f1_f63889f9aa4e9e81,1,citeseer,gcn,12346,65.14423370361328,64.90384674072266
f1_f63889f9aa4e9e81,1,citeseer,gcn,12347,65.74519348144531,62.5
f1_f63889f9aa4e9e81,1,citeseer,gcn,12348,63.46154022216797,62.62019348144531
f1_f63889f9aa4e9e81,1,citeseer,gcn,12349,63.46154022216797,62.86057662963867
f1_f63889f9aa4e9e81,1,citeseer,gcn,12350,62.86057662963867,63.701927185058594
f1_f63889f9aa4e9e81,1,citeseer,gcn,12351,65.02404022216797,63.94230651855469
f1_f63889f9aa4e9e81,1,citeseer,gcn,12352,67.06730651855469,64.90384674072266
f1_f63889f9aa4e9e81,1,citeseer,gcn,12353,65.98558044433594,61.77885055541992
f1_f63889f9aa4e9e81,1,citeseer,gcn,12354,64.18269348144531,64.78365325927734
f1_fd6ff0fda6a7657a,1,citeseer,gcn,12345,64.78365325927734,64.18269348144531
f1_fd6ff0fda6a7657a,1,citeseer,gcn,12346,65.50480651855469,65.2644271850586
f1_fd6ff0fda6a7657a,1,citeseer,gcn,12347,66.22596740722656,62.62019348144531
f1_fd6ff0fda6a7657a,1,citeseer,gcn,12348,63.22115707397461,61.5384635925293
f1_fd6ff0fda6a7657a,1,citeseer,gcn,12349,65.14423370361328,65.2644271850586
f1_fd6ff0fda6a7657a,1,citeseer,gcn,12350,63.701927185058594,64.42308044433594
f1_fd6ff0fda6a7657a,1,citeseer,gcn,12351,63.701927185058594,64.42308044433594
f1_fd6ff0fda6a7657a,1,citeseer,gcn,12352,68.02884674072266,63.94230651855469
f1_fd6ff0fda6a7657a,1,citeseer,gcn,12353,65.625,63.1009635925293
f1_fd6ff0fda6a7657a,1,citeseer,gcn,12354,64.66346740722656,65.2644271850586
f1_a17cea06e2b14b9c,1,citeseer,gcn,12345,68.5096206665039,68.14904022216797
f1_a17cea06e2b14b9c,1,citeseer,gcn,12346,68.87019348144531,69.23077392578125
f1_a17cea06e2b14b9c,1,citeseer,gcn,12347,68.99038696289062,63.94230651855469
f1_a17cea06e2b14b9c,1,citeseer,gcn,12348,67.78846740722656,68.26923370361328
f1_a17cea06e2b14b9c,1,citeseer,gcn,12349,63.822120666503906,63.34135055541992
f1_a17cea06e2b14b9c,1,citeseer,gcn,12350,65.50480651855469,68.3894271850586
f1_a17cea06e2b14b9c,1,citeseer,gcn,12351,66.22596740722656,66.34615325927734
f1_a17cea06e2b14b9c,1,citeseer,gcn,12352,71.15384674072266,67.90865325927734
f1_a17cea06e2b14b9c,1,citeseer,gcn,12353,68.3894271850586,65.86538696289062
f1_a17cea06e2b14b9c,1,citeseer,gcn,12354,62.740386962890625,65.3846206665039
f1_1b093a73e171c790,1,citeseer,gcn,12345,70.19231414794922,68.26923370361328
f1_1b093a73e171c790,1,citeseer,gcn,12346,70.55288696289062,68.14904022216797
f1_1b093a73e171c790,1,citeseer,gcn,12347,70.79327392578125,69.11058044433594
f1_1b093a73e171c790,1,citeseer,gcn,12348,69.59134674072266,68.26923370361328
f1_1b093a73e171c790,1,citeseer,gcn,12349,66.9471206665039,67.42788696289062
f1_1b093a73e171c790,1,citeseer,gcn,12350,67.78846740722656,67.66827392578125
f1_1b093a73e171c790,1,citeseer,gcn,12351,69.11058044433594,67.1875
f1_1b093a73e171c790,1,citeseer,gcn,12352,71.39423370361328,66.8269271850586
f1_1b093a73e171c790,1,citeseer,gcn,12353,71.875,69.9519271850586
f1_1b093a73e171c790,1,citeseer,gcn,12354,68.26923370361328,70.0721206665039
f1_9efeeb0c78ce39ea,1,citeseer,gcn,12345,70.91346740722656,71.99519348144531
f1_9efeeb0c78ce39ea,1,citeseer,gcn,12346,68.87019348144531,69.35096740722656
f1_9efeeb0c78ce39ea,1,citeseer,gcn,12347,70.43269348144531,67.06730651855469
f1_9efeeb0c78ce39ea,1,citeseer,gcn,12348,69.71154022216797,69.47115325927734
f1_9efeeb0c78ce39ea,1,citeseer,gcn,12349,67.66827392578125,67.90865325927734
f1_9efeeb0c78ce39ea,1,citeseer,gcn,12350,68.75,69.59134674072266
f1_9efeeb0c78ce39ea,1,citeseer,gcn,12351,69.9519271850586,67.06730651855469
f1_9efeeb0c78ce39ea,1,citeseer,gcn,12352,70.55288696289062,68.26923370361328
f1_9efeeb0c78ce39ea,1,citeseer,gcn,12353,71.875,68.62981414794922
f1_9efeeb0c78ce39ea,1,citeseer,gcn,12354,67.78846740722656,69.83173370361328
f1_d224d69ffc1cf98d,1,citeseer,gcn,12345,70.19231414794922,71.03365325927734
f1_d224d69ffc1cf98d,1,citeseer,gcn,12346,70.43269348144531,68.87019348144531
f1_d224d69ffc1cf98d,1,citeseer,gcn,12347,71.15384674072266,67.06730651855469
f1_d224d69ffc1cf98d,1,citeseer,gcn,12348,69.35096740722656,69.9519271850586
f1_d224d69ffc1cf98d,1,citeseer,gcn,12349,67.06730651855469,67.30769348144531
f1_d224d69ffc1cf98d,1,citeseer,gcn,12350,68.02884674072266,69.35096740722656
f1_d224d69ffc1cf98d,1,citeseer,gcn,12351,68.5096206665039,67.1875
f1_d224d69ffc1cf98d,1,citeseer,gcn,12352,71.5144271850586,67.30769348144531
f1_d224d69ffc1cf98d,1,citeseer,gcn,12353,71.75481414794922,68.75
f1_d224d69ffc1cf98d,1,citeseer,gcn,12354,68.02884674072266,68.26923370361328
f1_67301d4098650e1a,1,citeseer,gcn,12345,70.43269348144531,70.67308044433594
f1_67301d4098650e1a,1,citeseer,gcn,12346,70.19231414794922,70.43269348144531
f1_67301d4098650e1a,1,citeseer,gcn,12347,70.19231414794922,65.2644271850586
f1_67301d4098650e1a,1,citeseer,gcn,12348,68.62981414794922,69.47115325927734
f1_67301d4098650e1a,1,citeseer,gcn,12349,67.54808044433594,68.26923370361328
f1_67301d4098650e1a,1,citeseer,gcn,12350,67.1875,66.8269271850586
f1_67301d4098650e1a,1,citeseer,gcn,12351,68.62981414794922,66.70673370361328
f1_67301d4098650e1a,1,citeseer,gcn,12352,71.875,67.06730651855469
f1_67301d4098650e1a,1,citeseer,gcn,12353,71.875,68.62981414794922
f1_67301d4098650e1a,1,citeseer,gcn,12354,66.9471206665039,67.66827392578125
f1_e49e792d5a8b4b76,1,citeseer,gcn,12345,70.43269348144531,71.03365325927734
f1_e49e792d5a8b4b76,1,citeseer,gcn,12346,70.43269348144531,68.75
f1_e49e792d5a8b4b76,1,citeseer,gcn,12347,70.43269348144531,66.58654022216797
f1_e49e792d5a8b4b76,1,citeseer,gcn,12348,68.75,69.83173370361328
f1_e49e792d5a8b4b76,1,citeseer,gcn,12349,68.02884674072266,69.23077392578125
f1_e49e792d5a8b4b76,1,citeseer,gcn,12350,67.78846740722656,68.62981414794922
f1_e49e792d5a8b4b76,1,citeseer,gcn,12351,69.11058044433594,66.22596740722656
f1_e49e792d5a8b4b76,1,citeseer,gcn,12352,71.99519348144531,67.42788696289062
f1_e49e792d5a8b4b76,1,citeseer,gcn,12353,70.67308044433594,67.06730651855469
f1_e49e792d5a8b4b76,1,citeseer,gcn,12354,67.66827392578125,68.3894271850586
f1_8a3f3f2aab729134,1,citeseer,gcn,12345,70.91346740722656,69.23077392578125
f1_8a3f3f2aab729134,1,citeseer,gcn,12346,69.71154022216797,68.87019348144531
f1_8a3f3f2aab729134,1,citeseer,gcn,12347,70.67308044433594,67.42788696289062
f1_8a3f3f2aab729134,1,citeseer,gcn,12348,69.59134674072266,68.26923370361328
f1_8a3f3f2aab729134,1,citeseer,gcn,12349,67.30769348144531,69.11058044433594
f1_8a3f3f2aab729134,1,citeseer,gcn,12350,68.26923370361328,68.62981414794922
f1_8a3f3f2aab729134,1,citeseer,gcn,12351,68.75,66.9471206665039
f1_8a3f3f2aab729134,1,citeseer,gcn,12352,71.15384674072266,68.5096206665039
f1_8a3f3f2aab729134,1,citeseer,gcn,12353,70.79327392578125,68.3894271850586
f1_8a3f3f2aab729134,1,citeseer,gcn,12354,68.02884674072266,67.90865325927734
f1_4b983314697d659c,1,citeseer,gcn,12345,70.91346740722656,70.79327392578125
f1_4b983314697d659c,1,citeseer,gcn,12346,69.35096740722656,68.3894271850586
f1_4b983314697d659c,1,citeseer,gcn,12347,69.83173370361328,66.70673370361328
f1_4b983314697d659c,1,citeseer,gcn,12348,69.83173370361328,68.62981414794922
f1_4b983314697d659c,1,citeseer,gcn,12349,68.26923370361328,68.5096206665039
f1_4b983314697d659c,1,citeseer,gcn,12350,67.54808044433594,69.23077392578125
f1_4b983314697d659c,1,citeseer,gcn,12351,68.75,67.66827392578125
f1_4b983314697d659c,1,citeseer,gcn,12352,70.3125,68.26923370361328
f1_4b983314697d659c,1,citeseer,gcn,12353,71.39423370361328,68.26923370361328
f1_4b983314697d659c,1,citeseer,gcn,12354,68.02884674072266,68.99038696289062
f1_9e75dc3e5119608f,1,cora,gcn,12345,78.13884735107422,79.76366424560547
f1_9e75dc3e5119608f,1,cora,gcn,12346,80.6499252319336,80.50221252441406
f1_9e75dc3e5119608f,1,cora,gcn,12347,79.76366424560547,79.3205337524414
f1_9e75dc3e5119608f,1,cora,gcn,12348,78.58197784423828,76.0708999633789
f1_9e75dc3e5119608f,1,cora,gcn,12349,79.76366424560547,79.76366424560547
f1_9e75dc3e5119608f,1,cora,gcn,12350,78.87740325927734,76.51403045654297
f1_9e75dc3e5119608f,1,cora,gcn,12351,79.61595153808594,78.43426513671875
f1_9e75dc3e5119608f,1,cora,gcn,12352,75.48005676269531,77.10487365722656
f1_9e75dc3e5119608f,1,cora,gcn,12353,74.15066528320312,76.36632537841797
f1_9e75dc3e5119608f,1,cora,gcn,12354,76.21861267089844,76.6617431640625
f1_852b4bf7851ccfc7,1,cora,gcn,12345,78.72969055175781,79.4682388305664
f1_852b4bf7851ccfc7,1,cora,gcn,12346,80.94534301757812,80.20679473876953
f1_852b4bf7851ccfc7,1,cora,gcn,12347,80.20679473876953,78.43426513671875
f1_852b4bf7851ccfc7,1,cora,gcn,12348,78.13884735107422,75.77548217773438
f1_852b4bf7851ccfc7,1,cora,gcn,12349,79.76366424560547,79.17282104492188
f1_852b4bf7851ccfc7,1,cora,gcn,12350,79.76366424560547,76.0708999633789
f1_852b4bf7851ccfc7,1,cora,gcn,12351,80.20679473876953,80.94534301757812
f1_852b4bf7851ccfc7,1,cora,gcn,12352,76.36632537841797,79.17282104492188
f1_852b4bf7851ccfc7,1,cora,gcn,12353,75.03692626953125,76.51403045654297
f1_852b4bf7851ccfc7,1,cora,gcn,12354,77.2525863647461,79.76366424560547
f1_243d75d8c3c77fd7,1,cora,gcn,12345,82.27474212646484,83.75184631347656
f1_243d75d8c3c77fd7,1,cora,gcn,12346,84.93353271484375,83.16100311279297
f1_243d75d8c3c77fd7,1,cora,gcn,12347,85.96749877929688,85.52436828613281
f1_243d75d8c3c77fd7,1,cora,gcn,12348,86.55834197998047,85.52436828613281
f1_243d75d8c3c77fd7,1,cora,gcn,12349,85.37666320800781,82.57015991210938
f1_243d75d8c3c77fd7,1,cora,gcn,12350,83.3087158203125,81.97931671142578
f1_243d75d8c3c77fd7,1,cora,gcn,12351,84.0472640991211,83.60413360595703
f1_243d75d8c3c77fd7,1,cora,gcn,12352,84.93353271484375,86.85376739501953
f1_243d75d8c3c77fd7,1,cora,gcn,12353,84.63810729980469,84.34268951416016
f1_243d75d8c3c77fd7,1,cora,gcn,12354,84.0472640991211,85.96749877929688
f1_b23f8a97da2c25f2,1,cora,gcn,12345,84.0472640991211,84.78582000732422
f1_b23f8a97da2c25f2,1,cora,gcn,12346,86.26292419433594,85.37666320800781
f1_b23f8a97da2c25f2,1,cora,gcn,12347,85.37666320800781,85.96749877929688
f1_b23f8a97da2c25f2,1,cora,gcn,12348,87.14918518066406,84.49039459228516
f1_b23f8a97da2c25f2,1,cora,gcn,12349,85.52436828613281,84.34268951416016
f1_b23f8a97da2c25f2,1,cora,gcn,12350,83.8995590209961,83.3087158203125
f1_b23f8a97da2c25f2,1,cora,gcn,12351,84.49039459228516,84.49039459228516
f1_b23f8a97da2c25f2,1,cora,gcn,12352,85.52436828613281,86.26292419433594
f1_b23f8a97da2c25f2,1,cora,gcn,12353,84.93353271484375,84.93353271484375
f1_b23f8a97da2c25f2,1,cora,gcn,12354,85.81979370117188,86.7060546875
f1_a234bdb5ba82e933,1,cora,gcn,12345,84.34268951416016,84.93353271484375
f1_a234bdb5ba82e933,1,cora,gcn,12346,86.55834197998047,84.19497680664062
f1_a234bdb5ba82e933,1,cora,gcn,12347,85.22895050048828,84.34268951416016
f1_a234bdb5ba82e933,1,cora,gcn,12348,87.14918518066406,85.22895050048828
f1_a234bdb5ba82e933,1,cora,gcn,12349,85.52436828613281,83.8995590209961
f1_a234bdb5ba82e933,1,cora,gcn,12350,83.4564208984375,82.86558532714844
f1_a234bdb5ba82e933,1,cora,gcn,12351,84.49039459228516,84.78582000732422
f1_a234bdb5ba82e933,1,cora,gcn,12352,85.52436828613281,87.44461059570312
f1_a234bdb5ba82e933,1,cora,gcn,12353,84.63810729980469,86.26292419433594
f1_a234bdb5ba82e933,1,cora,gcn,12354,85.08123779296875,86.85376739501953
f1_67d8172613c01bf1,1,cora,gcn,12345,83.75184631347656,85.52436828613281
f1_67d8172613c01bf1,1,cora,gcn,12346,85.37666320800781,84.63810729980469
f1_67d8172613c01bf1,1,cora,gcn,12347,84.49039459228516,85.52436828613281
f1_67d8172613c01bf1,1,cora,gcn,12348,87.00147247314453,85.22895050048828
f1_67d8172613c01bf1,1,cora,gcn,12349,85.08123779296875,83.60413360595703
f1_67d8172613c01bf1,1,cora,gcn,12350,81.53618621826172,83.01329040527344
f1_67d8172613c01bf1,1,cora,gcn,12351,85.22895050048828,85.22895050048828
f1_67d8172613c01bf1,1,cora,gcn,12352,86.26292419433594,86.1152114868164
f1_67d8172613c01bf1,1,cora,gcn,12353,83.3087158203125,85.22895050048828
f1_67d8172613c01bf1,1,cora,gcn,12354,84.93353271484375,86.26292419433594
f1_9accf99937b7d9ed,1,cora,gcn,12345,83.60413360595703,85.37666320800781
f1_9accf99937b7d9ed,1,cora,gcn,12346,86.55834197998047,84.78582000732422
f1_9accf99937b7d9ed,1,cora,gcn,12347,85.22895050048828,85.08123779296875
f1_9accf99937b7d9ed,1,cora,gcn,12348,87.00147247314453,85.67208099365234
f1_9accf99937b7d9ed,1,cora,gcn,12349,86.1152114868164,84.49039459228516
f1_9accf99937b7d9ed,1,cora,gcn,12350,83.75184631347656,83.4564208984375
f1_9accf99937b7d9ed,1,cora,gcn,12351,84.19497680664062,84.0472640991211
f1_9accf99937b7d9ed,1,cora,gcn,12352,85.67208099365234,85.96749877929688
f1_9accf99937b7d9ed,1,cora,gcn,12353,84.63810729980469,85.81979370117188
f1_9accf99937b7d9ed,1,cora,gcn,12354,84.93353271484375,86.26292419433594
f1_3207443ece0bea62,1,cora,gcn,12345,84.49039459228516,85.96749877929688
f1_3207443ece0bea62,1,cora,gcn,12346,86.85376739501953,85.52436828613281
f1_3207443ece0bea62,1,cora,gcn,12347,85.37666320800781,83.8995590209961
f1_3207443ece0bea62,1,cora,gcn,12348,87.14918518066406,85.08123779296875
f1_3207443ece0bea62,1,cora,gcn,12349,85.67208099365234,84.34268951416016
f1_3207443ece0bea62,1,cora,gcn,12350,83.3087158203125,84.34268951416016
f1_3207443ece0bea62,1,cora,gcn,12351,84.78582000732422,84.63810729980469
f1_3207443ece0bea62,1,cora,gcn,12352,86.1152114868164,86.7060546875
f1_3207443ece0bea62,1,cora,gcn,12353,83.8995590209961,85.67208099365234
f1_3207443ece0bea62,1,cora,gcn,12354,83.4564208984375,86.41063690185547
f1_6b452e07bd34ef32,1,cora,gcn,12345,83.16100311279297,84.93353271484375
f1_6b452e07bd34ef32,1,cora,gcn,12346,85.22895050048828,84.34268951416016
f1_6b452e07bd34ef32,1,cora,gcn,12347,85.52436828613281,84.19497680664062
f1_6b452e07bd34ef32,1,cora,gcn,12348,87.74002838134766,85.96749877929688
f1_6b452e07bd34ef32,1,cora,gcn,12349,85.96749877929688,84.0472640991211
f1_6b452e07bd34ef32,1,cora,gcn,12350,84.63810729980469,83.4564208984375
f1_6b452e07bd34ef32,1,cora,gcn,12351,85.08123779296875,85.37666320800781
f1_6b452e07bd34ef32,1,cora,gcn,12352,85.96749877929688,86.26292419433594
f1_6b452e07bd34ef32,1,cora,gcn,12353,84.34268951416016,85.81979370117188
f1_6b452e07bd34ef32,1,cora,gcn,12354,84.78582000732422,87.2968978881836
f1_66ee27833cf65ddb,1,cora,gcn,12345,83.8995590209961,85.67208099365234
f1_66ee27833cf65ddb,1,cora,gcn,12346,85.37666320800781,83.8995590209961
f1_66ee27833cf65ddb,1,cora,gcn,12347,85.08123779296875,84.63810729980469
f1_66ee27833cf65ddb,1,cora,gcn,12348,88.18315887451172,85.37666320800781
f1_66ee27833cf65ddb,1,cora,gcn,12349,84.93353271484375,84.0472640991211
f1_66ee27833cf65ddb,1,cora,gcn,12350,84.34268951416016,82.7178726196289
f1_66ee27833cf65ddb,1,cora,gcn,12351,86.41063690185547,85.37666320800781
f1_66ee27833cf65ddb,1,cora,gcn,12352,85.81979370117188,86.55834197998047
f1_66ee27833cf65ddb,1,cora,gcn,12353,83.8995590209961,85.08123779296875
f1_66ee27833cf65ddb,1,cora,gcn,12354,84.49039459228516,86.7060546875
f1_5527ec771abbbc6e,1,facebook,gcn,12345,91.8476333618164,91.4560317993164
f1_5527ec771abbbc6e,1,facebook,gcn,12346,90.7796401977539,90.42363739013672
f1_5527ec771abbbc6e,1,facebook,gcn,12347,90.3702392578125,90.44144439697266
f1_5527ec771abbbc6e,1,facebook,gcn,12348,91.17123413085938,91.6518325805664
f1_5527ec771abbbc6e,1,facebook,gcn,12349,90.33464050292969,90.79743957519531
f1_5527ec771abbbc6e,1,facebook,gcn,12350,92.29263305664062,91.15343475341797
f1_5527ec771abbbc6e,1,facebook,gcn,12351,90.45923614501953,91.29582977294922
f1_5527ec771abbbc6e,1,facebook,gcn,12352,90.99324035644531,90.5482406616211
f1_5527ec771abbbc6e,1,facebook,gcn,12353,90.92204284667969,90.69063568115234
f1_5527ec771abbbc6e,1,facebook,gcn,12354,90.74403381347656,90.5838394165039
f1_1aff8c436c996786,1,facebook,gcn,12345,92.16802978515625,91.88323211669922
f1_1aff8c436c996786,1,facebook,gcn,12346,91.8476333618164,91.95443725585938
f1_1aff8c436c996786,1,facebook,gcn,12347,91.99002838134766,91.66963195800781
f1_1aff8c436c996786,1,facebook,gcn,12348,92.5240249633789,91.49163055419922
f1_1aff8c436c996786,1,facebook,gcn,12349,91.34923553466797,92.18582916259766
f1_1aff8c436c996786,1,facebook,gcn,12350,92.77323150634766,91.18903350830078
f1_1aff8c436c996786,1,facebook,gcn,12351,91.13563537597656,91.29582977294922
f1_1aff8c436c996786,1,facebook,gcn,12352,91.6162338256836,91.13563537597656
f1_1aff8c436c996786,1,facebook,gcn,12353,91.13563537597656,90.83303833007812
f1_1aff8c436c996786,1,facebook,gcn,12354,91.88323211669922,90.69063568115234
f1_8df6d0b7d4f85659,1,facebook,gcn,12345,94.30402374267578,93.73442840576172
f1_8df6d0b7d4f85659,1,facebook,gcn,12346,94.42861938476562,93.85902404785156
f1_8df6d0b7d4f85659,1,facebook,gcn,12347,94.16162109375,93.68102264404297
f1_8df6d0b7d4f85659,1,facebook,gcn,12348,93.77002716064453,94.23281860351562
f1_8df6d0b7d4f85659,1,facebook,gcn,12349,93.78782653808594,94.25062561035156
f1_8df6d0b7d4f85659,1,facebook,gcn,12350,95.06941986083984,93.71662902832031
f1_8df6d0b7d4f85659,1,facebook,gcn,12351,93.78782653808594,93.62762451171875
f1_8df6d0b7d4f85659,1,facebook,gcn,12352,93.78782653808594,93.27162170410156
f1_8df6d0b7d4f85659,1,facebook,gcn,12353,94.14382934570312,93.98362731933594
f1_8df6d0b7d4f85659,1,facebook,gcn,12354,94.23281860351562,93.57422637939453
f1_93a0cb3835424d75,1,facebook,gcn,12345,94.44641876220703,93.78782653808594
f1_93a0cb3835424d75,1,facebook,gcn,12346,94.39302062988281,93.64542388916016
f1_93a0cb3835424d75,1,facebook,gcn,12347,94.48202514648438,93.89462280273438
f1_93a0cb3835424d75,1,facebook,gcn,12348,93.73442840576172,94.21502685546875
f1_93a0cb3835424d75,1,facebook,gcn,12349,93.71662902832031,94.26842498779297
f1_93a0cb3835424d75,1,facebook,gcn,12350,94.89142608642578,93.69882202148438
f1_93a0cb3835424d75,1,facebook,gcn,12351,93.69882202148438,93.6632308959961
f1_93a0cb3835424d75,1,facebook,gcn,12352,93.69882202148438,93.44963073730469
f1_93a0cb3835424d75,1,facebook,gcn,12353,94.1794204711914,93.98362731933594
f1_93a0cb3835424d75,1,facebook,gcn,12354,94.357421875,93.73442840576172
f1_0f717b2fe25f283d,1,facebook,gcn,12345,94.26842498779297,94.03702545166016
f1_0f717b2fe25f283d,1,facebook,gcn,12346,94.44641876220703,93.62762451171875
f1_0f717b2fe25f283d,1,facebook,gcn,12347,94.3396224975586,94.12602233886719
f1_0f717b2fe25f283d,1,facebook,gcn,12348,93.77002716064453,94.58882141113281
f1_0f717b2fe25f283d,1,facebook,gcn,12349,93.27162170410156,93.98362731933594
f1_0f717b2fe25f283d,1,facebook,gcn,12350,94.87361907958984,93.64542388916016
f1_0f717b2fe25f283d,1,facebook,gcn,12351,93.52082824707031,93.60982513427734
f1_0f717b2fe25f283d,1,facebook,gcn,12352,93.69882202148438,93.25382995605469
f1_0f717b2fe25f283d,1,facebook,gcn,12353,94.23281860351562,94.23281860351562
f1_0f717b2fe25f283d,1,facebook,gcn,12354,94.25062561035156,94.03702545166016
f1_065129cb0fd8bab7,1,facebook,gcn,12345,94.46422576904297,93.93022918701172
f1_065129cb0fd8bab7,1,facebook,gcn,12346,94.62442016601562,93.62762451171875
f1_065129cb0fd8bab7,1,facebook,gcn,12347,94.62442016601562,94.30402374267578
f1_065129cb0fd8bab7,1,facebook,gcn,12348,93.85902404785156,94.10822296142578
f1_065129cb0fd8bab7,1,facebook,gcn,12349,93.78782653808594,94.23281860351562
f1_065129cb0fd8bab7,1,facebook,gcn,12350,94.99822235107422,93.57422637939453
f1_065129cb0fd8bab7,1,facebook,gcn,12351,93.73442840576172,93.59202575683594
f1_065129cb0fd8bab7,1,facebook,gcn,12352,93.59202575683594,93.20042419433594
f1_065129cb0fd8bab7,1,facebook,gcn,12353,94.23281860351562,93.85902404785156
f1_065129cb0fd8bab7,1,facebook,gcn,12354,94.357421875,93.93022918701172
f1_1e7a1c10a6323fd5,1,facebook,gcn,12345,94.44641876220703,94.00142669677734
f1_1e7a1c10a6323fd5,1,facebook,gcn,12346,94.62442016601562,93.82342529296875
f1_1e7a1c10a6323fd5,1,facebook,gcn,12347,94.48202514648438,94.01922607421875
f1_1e7a1c10a6323fd5,1,facebook,gcn,12348,94.12602233886719,94.03702545166016
f1_1e7a1c10a6323fd5,1,facebook,gcn,12349,93.77002716064453,94.1794204711914
f1_1e7a1c10a6323fd5,1,facebook,gcn,12350,94.98041534423828,93.52082824707031
f1_1e7a1c10a6323fd5,1,facebook,gcn,12351,93.57422637939453,93.78782653808594
f1_1e7a1c10a6323fd5,1,facebook,gcn,12352,93.57422637939453,93.37842559814453
f1_1e7a1c10a6323fd5,1,facebook,gcn,12353,94.14382934570312,93.9658203125
f1_1e7a1c10a6323fd5,1,facebook,gcn,12354,94.26842498779297,93.80562591552734
f1_e8a3d0dd7b55d014,1,facebook,gcn,12345,94.3752212524414,93.7522201538086
f1_e8a3d0dd7b55d014,1,facebook,gcn,12346,94.7312240600586,93.89462280273438
f1_e8a3d0dd7b55d014,1,facebook,gcn,12347,94.5354232788086,93.9658203125
f1_e8a3d0dd7b55d014,1,facebook,gcn,12348,94.05482482910156,94.21502685546875
f1_e8a3d0dd7b55d014,1,facebook,gcn,12349,93.85902404785156,94.1794204711914
f1_e8a3d0dd7b55d014,1,facebook,gcn,12350,95.06941986083984,93.55642700195312
f1_e8a3d0dd7b55d014,1,facebook,gcn,12351,93.59202575683594,93.71662902832031
f1_e8a3d0dd7b55d014,1,facebook,gcn,12352,93.78782653808594,93.44963073730469
f1_e8a3d0dd7b55d014,1,facebook,gcn,12353,94.19722747802734,93.9480209350586
f1_e8a3d0dd7b55d014,1,facebook,gcn,12354,94.25062561035156,93.62762451171875
f1_255881f169faefb0,1,facebook,gcn,12345,94.49981689453125,93.68102264404297
f1_255881f169faefb0,1,facebook,gcn,12346,94.51762390136719,93.64542388916016
f1_255881f169faefb0,1,facebook,gcn,12347,94.26842498779297,93.59202575683594
f1_255881f169faefb0,1,facebook,gcn,12348,93.62762451171875,94.14382934570312
f1_255881f169faefb0,1,facebook,gcn,12349,93.3072280883789,93.82342529296875
f1_255881f169faefb0,1,facebook,gcn,12350,94.55322265625,93.43182373046875
f1_255881f169faefb0,1,facebook,gcn,12351,93.53862762451172,93.37842559814453
f1_255881f169faefb0,1,facebook,gcn,12352,93.71662902832031,92.98683166503906
f1_255881f169faefb0,1,facebook,gcn,12353,94.26842498779297,94.26842498779297
f1_255881f169faefb0,1,facebook,gcn,12354,94.05482482910156,93.69882202148438
f1_f3ae6114dcb1f4b8,1,facebook,gcn,12345,94.51762390136719,93.78782653808594
f1_f3ae6114dcb1f4b8,1,facebook,gcn,12346,94.49981689453125,93.80562591552734
f1_f3ae6114dcb1f4b8,1,facebook,gcn,12347,94.16162109375,93.7522201538086
f1_f3ae6114dcb1f4b8,1,facebook,gcn,12348,93.71662902832031,94.357421875
f1_f3ae6114dcb1f4b8,1,facebook,gcn,12349,93.37842559814453,94.01922607421875
f1_f3ae6114dcb1f4b8,1,facebook,gcn,12350,94.78462219238281,93.37842559814453
f1_f3ae6114dcb1f4b8,1,facebook,gcn,12351,93.25382995605469,93.71662902832031
f1_f3ae6114dcb1f4b8,1,facebook,gcn,12352,93.85902404785156,93.1114273071289
f1_f3ae6114dcb1f4b8,1,facebook,gcn,12353,94.14382934570312,94.10822296142578
f1_f3ae6114dcb1f4b8,1,facebook,gcn,12354,94.14382934570312,93.55642700195312
f1_f5e88e65bb8c0d1c,1,lastfm,gcn,12345,83.00395202636719,81.25352478027344
f1_f5e88e65bb8c0d1c,1,lastfm,gcn,12346,83.17334747314453,82.72162628173828
f1_f5e88e65bb8c0d1c,1,lastfm,gcn,12347,82.32637023925781,81.76171875
f1_f5e88e65bb8c0d1c,1,lastfm,gcn,12348,81.64878845214844,81.0841293334961
f1_f5e88e65bb8c0d1c,1,lastfm,gcn,12349,85.20610046386719,81.87464141845703
f1_f5e88e65bb8c0d1c,1,lastfm,gcn,12350,83.34274291992188,84.81084442138672
f1_f5e88e65bb8c0d1c,1,lastfm,gcn,12351,82.21343994140625,82.2698974609375
f1_f5e88e65bb8c0d1c,1,lastfm,gcn,12352,85.26255798339844,84.41558837890625
f1_f5e88e65bb8c0d1c,1,lastfm,gcn,12353,82.6651611328125,81.81818389892578
f1_f5e88e65bb8c0d1c,1,lastfm,gcn,12354,86.05307006835938,84.24618530273438
f1_3a1a40d298379202,1,lastfm,gcn,12345,82.9474868774414,81.87464141845703
f1_3a1a40d298379202,1,lastfm,gcn,12346,82.9474868774414,82.55223083496094
f1_3a1a40d298379202,1,lastfm,gcn,12347,82.55223083496094,82.2698974609375
f1_3a1a40d298379202,1,lastfm,gcn,12348,83.06041717529297,81.93110656738281
f1_3a1a40d298379202,1,lastfm,gcn,12349,84.69790649414062,81.70524597167969
f1_3a1a40d298379202,1,lastfm,gcn,12350,83.51213836669922,84.64144134521484
f1_3a1a40d298379202,1,lastfm,gcn,12351,82.55223083496094,82.49575805664062
f1_3a1a40d298379202,1,lastfm,gcn,12352,84.98023986816406,83.34274291992188
f1_3a1a40d298379202,1,lastfm,gcn,12353,82.77809143066406,81.93110656738281
f1_3a1a40d298379202,1,lastfm,gcn,12354,86.27893829345703,84.24618530273438
f1_04ab0a81f0f9ab40,1,lastfm,gcn,12345,87.69056701660156,85.82721710205078
f1_04ab0a81f0f9ab40,1,lastfm,gcn,12346,87.8599624633789,87.91642761230469
f1_04ab0a81f0f9ab40,1,lastfm,gcn,12347,87.52117156982422,87.40824127197266
f1_04ab0a81f0f9ab40,1,lastfm,gcn,12348,88.4810791015625,87.972900390625
f1_04ab0a81f0f9ab40,1,lastfm,gcn,12349,88.02935791015625,85.26255798339844
f1_04ab0a81f0f9ab40,1,lastfm,gcn,12350,87.52117156982422,88.4810791015625
f1_04ab0a81f0f9ab40,1,lastfm,gcn,12351,85.71428680419922,86.16600799560547
f1_04ab0a81f0f9ab40,1,lastfm,gcn,12352,85.0931625366211,83.8509292602539
f1_04ab0a81f0f9ab40,1,lastfm,gcn,12353,87.12591552734375,86.44832611083984
f1_04ab0a81f0f9ab40,1,lastfm,gcn,12354,87.74703216552734,86.16600799560547
f1_6b679f1cebaa8901,1,lastfm,gcn,12345,89.27159881591797,88.08582305908203
f1_6b679f1cebaa8901,1,lastfm,gcn,12346,89.04573059082031,88.98927307128906
f1_6b679f1cebaa8901,1,lastfm,gcn,12347,88.93280792236328,88.70694732666016
f1_6b679f1cebaa8901,1,lastfm,gcn,12348,89.10220336914062,89.04573059082031
f1_6b679f1cebaa8901,1,lastfm,gcn,12349,89.66685485839844,87.46470642089844
f1_6b679f1cebaa8901,1,lastfm,gcn,12350,88.14229583740234,89.38452911376953
f1_6b679f1cebaa8901,1,lastfm,gcn,12351,88.31168365478516,88.87633514404297
f1_6b679f1cebaa8901,1,lastfm,gcn,12352,88.4810791015625,88.08582305908203
f1_6b679f1cebaa8901,1,lastfm,gcn,12353,88.53755187988281,87.52117156982422
f1_6b679f1cebaa8901,1,lastfm,gcn,12354,90.0621109008789,88.25521850585938
f1_63336410bf6ed3c7,1,lastfm,gcn,12345,89.27159881591797,87.91642761230469
f1_63336410bf6ed3c7,1,lastfm,gcn,12346,88.81986999511719,88.81986999511719
f1_63336410bf6ed3c7,1,lastfm,gcn,12347,89.55392456054688,88.70694732666016
f1_63336410bf6ed3c7,1,lastfm,gcn,12348,89.04573059082031,89.38452911376953
f1_63336410bf6ed3c7,1,lastfm,gcn,12349,89.44098663330078,87.35177612304688
f1_63336410bf6ed3c7,1,lastfm,gcn,12350,88.19876098632812,89.66685485839844
f1_63336410bf6ed3c7,1,lastfm,gcn,12351,88.36815643310547,88.5940170288086
f1_63336410bf6ed3c7,1,lastfm,gcn,12352,88.4810791015625,88.53755187988281
f1_63336410bf6ed3c7,1,lastfm,gcn,12353,88.53755187988281,87.2953109741211
f1_63336410bf6ed3c7,1,lastfm,gcn,12354,89.94918060302734,88.42461395263672
f1_6906ee74a5a7f879,1,lastfm,gcn,12345,89.32806396484375,87.91642761230469
f1_6906ee74a5a7f879,1,lastfm,gcn,12346,88.93280792236328,89.21512603759766
f1_6906ee74a5a7f879,1,lastfm,gcn,12347,88.87633514404297,89.32806396484375
f1_6906ee74a5a7f879,1,lastfm,gcn,12348,89.1586685180664,88.93280792236328
f1_6906ee74a5a7f879,1,lastfm,gcn,12349,89.83625030517578,87.40824127197266
f1_6906ee74a5a7f879,1,lastfm,gcn,12350,88.25521850585938,89.61038208007812
f1_6906ee74a5a7f879,1,lastfm,gcn,12351,88.14229583740234,88.87633514404297
f1_6906ee74a5a7f879,1,lastfm,gcn,12352,88.14229583740234,89.21512603759766
f1_6906ee74a5a7f879,1,lastfm,gcn,12353,88.5940170288086,87.46470642089844
f1_6906ee74a5a7f879,1,lastfm,gcn,12354,89.61038208007812,87.8599624633789
f1_4b330632fbab07a0,1,lastfm,gcn,12345,89.44098663330078,88.14229583740234
f1_4b330632fbab07a0,1,lastfm,gcn,12346,89.04573059082031,89.10220336914062
f1_4b330632fbab07a0,1,lastfm,gcn,12347,89.04573059082031,89.10220336914062
f1_4b330632fbab07a0,1,lastfm,gcn,12348,89.32806396484375,89.38452911376953
f1_4b330632fbab07a0,1,lastfm,gcn,12349,89.1586685180664,87.12591552734375
f1_4b330632fbab07a0,1,lastfm,gcn,12350,88.42461395263672,89.1586685180664
f1_4b330632fbab07a0,1,lastfm,gcn,12351,88.25521850585938,88.70694732666016
f1_4b330632fbab07a0,1,lastfm,gcn,12352,88.42461395263672,88.31168365478516
f1_4b330632fbab07a0,1,lastfm,gcn,12353,88.5940170288086,87.69056701660156
f1_4b330632fbab07a0,1,lastfm,gcn,12354,90.17504119873047,87.63410186767578
f1_6d3673bbd6cb85ac,1,lastfm,gcn,12345,89.38452911376953,88.08582305908203
f1_6d3673bbd6cb85ac,1,lastfm,gcn,12346,89.04573059082031,89.66685485839844
f1_6d3673bbd6cb85ac,1,lastfm,gcn,12347,89.1586685180664,88.76341247558594
f1_6d3673bbd6cb85ac,1,lastfm,gcn,12348,89.4974594116211,89.61038208007812
f1_6d3673bbd6cb85ac,1,lastfm,gcn,12349,89.55392456054688,87.2953109741211
f1_6d3673bbd6cb85ac,1,lastfm,gcn,12350,88.31168365478516,89.61038208007812
f1_6d3673bbd6cb85ac,1,lastfm,gcn,12351,88.31168365478516,88.5940170288086
f1_6d3673bbd6cb85ac,1,lastfm,gcn,12352,88.42461395263672,88.4810791015625
f1_6d3673bbd6cb85ac,1,lastfm,gcn,12353,88.65047454833984,87.63410186767578
f1_6d3673bbd6cb85ac,1,lastfm,gcn,12354,90.00564575195312,88.19876098632812
f1_3e535f6adb756a06,1,lastfm,gcn,12345,89.27159881591797,87.80349731445312
f1_3e535f6adb756a06,1,lastfm,gcn,12346,89.27159881591797,89.10220336914062
f1_3e535f6adb756a06,1,lastfm,gcn,12347,88.93280792236328,89.21512603759766
f1_3e535f6adb756a06,1,lastfm,gcn,12348,88.98927307128906,89.21512603759766
f1_3e535f6adb756a06,1,lastfm,gcn,12349,89.66685485839844,87.23884582519531
f1_3e535f6adb756a06,1,lastfm,gcn,12350,88.08582305908203,89.27159881591797
f1_3e535f6adb756a06,1,lastfm,gcn,12351,88.02935791015625,88.93280792236328
f1_3e535f6adb756a06,1,lastfm,gcn,12352,88.25521850585938,88.4810791015625
f1_3e535f6adb756a06,1,lastfm,gcn,12353,88.42461395263672,87.57764434814453
f1_3e535f6adb756a06,1,lastfm,gcn,12354,89.66685485839844,87.57764434814453
f1_3115900078ae501a,1,lastfm,gcn,12345,89.66685485839844,88.08582305908203
f1_3115900078ae501a,1,lastfm,gcn,12346,88.93280792236328,89.10220336914062
f1_3115900078ae501a,1,lastfm,gcn,12347,89.38452911376953,88.93280792236328
f1_3115900078ae501a,1,lastfm,gcn,12348,89.10220336914062,89.66685485839844
f1_3115900078ae501a,1,lastfm,gcn,12349,89.32806396484375,86.84358978271484
f1_3115900078ae501a,1,lastfm,gcn,12350,88.19876098632812,89.66685485839844
f1_3115900078ae501a,1,lastfm,gcn,12351,88.36815643310547,88.98927307128906
f1_3115900078ae501a,1,lastfm,gcn,12352,88.36815643310547,88.70694732666016
f1_3115900078ae501a,1,lastfm,gcn,12353,88.42461395263672,87.46470642089844
f1_3115900078ae501a,1,lastfm,gcn,12354,90.0621109008789,87.91642761230469
f1_e5978f220cf58cd3,1,citeseer,gcn,12345,66.10577392578125,62.86057662963867
f1_e5978f220cf58cd3,1,citeseer,gcn,12346,63.701927185058594,63.701927185058594
f1_e5978f220cf58cd3,1,citeseer,gcn,12347,65.98558044433594,64.30288696289062
f1_e5978f220cf58cd3,1,citeseer,gcn,12348,61.5384635925293,61.89904022216797
f1_e5978f220cf58cd3,1,citeseer,gcn,12349,64.54327392578125,64.66346740722656
f1_e5978f220cf58cd3,1,citeseer,gcn,12350,63.1009635925293,63.58173370361328
f1_e5978f220cf58cd3,1,citeseer,gcn,12351,63.822120666503906,65.14423370361328
f1_e5978f220cf58cd3,1,citeseer,gcn,12352,66.58654022216797,64.78365325927734
f1_e5978f220cf58cd3,1,citeseer,gcn,12353,64.18269348144531,62.01923370361328
f1_e5978f220cf58cd3,1,citeseer,gcn,12354,62.62019348144531,63.22115707397461
f1_cc3e8d8ea8f9d4a7,1,citeseer,gcn,12345,65.50480651855469,63.1009635925293
f1_cc3e8d8ea8f9d4a7,1,citeseer,gcn,12346,64.78365325927734,62.740386962890625
f1_cc3e8d8ea8f9d4a7,1,citeseer,gcn,12347,65.14423370361328,63.46154022216797
f1_cc3e8d8ea8f9d4a7,1,citeseer,gcn,12348,62.01923370361328,62.5
f1_cc3e8d8ea8f9d4a7,1,citeseer,gcn,12349,64.42308044433594,63.58173370361328
f1_cc3e8d8ea8f9d4a7,1,citeseer,gcn,12350,63.22115707397461,63.1009635925293
f1_cc3e8d8ea8f9d4a7,1,citeseer,gcn,12351,64.0625,64.42308044433594
f1_cc3e8d8ea8f9d4a7,1,citeseer,gcn,12352,66.8269271850586,64.42308044433594
f1_cc3e8d8ea8f9d4a7,1,citeseer,gcn,12353,64.66346740722656,62.01923370361328
f1_cc3e8d8ea8f9d4a7,1,citeseer,gcn,12354,64.0625,64.18269348144531
f1_afbaad48aad1440f,1,citeseer,gcn,12345,66.22596740722656,62.980770111083984
f1_afbaad48aad1440f,1,citeseer,gcn,12346,66.46634674072266,64.54327392578125
f1_afbaad48aad1440f,1,citeseer,gcn,12347,66.10577392578125,65.14423370361328
f1_afbaad48aad1440f,1,citeseer,gcn,12348,61.77885055541992,62.259620666503906
f1_afbaad48aad1440f,1,citeseer,gcn,12349,62.5,63.22115707397461
f1_afbaad48aad1440f,1,citeseer,gcn,12350,64.54327392578125,64.0625
f1_afbaad48aad1440f,1,citeseer,gcn,12351,62.86057662963867,64.66346740722656
f1_afbaad48aad1440f,1,citeseer,gcn,12352,66.46634674072266,64.90384674072266
f1_afbaad48aad1440f,1,citeseer,gcn,12353,66.58654022216797,63.34135055541992
f1_afbaad48aad1440f,1,citeseer,gcn,12354,60.81730651855469,62.980770111083984
f1_631e76b89b8166a7,1,citeseer,gcn,12345,68.99038696289062,68.14904022216797
f1_631e76b89b8166a7,1,citeseer,gcn,12346,67.06730651855469,67.1875
f1_631e76b89b8166a7,1,citeseer,gcn,12347,67.30769348144531,64.54327392578125
f1_631e76b89b8166a7,1,citeseer,gcn,12348,68.02884674072266,68.02884674072266
f1_631e76b89b8166a7,1,citeseer,gcn,12349,65.3846206665039,66.10577392578125
f1_631e76b89b8166a7,1,citeseer,gcn,12350,67.90865325927734,68.26923370361328
f1_631e76b89b8166a7,1,citeseer,gcn,12351,65.02404022216797,64.66346740722656
f1_631e76b89b8166a7,1,citeseer,gcn,12352,69.59134674072266,68.75
f1_631e76b89b8166a7,1,citeseer,gcn,12353,71.39423370361328,68.26923370361328
f1_631e76b89b8166a7,1,citeseer,gcn,12354,66.46634674072266,69.11058044433594
f1_20a0ef4fceb925dd,1,citeseer,gcn,12345,70.0721206665039,71.6346206665039
f1_20a0ef4fceb925dd,1,citeseer,gcn,12346,69.71154022216797,68.14904022216797
f1_20a0ef4fceb925dd,1,citeseer,gcn,12347,70.43269348144531,65.86538696289062
f1_20a0ef4fceb925dd,1,citeseer,gcn,12348,69.23077392578125,68.3894271850586
f1_20a0ef4fceb925dd,1,citeseer,gcn,12349,67.1875,66.9471206665039
f1_20a0ef4fceb925dd,1,citeseer,gcn,12350,68.26923370361328,68.62981414794922
f1_20a0ef4fceb925dd,1,citeseer,gcn,12351,68.5096206665039,65.50480651855469
f1_20a0ef4fceb925dd,1,citeseer,gcn,12352,70.19231414794922,67.54808044433594
f1_20a0ef4fceb925dd,1,citeseer,gcn,12353,69.9519271850586,67.30769348144531
f1_20a0ef4fceb925dd,1,citeseer,gcn,12354,69.23077392578125,69.11058044433594
f1_c51be1ad78e4d095,1,citeseer,gcn,12345,69.59134674072266,70.0721206665039
f1_c51be1ad78e4d095,1,citeseer,gcn,12346,68.5096206665039,68.3894271850586
f1_c51be1ad78e4d095,1,citeseer,gcn,12347,69.83173370361328,65.86538696289062
f1_c51be1ad78e4d095,1,citeseer,gcn,12348,66.34615325927734,66.58654022216797
f1_c51be1ad78e4d095,1,citeseer,gcn,12349,66.22596740722656,67.1875
f1_c51be1ad78e4d095,1,citeseer,gcn,12350,66.70673370361328,68.62981414794922
f1_c51be1ad78e4d095,1,citeseer,gcn,12351,67.06730651855469,66.10577392578125
f1_c51be1ad78e4d095,1,citeseer,gcn,12352,70.67308044433594,67.90865325927734
f1_c51be1ad78e4d095,1,citeseer,gcn,12353,68.75,67.90865325927734
f1_c51be1ad78e4d095,1,citeseer,gcn,12354,65.98558044433594,67.78846740722656
f1_2a606af65b357ce8,1,citeseer,gcn,12345,70.79327392578125,69.47115325927734
f1_2a606af65b357ce8,1,citeseer,gcn,12346,69.59134674072266,68.62981414794922
f1_2a606af65b357ce8,1,citeseer,gcn,12347,70.55288696289062,66.9471206665039
f1_2a606af65b357ce8,1,citeseer,gcn,12348,68.3894271850586,67.42788696289062
f1_2a606af65b357ce8,1,citeseer,gcn,12349,67.30769348144531,67.1875
f1_2a606af65b357ce8,1,citeseer,gcn,12350,66.8269271850586,68.02884674072266
f1_2a606af65b357ce8,1,citeseer,gcn,12351,68.5096206665039,66.34615325927734
f1_2a606af65b357ce8,1,citeseer,gcn,12352,71.875,67.42788696289062
f1_2a606af65b357ce8,1,citeseer,gcn,12353,71.15384674072266,67.78846740722656
f1_2a606af65b357ce8,1,citeseer,gcn,12354,67.1875,68.02884674072266
f1_4b954a5b37634d65,1,citeseer,gcn,12345,70.3125,69.71154022216797
f1_4b954a5b37634d65,1,citeseer,gcn,12346,69.9519271850586,70.0721206665039
f1_4b954a5b37634d65,1,citeseer,gcn,12347,70.43269348144531,67.78846740722656
f1_4b954a5b37634d65,1,citeseer,gcn,12348,69.59134674072266,68.87019348144531
f1_4b954a5b37634d65,1,citeseer,gcn,12349,68.02884674072266,68.62981414794922
f1_4b954a5b37634d65,1,citeseer,gcn,12350,67.06730651855469,67.90865325927734
f1_4b954a5b37634d65,1,citeseer,gcn,12351,69.59134674072266,66.70673370361328
f1_4b954a5b37634d65,1,citeseer,gcn,12352,71.15384674072266,66.70673370361328
f1_4b954a5b37634d65,1,citeseer,gcn,12353,71.75481414794922,68.26923370361328
f1_4b954a5b37634d65,1,citeseer,gcn,12354,67.1875,68.87019348144531
f1_2ebc30d5d7003ecf,1,citeseer,gcn,12345,70.3125,69.11058044433594
f1_2ebc30d5d7003ecf,1,citeseer,gcn,12346,69.23077392578125,66.8269271850586
f1_2ebc30d5d7003ecf,1,citeseer,gcn,12347,71.15384674072266,67.78846740722656
f1_2ebc30d5d7003ecf,1,citeseer,gcn,12348,69.47115325927734,67.90865325927734
f1_2ebc30d5d7003ecf,1,citeseer,gcn,12349,67.78846740722656,67.78846740722656
f1_2ebc30d5d7003ecf,1,citeseer,gcn,12350,66.70673370361328,66.8269271850586
f1_2ebc30d5d7003ecf,1,citeseer,gcn,12351,68.87019348144531,66.70673370361328
f1_2ebc30d5d7003ecf,1,citeseer,gcn,12352,71.875,67.1875
f1_2ebc30d5d7003ecf,1,citeseer,gcn,12353,70.55288696289062,68.62981414794922
f1_2ebc30d5d7003ecf,1,citeseer,gcn,12354,67.42788696289062,70.0721206665039
f1_026baaf7c8431981,1,citeseer,gcn,12345,70.43269348144531,71.27404022216797
f1_026baaf7c8431981,1,citeseer,gcn,12346,70.0721206665039,68.02884674072266
f1_026baaf7c8431981,1,citeseer,gcn,12347,70.19231414794922,67.78846740722656
f1_026baaf7c8431981,1,citeseer,gcn,12348,69.23077392578125,69.71154022216797
f1_026baaf7c8431981,1,citeseer,gcn,12349,67.78846740722656,67.30769348144531
f1_026baaf7c8431981,1,citeseer,gcn,12350,68.3894271850586,68.3894271850586
f1_026baaf7c8431981,1,citeseer,gcn,12351,67.90865325927734,65.02404022216797
f1_026baaf7c8431981,1,citeseer,gcn,12352,71.27404022216797,67.30769348144531
f1_026baaf7c8431981,1,citeseer,gcn,12353,71.03365325927734,68.75
f1_026baaf7c8431981,1,citeseer,gcn,12354,68.3894271850586,71.5144271850586
f1_4d206440a1cfb0c8,1,cora,gcn,12345,78.43426513671875,77.99113464355469
f1_4d206440a1cfb0c8,1,cora,gcn,12346,82.7178726196289,80.94534301757812
f1_4d206440a1cfb0c8,1,cora,gcn,12347,81.68389892578125,80.79763793945312
f1_4d206440a1cfb0c8,1,cora,gcn,12348,79.3205337524414,78.87740325927734
f1_4d206440a1cfb0c8,1,cora,gcn,12349,80.6499252319336,79.17282104492188
f1_4d206440a1cfb0c8,1,cora,gcn,12350,79.3205337524414,78.28656005859375
f1_4d206440a1cfb0c8,1,cora,gcn,12351,78.13884735107422,76.36632537841797
f1_4d206440a1cfb0c8,1,cora,gcn,12352,78.58197784423828,78.28656005859375
f1_4d206440a1cfb0c8,1,cora,gcn,12353,75.03692626953125,76.95716094970703
f1_4d206440a1cfb0c8,1,cora,gcn,12354,76.0708999633789,76.0708999633789
f1_234ff1f9e4fb39ab,1,cora,gcn,12345,80.94534301757812,83.01329040527344
f1_234ff1f9e4fb39ab,1,cora,gcn,12346,83.16100311279297,79.61595153808594
f1_234ff1f9e4fb39ab,1,cora,gcn,12347,82.86558532714844,81.09305572509766
f1_234ff1f9e4fb39ab,1,cora,gcn,12348,81.68389892578125,81.09305572509766
f1_234ff1f9e4fb39ab,1,cora,gcn,12349,81.53618621826172,80.05908203125
f1_234ff1f9e4fb39ab,1,cora,gcn,12350,79.911376953125,81.83161163330078
f1_234ff1f9e4fb39ab,1,cora,gcn,12351,83.16100311279297,81.38848114013672
f1_234ff1f9e4fb39ab,1,cora,gcn,12352,82.27474212646484,83.01329040527344
f1_234ff1f9e4fb39ab,1,cora,gcn,12353,80.35450744628906,78.58197784423828
f1_234ff1f9e4fb39ab,1,cora,gcn,12354,80.50221252441406,81.24076843261719
f1_701634e763e8b1ef,1,cora,gcn,12345,81.83161163330078,83.8995590209961
f1_701634e763e8b1ef,1,cora,gcn,12346,85.81979370117188,83.60413360595703
f1_701634e763e8b1ef,1,cora,gcn,12347,83.8995590209961,83.8995590209961
f1_701634e763e8b1ef,1,cora,gcn,12348,83.01329040527344,82.86558532714844
f1_701634e763e8b1ef,1,cora,gcn,12349,85.37666320800781,84.78582000732422
f1_701634e763e8b1ef,1,cora,gcn,12350,81.24076843261719,81.24076843261719
f1_701634e763e8b1ef,1,cora,gcn,12351,84.78582000732422,83.8995590209961
f1_701634e763e8b1ef,1,cora,gcn,12352,83.60413360595703,86.1152114868164
f1_701634e763e8b1ef,1,cora,gcn,12353,84.0472640991211,83.01329040527344
f1_701634e763e8b1ef,1,cora,gcn,12354,79.17282104492188,81.68389892578125
f1_0feb9e5067ac7d8c,1,cora,gcn,12345,83.4564208984375,84.34268951416016
f1_0feb9e5067ac7d8c,1,cora,gcn,12346,86.1152114868164,83.60413360595703
f1_0feb9e5067ac7d8c,1,cora,gcn,12347,85.22895050048828,84.78582000732422
f1_0feb9e5067ac7d8c,1,cora,gcn,12348,86.85376739501953,84.63810729980469
f1_0feb9e5067ac7d8c,1,cora,gcn,12349,85.37666320800781,84.34268951416016
f1_0feb9e5067ac7d8c,1,cora,gcn,12350,80.20679473876953,80.20679473876953
f1_0feb9e5067ac7d8c,1,cora,gcn,12351,83.60413360595703,83.16100311279297
f1_0feb9e5067ac7d8c,1,cora,gcn,12352,84.63810729980469,85.37666320800781
f1_0feb9e5067ac7d8c,1,cora,gcn,12353,84.93353271484375,85.37666320800781
f1_0feb9e5067ac7d8c,1,cora,gcn,12354,85.52436828613281,85.52436828613281
f1_2262f7b8a7830235,1,cora,gcn,12345,84.19497680664062,84.93353271484375
f1_2262f7b8a7830235,1,cora,gcn,12346,87.00147247314453,85.96749877929688
f1_2262f7b8a7830235,1,cora,gcn,12347,86.1152114868164,84.63810729980469
f1_2262f7b8a7830235,1,cora,gcn,12348,86.85376739501953,84.78582000732422
f1_2262f7b8a7830235,1,cora,gcn,12349,85.08123779296875,83.4564208984375
f1_2262f7b8a7830235,1,cora,gcn,12350,84.19497680664062,82.27474212646484
f1_2262f7b8a7830235,1,cora,gcn,12351,85.52436828613281,85.08123779296875
f1_2262f7b8a7830235,1,cora,gcn,12352,85.08123779296875,85.67208099365234
f1_2262f7b8a7830235,1,cora,gcn,12353,85.22895050048828,86.1152114868164
f1_2262f7b8a7830235,1,cora,gcn,12354,85.08123779296875,86.55834197998047
f1_54b5c2612737f3fb,1,cora,gcn,12345,84.0472640991211,84.63810729980469
f1_54b5c2612737f3fb,1,cora,gcn,12346,86.1152114868164,84.34268951416016
f1_54b5c2612737f3fb,1,cora,gcn,12347,86.55834197998047,85.22895050048828
f1_54b5c2612737f3fb,1,cora,gcn,12348,87.00147247314453,85.52436828613281
f1_54b5c2612737f3fb,1,cora,gcn,12349,86.41063690185547,84.78582000732422
f1_54b5c2612737f3fb,1,cora,gcn,12350,82.57015991210938,84.0472640991211
f1_54b5c2612737f3fb,1,cora,gcn,12351,84.0472640991211,84.78582000732422
f1_54b5c2612737f3fb,1,cora,gcn,12352,85.37666320800781,86.1152114868164
f1_54b5c2612737f3fb,1,cora,gcn,12353,84.63810729980469,85.08123779296875
f1_54b5c2612737f3fb,1,cora,gcn,12354,85.22895050048828,85.81979370117188
f1_ef33edca81540386,1,cora,gcn,12345,84.34268951416016,85.08123779296875
f1_ef33edca81540386,1,cora,gcn,12346,85.81979370117188,83.75184631347656
f1_ef33edca81540386,1,cora,gcn,12347,85.52436828613281,86.1152114868164
f1_ef33edca81540386,1,cora,gcn,12348,87.2968978881836,86.1152114868164
f1_ef33edca81540386,1,cora,gcn,12349,85.37666320800781,84.49039459228516
f1_ef33edca81540386,1,cora,gcn,12350,83.4564208984375,84.0472640991211
f1_ef33edca81540386,1,cora,gcn,12351,84.49039459228516,85.08123779296875
f1_ef33edca81540386,1,cora,gcn,12352,87.00147247314453,87.00147247314453
f1_ef33edca81540386,1,cora,gcn,12353,84.34268951416016,85.67208099365234
f1_ef33edca81540386,1,cora,gcn,12354,84.34268951416016,85.96749877929688
f1_df528745af058c95,1,cora,gcn,12345,84.34268951416016,83.8995590209961
f1_df528745af058c95,1,cora,gcn,12346,86.41063690185547,83.75184631347656
f1_df528745af058c95,1,cora,gcn,12347,84.49039459228516,83.4564208984375
f1_df528745af058c95,1,cora,gcn,12348,86.41063690185547,84.49039459228516
f1_df528745af058c95,1,cora,gcn,12349,85.81979370117188,85.37666320800781
f1_df528745af058c95,1,cora,gcn,12350,81.53618621826172,81.97931671142578
f1_df528745af058c95,1,cora,gcn,12351,84.19497680664062,84.34268951416016
f1_df528745af058c95,1,cora,gcn,12352,85.52436828613281,85.81979370117188
f1_df528745af058c95,1,cora,gcn,12353,82.12702941894531,84.93353271484375
f1_df528745af058c95,1,cora,gcn,12354,84.78582000732422,85.96749877929688
f1_b08d423097ac2809,1,cora,gcn,12345,83.3087158203125,85.37666320800781
f1_b08d423097ac2809,1,cora,gcn,12346,87.74002838134766,86.41063690185547
f1_b08d423097ac2809,1,cora,gcn,12347,85.52436828613281,85.52436828613281
f1_b08d423097ac2809,1,cora,gcn,12348,86.7060546875,85.08123779296875
f1_b08d423097ac2809,1,cora,gcn,12349,85.08123779296875,83.8995590209961
f1_b08d423097ac2809,1,cora,gcn,12350,83.3087158203125,84.0472640991211
f1_b08d423097ac2809,1,cora,gcn,12351,84.78582000732422,85.22895050048828
f1_b08d423097ac2809,1,cora,gcn,12352,86.1152114868164,86.41063690185547
f1_b08d423097ac2809,1,cora,gcn,12353,85.67208099365234,86.26292419433594
f1_b08d423097ac2809,1,cora,gcn,12354,85.37666320800781,87.14918518066406
f1_eb60601729d6ad0d,1,cora,gcn,12345,83.8995590209961,83.8995590209961
f1_eb60601729d6ad0d,1,cora,gcn,12346,86.85376739501953,85.37666320800781
f1_eb60601729d6ad0d,1,cora,gcn,12347,85.52436828613281,84.49039459228516
f1_eb60601729d6ad0d,1,cora,gcn,12348,85.96749877929688,85.37666320800781
f1_eb60601729d6ad0d,1,cora,gcn,12349,84.49039459228516,83.8995590209961
f1_eb60601729d6ad0d,1,cora,gcn,12350,82.57015991210938,82.12702941894531
f1_eb60601729d6ad0d,1,cora,gcn,12351,84.0472640991211,84.93353271484375
f1_eb60601729d6ad0d,1,cora,gcn,12352,85.37666320800781,86.41063690185547
f1_eb60601729d6ad0d,1,cora,gcn,12353,84.78582000732422,86.26292419433594
f1_eb60601729d6ad0d,1,cora,gcn,12354,84.78582000732422,86.85376739501953
f1_99e0f83214197da0,1,facebook,gcn,12345,91.90103149414062,91.4560317993164
f1_99e0f83214197da0,1,facebook,gcn,12346,92.09683227539062,91.4560317993164
f1_99e0f83214197da0,1,facebook,gcn,12347,92.29263305664062,91.86543273925781
f1_99e0f83214197da0,1,facebook,gcn,12348,91.90103149414062,91.86543273925781
f1_99e0f83214197da0,1,facebook,gcn,12349,91.634033203125,92.16802978515625
f1_99e0f83214197da0,1,facebook,gcn,12350,93.05802917480469,91.4560317993164
f1_99e0f83214197da0,1,facebook,gcn,12351,91.56282806396484,91.72303009033203
f1_99e0f83214197da0,1,facebook,gcn,12352,91.26023864746094,90.7618408203125
f1_99e0f83214197da0,1,facebook,gcn,12353,92.39942932128906,91.8476333618164
f1_99e0f83214197da0,1,facebook,gcn,12354,91.49163055419922,90.9754409790039
f1_7d934996e7081cad,1,facebook,gcn,12345,93.48522186279297,92.84442901611328
f1_7d934996e7081cad,1,facebook,gcn,12346,93.32502746582031,92.93342590332031
f1_7d934996e7081cad,1,facebook,gcn,12347,93.5030288696289,93.20042419433594
f1_7d934996e7081cad,1,facebook,gcn,12348,93.60982513427734,93.36062622070312
f1_7d934996e7081cad,1,facebook,gcn,12349,92.6842269897461,93.00462341308594
f1_7d934996e7081cad,1,facebook,gcn,12350,93.46742248535156,91.97222900390625
f1_7d934996e7081cad,1,facebook,gcn,12351,92.59523010253906,92.95122528076172
f1_7d934996e7081cad,1,facebook,gcn,12352,92.7198257446289,92.34603118896484
f1_7d934996e7081cad,1,facebook,gcn,12353,93.41402435302734,93.0758285522461
f1_7d934996e7081cad,1,facebook,gcn,12354,93.0758285522461,93.1114273071289
f1_582494955b3aa459,1,facebook,gcn,12345,94.32182312011719,93.78782653808594
f1_582494955b3aa459,1,facebook,gcn,12346,94.28622436523438,93.48522186279297
f1_582494955b3aa459,1,facebook,gcn,12347,94.5354232788086,93.57422637939453
f1_582494955b3aa459,1,facebook,gcn,12348,93.39622497558594,93.77002716064453
f1_582494955b3aa459,1,facebook,gcn,12349,93.84122467041016,94.01922607421875
f1_582494955b3aa459,1,facebook,gcn,12350,95.12281799316406,93.43182373046875
f1_582494955b3aa459,1,facebook,gcn,12351,93.5030288696289,93.59202575683594
f1_582494955b3aa459,1,facebook,gcn,12352,93.37842559814453,92.93342590332031
f1_582494955b3aa459,1,facebook,gcn,12353,93.89462280273438,93.7522201538086
f1_582494955b3aa459,1,facebook,gcn,12354,93.9658203125,93.60982513427734
f1_99e0ae8088338e36,1,facebook,gcn,12345,94.48202514648438,93.84122467041016
f1_99e0ae8088338e36,1,facebook,gcn,12346,94.60662078857422,93.9658203125
f1_99e0ae8088338e36,1,facebook,gcn,12347,94.51762390136719,93.91242218017578
f1_99e0ae8088338e36,1,facebook,gcn,12348,93.82342529296875,94.30402374267578
f1_99e0ae8088338e36,1,facebook,gcn,12349,93.69882202148438,94.30402374267578
f1_99e0ae8088338e36,1,facebook,gcn,12350,94.9626235961914,93.52082824707031
f1_99e0ae8088338e36,1,facebook,gcn,12351,93.89462280273438,93.57422637939453
f1_99e0ae8088338e36,1,facebook,gcn,12352,93.55642700195312,93.39622497558594
f1_99e0ae8088338e36,1,facebook,gcn,12353,94.357421875,93.9480209350586
f1_99e0ae8088338e36,1,facebook,gcn,12354,94.25062561035156,93.93022918701172
f1_d1cb12a8546f7003,1,facebook,gcn,12345,94.5710220336914,93.93022918701172
f1_d1cb12a8546f7003,1,facebook,gcn,12346,94.64221954345703,93.77002716064453
f1_d1cb12a8546f7003,1,facebook,gcn,12347,94.49981689453125,93.82342529296875
f1_d1cb12a8546f7003,1,facebook,gcn,12348,93.78782653808594,94.16162109375
f1_d1cb12a8546f7003,1,facebook,gcn,12349,93.80562591552734,94.03702545166016
f1_d1cb12a8546f7003,1,facebook,gcn,12350,94.85581970214844,93.71662902832031
f1_d1cb12a8546f7003,1,facebook,gcn,12351,93.64542388916016,93.59202575683594
f1_d1cb12a8546f7003,1,facebook,gcn,12352,93.64542388916016,93.32502746582031
f1_d1cb12a8546f7003,1,facebook,gcn,12353,93.91242218017578,94.01922607421875
f1_d1cb12a8546f7003,1,facebook,gcn,12354,94.42861938476562,93.9480209350586
f1_cdac4b59ded21d6c,1,facebook,gcn,12345,94.55322265625,93.93022918701172
f1_cdac4b59ded21d6c,1,facebook,gcn,12346,94.42861938476562,94.07262420654297
f1_cdac4b59ded21d6c,1,facebook,gcn,12347,94.41082763671875,93.85902404785156
f1_cdac4b59ded21d6c,1,facebook,gcn,12348,93.82342529296875,94.16162109375
f1_cdac4b59ded21d6c,1,facebook,gcn,12349,93.62762451171875,94.26842498779297
f1_cdac4b59ded21d6c,1,facebook,gcn,12350,94.98041534423828,93.6632308959961
f1_cdac4b59ded21d6c,1,facebook,gcn,12351,93.6632308959961,93.73442840576172
f1_cdac4b59ded21d6c,1,facebook,gcn,12352,93.59202575683594,93.12922668457031
f1_cdac4b59ded21d6c,1,facebook,gcn,12353,94.32182312011719,94.10822296142578
f1_cdac4b59ded21d6c,1,facebook,gcn,12354,94.09042358398438,93.78782653808594
f1_cd79f57e094e6edb,1,facebook,gcn,12345,94.48202514648438,93.9480209350586
f1_cd79f57e094e6edb,1,facebook,gcn,12346,94.41082763671875,93.73442840576172
f1_cd79f57e094e6edb,1,facebook,gcn,12347,94.49981689453125,94.01922607421875
f1_cd79f57e094e6edb,1,facebook,gcn,12348,94.09042358398438,94.46422576904297
f1_cd79f57e094e6edb,1,facebook,gcn,12349,93.80562591552734,94.16162109375
f1_cd79f57e094e6edb,1,facebook,gcn,12350,95.06941986083984,93.64542388916016
f1_cd79f57e094e6edb,1,facebook,gcn,12351,93.5030288696289,93.55642700195312
f1_cd79f57e094e6edb,1,facebook,gcn,12352,93.7522201538086,93.6632308959961
f1_cd79f57e094e6edb,1,facebook,gcn,12353,94.30402374267578,93.9658203125
f1_cd79f57e094e6edb,1,facebook,gcn,12354,94.32182312011719,93.55642700195312
f1_bf65318f0452be17,1,facebook,gcn,12345,94.51762390136719,94.00142669677734
f1_bf65318f0452be17,1,facebook,gcn,12346,94.44641876220703,93.93022918701172
f1_bf65318f0452be17,1,facebook,gcn,12347,94.3752212524414,93.87682342529297
f1_bf65318f0452be17,1,facebook,gcn,12348,93.91242218017578,94.03702545166016
f1_bf65318f0452be17,1,facebook,gcn,12349,93.78782653808594,94.16162109375
f1_bf65318f0452be17,1,facebook,gcn,12350,94.90921783447266,93.55642700195312
f1_bf65318f0452be17,1,facebook,gcn,12351,93.55642700195312,93.71662902832031
f1_bf65318f0452be17,1,facebook,gcn,12352,93.78782653808594,93.55642700195312
f1_bf65318f0452be17,1,facebook,gcn,12353,94.05482482910156,93.9480209350586
f1_bf65318f0452be17,1,facebook,gcn,12354,94.3752212524414,93.60982513427734
f1_fdcaf442edb3b479,1,facebook,gcn,12345,94.357421875,93.82342529296875
f1_fdcaf442edb3b479,1,facebook,gcn,12346,94.85581970214844,93.80562591552734
f1_fdcaf442edb3b479,1,facebook,gcn,12347,94.51762390136719,93.9480209350586
f1_fdcaf442edb3b479,1,facebook,gcn,12348,93.57422637939453,94.1794204711914
f1_fdcaf442edb3b479,1,facebook,gcn,12349,93.73442840576172,94.05482482910156
f1_fdcaf442edb3b479,1,facebook,gcn,12350,94.92701721191406,93.39622497558594
f1_fdcaf442edb3b479,1,facebook,gcn,12351,93.6632308959961,93.78782653808594
f1_fdcaf442edb3b479,1,facebook,gcn,12352,94.03702545166016,93.27162170410156
f1_fdcaf442edb3b479,1,facebook,gcn,12353,93.82342529296875,93.48522186279297
f1_fdcaf442edb3b479,1,facebook,gcn,12354,94.23281860351562,93.9480209350586
f1_3ba4943e6165d07d,1,facebook,gcn,12345,94.48202514648438,93.98362731933594
f1_3ba4943e6165d07d,1,facebook,gcn,12346,94.55322265625,93.7522201538086
f1_3ba4943e6165d07d,1,facebook,gcn,12347,94.19722747802734,93.91242218017578
f1_3ba4943e6165d07d,1,facebook,gcn,12348,93.98362731933594,94.25062561035156
f1_3ba4943e6165d07d,1,facebook,gcn,12349,93.80562591552734,94.1794204711914
f1_3ba4943e6165d07d,1,facebook,gcn,12350,94.69562530517578,93.23603057861328
f1_3ba4943e6165d07d,1,facebook,gcn,12351,93.6632308959961,93.7522201538086
f1_3ba4943e6165d07d,1,facebook,gcn,12352,93.64542388916016,93.37842559814453
f1_3ba4943e6165d07d,1,facebook,gcn,12353,93.85902404785156,94.14382934570312
f1_3ba4943e6165d07d,1,facebook,gcn,12354,94.44641876220703,93.89462280273438
f1_9bd711a661cd6790,1,lastfm,gcn,12345,81.76171875,80.63241577148438
f1_9bd711a661cd6790,1,lastfm,gcn,12346,83.39920806884766,82.77809143066406
f1_9bd711a661cd6790,1,lastfm,gcn,12347,83.96385955810547,84.86730194091797
f1_9bd711a661cd6790,1,lastfm,gcn,12348,85.54489135742188,84.30265045166016
f1_9bd711a661cd6790,1,lastfm,gcn,12349,81.19706726074219,77.41388702392578
f1_9bd711a661cd6790,1,lastfm,gcn,12350,85.54489135742188,84.98023986816406
f1_9bd711a661cd6790,1,lastfm,gcn,12351,84.64144134521484,84.92376708984375
f1_9bd711a661cd6790,1,lastfm,gcn,12352,83.45567321777344,82.49575805664062
f1_9bd711a661cd6790,1,lastfm,gcn,12353,84.5849838256836,84.13325500488281
f1_9bd711a661cd6790,1,lastfm,gcn,12354,84.30265045166016,82.10050201416016
f1_3d9590a6cb1217ff,1,lastfm,gcn,12345,87.46470642089844,86.50479888916016
f1_3d9590a6cb1217ff,1,lastfm,gcn,12346,85.37549591064453,85.37549591064453
f1_3d9590a6cb1217ff,1,lastfm,gcn,12347,86.33540344238281,86.61772918701172
f1_3d9590a6cb1217ff,1,lastfm,gcn,12348,86.78712463378906,87.06945037841797
f1_3d9590a6cb1217ff,1,lastfm,gcn,12349,86.78712463378906,83.51213836669922
f1_3d9590a6cb1217ff,1,lastfm,gcn,12350,80.35008239746094,80.63241577148438
f1_3d9590a6cb1217ff,1,lastfm,gcn,12351,84.69790649414062,84.4720458984375
f1_3d9590a6cb1217ff,1,lastfm,gcn,12352,83.11688232421875,82.15697479248047
f1_3d9590a6cb1217ff,1,lastfm,gcn,12353,81.87464141845703,80.91473388671875
f1_3d9590a6cb1217ff,1,lastfm,gcn,12354,86.10954284667969,84.02032470703125
f1_de5d031e5e454659,1,lastfm,gcn,12345,88.5940170288086,87.18238067626953
f1_de5d031e5e454659,1,lastfm,gcn,12346,88.76341247558594,87.63410186767578
f1_de5d031e5e454659,1,lastfm,gcn,12347,88.70694732666016,87.8599624633789
f1_de5d031e5e454659,1,lastfm,gcn,12348,89.61038208007812,88.4810791015625
f1_de5d031e5e454659,1,lastfm,gcn,12349,89.66685485839844,86.22247314453125
f1_de5d031e5e454659,1,lastfm,gcn,12350,87.91642761230469,88.65047454833984
f1_de5d031e5e454659,1,lastfm,gcn,12351,86.90005493164062,88.53755187988281
f1_de5d031e5e454659,1,lastfm,gcn,12352,87.69056701660156,85.770751953125
f1_de5d031e5e454659,1,lastfm,gcn,12353,87.52117156982422,86.6741943359375
f1_de5d031e5e454659,1,lastfm,gcn,12354,87.69056701660156,86.6741943359375
f1_24f0950ba62872d4,1,lastfm,gcn,12345,88.81986999511719,87.40824127197266
f1_24f0950ba62872d4,1,lastfm,gcn,12346,88.87633514404297,88.25521850585938
f1_24f0950ba62872d4,1,lastfm,gcn,12347,88.65047454833984,88.08582305908203
f1_24f0950ba62872d4,1,lastfm,gcn,12348,88.87633514404297,88.81986999511719
f1_24f0950ba62872d4,1,lastfm,gcn,12349,89.10220336914062,87.23884582519531
f1_24f0950ba62872d4,1,lastfm,gcn,12350,88.08582305908203,88.53755187988281
f1_24f0950ba62872d4,1,lastfm,gcn,12351,87.63410186767578,88.53755187988281
f1_24f0950ba62872d4,1,lastfm,gcn,12352,88.14229583740234,87.35177612304688
f1_24f0950ba62872d4,1,lastfm,gcn,12353,88.4810791015625,87.69056701660156
f1_24f0950ba62872d4,1,lastfm,gcn,12354,89.4974594116211,88.25521850585938
f1_8876eb619d312f77,1,lastfm,gcn,12345,89.55392456054688,88.25521850585938
f1_8876eb619d312f77,1,lastfm,gcn,12346,89.1586685180664,89.66685485839844
f1_8876eb619d312f77,1,lastfm,gcn,12347,88.98927307128906,88.36815643310547
f1_8876eb619d312f77,1,lastfm,gcn,12348,89.21512603759766,89.27159881591797
f1_8876eb619d312f77,1,lastfm,gcn,12349,89.44098663330078,87.2953109741211
f1_8876eb619d312f77,1,lastfm,gcn,12350,88.25521850585938,89.32806396484375
f1_8876eb619d312f77,1,lastfm,gcn,12351,88.42461395263672,88.31168365478516
f1_8876eb619d312f77,1,lastfm,gcn,12352,88.31168365478516,88.53755187988281
f1_8876eb619d312f77,1,lastfm,gcn,12353,88.76341247558594,87.69056701660156
f1_8876eb619d312f77,1,lastfm,gcn,12354,89.94918060302734,87.972900390625
f1_1b2320bef105b3f8,1,lastfm,gcn,12345,89.55392456054688,87.57764434814453
f1_1b2320bef105b3f8,1,lastfm,gcn,12346,89.32806396484375,89.10220336914062
f1_1b2320bef105b3f8,1,lastfm,gcn,12347,88.98927307128906,88.4810791015625
f1_1b2320bef105b3f8,1,lastfm,gcn,12348,89.04573059082031,89.4974594116211
f1_1b2320bef105b3f8,1,lastfm,gcn,12349,89.27159881591797,86.9565200805664
f1_1b2320bef105b3f8,1,lastfm,gcn,12350,87.972900390625,89.1586685180664
f1_1b2320bef105b3f8,1,lastfm,gcn,12351,87.972900390625,88.42461395263672
f1_1b2320bef105b3f8,1,lastfm,gcn,12352,88.4810791015625,88.81986999511719
f1_1b2320bef105b3f8,1,lastfm,gcn,12353,88.31168365478516,87.01298522949219
f1_1b2320bef105b3f8,1,lastfm,gcn,12354,89.89271545410156,88.31168365478516
f1_5e9012d102fcc361,1,lastfm,gcn,12345,89.83625030517578,87.69056701660156
f1_5e9012d102fcc361,1,lastfm,gcn,12346,88.53755187988281,89.32806396484375
f1_5e9012d102fcc361,1,lastfm,gcn,12347,89.21512603759766,88.14229583740234
f1_5e9012d102fcc361,1,lastfm,gcn,12348,89.1586685180664,88.98927307128906
f1_5e9012d102fcc361,1,lastfm,gcn,12349,89.10220336914062,87.35177612304688
f1_5e9012d102fcc361,1,lastfm,gcn,12350,87.52117156982422,89.21512603759766
f1_5e9012d102fcc361,1,lastfm,gcn,12351,87.63410186767578,88.76341247558594
f1_5e9012d102fcc361,1,lastfm,gcn,12352,88.4810791015625,88.81986999511719
f1_5e9012d102fcc361,1,lastfm,gcn,12353,88.42461395263672,87.46470642089844
f1_5e9012d102fcc361,1,lastfm,gcn,12354,89.38452911376953,87.63410186767578
f1_55dffab7a1c509c9,1,lastfm,gcn,12345,89.4974594116211,87.74703216552734
f1_55dffab7a1c509c9,1,lastfm,gcn,12346,89.04573059082031,89.44098663330078
f1_55dffab7a1c509c9,1,lastfm,gcn,12347,88.87633514404297,88.4810791015625
f1_55dffab7a1c509c9,1,lastfm,gcn,12348,89.1586685180664,89.10220336914062
f1_55dffab7a1c509c9,1,lastfm,gcn,12349,89.1586685180664,86.78712463378906
f1_55dffab7a1c509c9,1,lastfm,gcn,12350,88.08582305908203,89.1586685180664
f1_55dffab7a1c509c9,1,lastfm,gcn,12351,87.91642761230469,88.42461395263672
f1_55dffab7a1c509c9,1,lastfm,gcn,12352,88.36815643310547,88.42461395263672
f1_55dffab7a1c509c9,1,lastfm,gcn,12353,88.5940170288086,87.63410186767578
f1_55dffab7a1c509c9,1,lastfm,gcn,12354,90.11857604980469,87.74703216552734
f1_5e5848a076573e8b,1,lastfm,gcn,12345,89.55392456054688,87.74703216552734
f1_5e5848a076573e8b,1,lastfm,gcn,12346,89.10220336914062,89.10220336914062
f1_5e5848a076573e8b,1,lastfm,gcn,12347,88.98927307128906,88.65047454833984
f1_5e5848a076573e8b,1,lastfm,gcn,12348,89.27159881591797,89.04573059082031
f1_5e5848a076573e8b,1,lastfm,gcn,12349,89.1586685180664,87.12591552734375
f1_5e5848a076573e8b,1,lastfm,gcn,12350,88.31168365478516,89.10220336914062
f1_5e5848a076573e8b,1,lastfm,gcn,12351,88.36815643310547,88.53755187988281
f1_5e5848a076573e8b,1,lastfm,gcn,12352,88.36815643310547,88.31168365478516
f1_5e5848a076573e8b,1,lastfm,gcn,12353,88.70694732666016,87.8599624633789
f1_5e5848a076573e8b,1,lastfm,gcn,12354,90.17504119873047,88.02935791015625
f1_81f490e58fbb28f2,1,lastfm,gcn,12345,89.55392456054688,88.42461395263672
f1_81f490e58fbb28f2,1,lastfm,gcn,12346,89.04573059082031,89.21512603759766
f1_81f490e58fbb28f2,1,lastfm,gcn,12347,89.32806396484375,88.87633514404297
f1_81f490e58fbb28f2,1,lastfm,gcn,12348,88.98927307128906,89.10220336914062
f1_81f490e58fbb28f2,1,lastfm,gcn,12349,89.44098663330078,87.74703216552734
f1_81f490e58fbb28f2,1,lastfm,gcn,12350,88.31168365478516,89.27159881591797
f1_81f490e58fbb28f2,1,lastfm,gcn,12351,87.8599624633789,88.98927307128906
f1_81f490e58fbb28f2,1,lastfm,gcn,12352,88.19876098632812,88.31168365478516
f1_81f490e58fbb28f2,1,lastfm,gcn,12353,88.31168365478516,88.02935791015625
f1_81f490e58fbb28f2,1,lastfm,gcn,12354,89.61038208007812,87.57764434814453
f1_684ad9e4cd6fe8ec,1,citeseer,sage,12345,55.76923370361328,54.6875
f1_684ad9e4cd6fe8ec,1,citeseer,sage,12346,56.61057662963867,56.490386962890625
f1_684ad9e4cd6fe8ec,1,citeseer,sage,12347,53.7259635925293,53.96635055541992
f1_684ad9e4cd6fe8ec,1,citeseer,sage,12348,57.572120666503906,55.40865707397461
f1_684ad9e4cd6fe8ec,1,citeseer,sage,12349,46.75481033325195,50.84135055541992
f1_684ad9e4cd6fe8ec,1,citeseer,sage,12350,46.39423370361328,45.43269348144531
f1_684ad9e4cd6fe8ec,1,citeseer,sage,12351,45.67307662963867,44.3509635925293
f1_684ad9e4cd6fe8ec,1,citeseer,sage,12352,61.05769348144531,58.4134635925293
f1_684ad9e4cd6fe8ec,1,citeseer,sage,12353,56.97115707397461,56.12980651855469
f1_684ad9e4cd6fe8ec,1,citeseer,sage,12354,48.55769348144531,47.95673370361328
f1_44bd9476e64855f7,1,citeseer,sage,12345,55.2884635925293,52.1634635925293
f1_44bd9476e64855f7,1,citeseer,sage,12346,52.884613037109375,51.201927185058594
f1_44bd9476e64855f7,1,citeseer,sage,12347,49.87981033325195,49.51923370361328
f1_44bd9476e64855f7,1,citeseer,sage,12348,55.2884635925293,54.20673370361328
f1_44bd9476e64855f7,1,citeseer,sage,12349,49.75961685180664,50.72115707397461
f1_44bd9476e64855f7,1,citeseer,sage,12350,52.64423370361328,49.27885055541992
f1_44bd9476e64855f7,1,citeseer,sage,12351,49.27885055541992,45.43269348144531
f1_44bd9476e64855f7,1,citeseer,sage,12352,53.365386962890625,51.5625
f1_44bd9476e64855f7,1,citeseer,sage,12353,54.56730651855469,51.5625
f1_44bd9476e64855f7,1,citeseer,sage,12354,52.28365707397461,50.240386962890625
f1_78dc2585975eae05,1,citeseer,sage,12345,56.37019348144531,52.28365707397461
f1_78dc2585975eae05,1,citeseer,sage,12346,52.884613037109375,50.84135055541992
f1_78dc2585975eae05,1,citeseer,sage,12347,51.92307662963867,48.31731033325195
f1_78dc2585975eae05,1,citeseer,sage,12348,56.97115707397461,55.76923370361328
f1_78dc2585975eae05,1,citeseer,sage,12349,51.322113037109375,51.08173370361328
f1_78dc2585975eae05,1,citeseer,sage,12350,52.52404022216797,52.52404022216797
f1_78dc2585975eae05,1,citeseer,sage,12351,50.36057662963867,49.0384635925293
f1_78dc2585975eae05,1,citeseer,sage,12352,54.80769348144531,52.64423370361328
f1_78dc2585975eae05,1,citeseer,sage,12353,55.76923370361328,51.92307662963867
f1_78dc2585975eae05,1,citeseer,sage,12354,51.802886962890625,51.802886962890625
f1_24d7a466d132aab1,1,citeseer,sage,12345,62.980770111083984,60.45673370361328
f1_24d7a466d132aab1,1,citeseer,sage,12346,62.980770111083984,61.05769348144531
f1_24d7a466d132aab1,1,citeseer,sage,12347,60.09615707397461,57.09135055541992
f1_24d7a466d132aab1,1,citeseer,sage,12348,64.42308044433594,62.740386962890625
f1_24d7a466d132aab1,1,citeseer,sage,12349,59.134620666503906,59.25480651855469
f1_24d7a466d132aab1,1,citeseer,sage,12350,58.53365707397461,59.014427185058594
f1_24d7a466d132aab1,1,citeseer,sage,12351,57.451927185058594,55.168270111083984
f1_24d7a466d132aab1,1,citeseer,sage,12352,62.86057662963867,60.45673370361328
f1_24d7a466d132aab1,1,citeseer,sage,12353,63.22115707397461,58.89423370361328
f1_24d7a466d132aab1,1,citeseer,sage,12354,60.09615707397461,60.21635055541992
f1_40d8f7832ae45312,1,citeseer,sage,12345,65.86538696289062,63.58173370361328
f1_40d8f7832ae45312,1,citeseer,sage,12346,64.90384674072266,65.3846206665039
f1_40d8f7832ae45312,1,citeseer,sage,12347,65.50480651855469,64.54327392578125
f1_40d8f7832ae45312,1,citeseer,sage,12348,70.55288696289062,66.22596740722656
f1_40d8f7832ae45312,1,citeseer,sage,12349,63.701927185058594,66.22596740722656
f1_40d8f7832ae45312,1,citeseer,sage,12350,65.50480651855469,65.3846206665039
f1_40d8f7832ae45312,1,citeseer,sage,12351,65.14423370361328,62.980770111083984
f1_40d8f7832ae45312,1,citeseer,sage,12352,63.701927185058594,62.37980651855469
f1_40d8f7832ae45312,1,citeseer,sage,12353,66.9471206665039,65.50480651855469
f1_40d8f7832ae45312,1,citeseer,sage,12354,66.46634674072266,65.86538696289062
f1_d4f4370c2b1c3fbd,1,citeseer,sage,12345,63.822120666503906,60.81730651855469
f1_d4f4370c2b1c3fbd,1,citeseer,sage,12346,63.46154022216797,60.33654022216797
f1_d4f4370c2b1c3fbd,1,citeseer,sage,12347,60.576927185058594,58.53365707397461
f1_d4f4370c2b1c3fbd,1,citeseer,sage,12348,64.30288696289062,61.177886962890625
f1_d4f4370c2b1c3fbd,1,citeseer,sage,12349,60.45673370361328,58.17307662963867
f1_d4f4370c2b1c3fbd,1,citeseer,sage,12350,60.21635055541992,60.21635055541992
f1_d4f4370c2b1c3fbd,1,citeseer,sage,12351,59.9759635925293,55.76923370361328
f1_d4f4370c2b1c3fbd,1,citeseer,sage,12352,61.77885055541992,60.576927185058594
f1_d4f4370c2b1c3fbd,1,citeseer,sage,12353,63.46154022216797,61.05769348144531
f1_d4f4370c2b1c3fbd,1,citeseer,sage,12354,60.81730651855469,59.73557662963867
f1_5196e8dcfd63ce3f,1,citeseer,sage,12345,64.30288696289062,62.980770111083984
f1_5196e8dcfd63ce3f,1,citeseer,sage,12346,64.18269348144531,63.58173370361328
f1_5196e8dcfd63ce3f,1,citeseer,sage,12347,64.78365325927734,62.01923370361328
f1_5196e8dcfd63ce3f,1,citeseer,sage,12348,68.14904022216797,65.02404022216797
f1_5196e8dcfd63ce3f,1,citeseer,sage,12349,61.177886962890625,62.86057662963867
f1_5196e8dcfd63ce3f,1,citeseer,sage,12350,62.5,63.58173370361328
f1_5196e8dcfd63ce3f,1,citeseer,sage,12351,63.58173370361328,60.81730651855469
f1_5196e8dcfd63ce3f,1,citeseer,sage,12352,64.78365325927734,64.30288696289062
f1_5196e8dcfd63ce3f,1,citeseer,sage,12353,65.625,63.34135055541992
f1_5196e8dcfd63ce3f,1,citeseer,sage,12354,63.22115707397461,64.66346740722656
f1_a48436d6b0ee3b0c,1,citeseer,sage,12345,64.18269348144531,64.0625
f1_a48436d6b0ee3b0c,1,citeseer,sage,12346,64.54327392578125,63.58173370361328
f1_a48436d6b0ee3b0c,1,citeseer,sage,12347,65.02404022216797,62.37980651855469
f1_a48436d6b0ee3b0c,1,citeseer,sage,12348,66.58654022216797,63.94230651855469
f1_a48436d6b0ee3b0c,1,citeseer,sage,12349,62.5,62.740386962890625
f1_a48436d6b0ee3b0c,1,citeseer,sage,12350,63.94230651855469,65.74519348144531
f1_a48436d6b0ee3b0c,1,citeseer,sage,12351,63.822120666503906,60.33654022216797
f1_a48436d6b0ee3b0c,1,citeseer,sage,12352,65.2644271850586,65.625
f1_a48436d6b0ee3b0c,1,citeseer,sage,12353,65.625,63.22115707397461
f1_a48436d6b0ee3b0c,1,citeseer,sage,12354,62.259620666503906,62.62019348144531
f1_f2ee69f90ccab6da,1,citeseer,sage,12345,65.3846206665039,65.14423370361328
f1_f2ee69f90ccab6da,1,citeseer,sage,12346,64.66346740722656,64.66346740722656
f1_f2ee69f90ccab6da,1,citeseer,sage,12347,65.14423370361328,61.89904022216797
f1_f2ee69f90ccab6da,1,citeseer,sage,12348,67.54808044433594,65.74519348144531
f1_f2ee69f90ccab6da,1,citeseer,sage,12349,64.0625,65.86538696289062
f1_f2ee69f90ccab6da,1,citeseer,sage,12350,62.980770111083984,64.42308044433594
f1_f2ee69f90ccab6da,1,citeseer,sage,12351,63.1009635925293,59.9759635925293
f1_f2ee69f90ccab6da,1,citeseer,sage,12352,66.34615325927734,64.18269348144531
f1_f2ee69f90ccab6da,1,citeseer,sage,12353,65.14423370361328,64.54327392578125
f1_f2ee69f90ccab6da,1,citeseer,sage,12354,64.54327392578125,65.14423370361328
f1_7ab3d9a12aadad0b,1,citeseer,sage,12345,65.2644271850586,65.625
f1_7ab3d9a12aadad0b,1,citeseer,sage,12346,65.74519348144531,66.22596740722656
f1_7ab3d9a12aadad0b,1,citeseer,sage,12347,66.58654022216797,63.22115707397461
f1_7ab3d9a12aadad0b,1,citeseer,sage,12348,68.02884674072266,65.74519348144531
f1_7ab3d9a12aadad0b,1,citeseer,sage,12349,63.58173370361328,64.78365325927734
f1_7ab3d9a12aadad0b,1,citeseer,sage,12350,63.34135055541992,64.54327392578125
f1_7ab3d9a12aadad0b,1,citeseer,sage,12351,63.22115707397461,62.740386962890625
f1_7ab3d9a12aadad0b,1,citeseer,sage,12352,65.02404022216797,62.139427185058594
f1_7ab3d9a12aadad0b,1,citeseer,sage,12353,66.34615325927734,65.3846206665039
f1_7ab3d9a12aadad0b,1,citeseer,sage,12354,65.2644271850586,65.50480651855469
f1_b5e431ed9aecef03,1,cora,sage,12345,72.96897888183594,72.37813568115234
f1_b5e431ed9aecef03,1,cora,sage,12346,71.34416198730469,68.38995361328125
f1_b5e431ed9aecef03,1,cora,sage,12347,74.0029525756836,70.75332641601562
f1_b5e431ed9aecef03,1,cora,sage,12348,71.49187469482422,72.23043060302734
f1_b5e431ed9aecef03,1,cora,sage,12349,75.03692626953125,76.80945587158203
f1_b5e431ed9aecef03,1,cora,sage,12350,66.32200622558594,66.91284942626953
f1_b5e431ed9aecef03,1,cora,sage,12351,72.23043060302734,71.93500518798828
f1_b5e431ed9aecef03,1,cora,sage,12352,75.92318725585938,74.29837799072266
f1_b5e431ed9aecef03,1,cora,sage,12353,71.63958740234375,70.90103149414062
f1_b5e431ed9aecef03,1,cora,sage,12354,71.93500518798828,74.59379577636719
f1_e8430612fb674a59,1,cora,sage,12345,71.78730010986328,72.08271789550781
f1_e8430612fb674a59,1,cora,sage,12346,71.93500518798828,72.23043060302734
f1_e8430612fb674a59,1,cora,sage,12347,74.44608306884766,74.0029525756836
f1_e8430612fb674a59,1,cora,sage,12348,71.19645690917969,72.6735610961914
f1_e8430612fb674a59,1,cora,sage,12349,74.88921356201172,76.0708999633789
f1_e8430612fb674a59,1,cora,sage,12350,68.83308410644531,68.09453582763672
f1_e8430612fb674a59,1,cora,sage,12351,71.04874420166016,71.19645690917969
f1_e8430612fb674a59,1,cora,sage,12352,75.18463897705078,72.23043060302734
f1_e8430612fb674a59,1,cora,sage,12353,72.37813568115234,70.16248321533203
f1_e8430612fb674a59,1,cora,sage,12354,70.6056137084961,73.8552474975586
f1_7596a7eff81635c9,1,cora,sage,12345,78.13884735107422,77.84342956542969
f1_7596a7eff81635c9,1,cora,sage,12346,81.24076843261719,77.84342956542969
f1_7596a7eff81635c9,1,cora,sage,12347,75.77548217773438,75.18463897705078
f1_7596a7eff81635c9,1,cora,sage,12348,77.54800415039062,77.54800415039062
f1_7596a7eff81635c9,1,cora,sage,12349,78.87740325927734,80.35450744628906
f1_7596a7eff81635c9,1,cora,sage,12350,64.84490203857422,67.94682312011719
f1_7596a7eff81635c9,1,cora,sage,12351,77.4002914428711,75.92318725585938
f1_7596a7eff81635c9,1,cora,sage,12352,74.88921356201172,76.36632537841797
f1_7596a7eff81635c9,1,cora,sage,12353,78.72969055175781,78.87740325927734
f1_7596a7eff81635c9,1,cora,sage,12354,73.70753479003906,75.92318725585938
f1_24e819d80dbe0ba5,1,cora,sage,12345,81.53618621826172,83.8995590209961
f1_24e819d80dbe0ba5,1,cora,sage,12346,83.75184631347656,81.09305572509766
f1_24e819d80dbe0ba5,1,cora,sage,12347,83.60413360595703,82.12702941894531
f1_24e819d80dbe0ba5,1,cora,sage,12348,85.67208099365234,83.16100311279297
f1_24e819d80dbe0ba5,1,cora,sage,12349,82.86558532714844,83.3087158203125
f1_24e819d80dbe0ba5,1,cora,sage,12350,79.61595153808594,80.94534301757812
f1_24e819d80dbe0ba5,1,cora,sage,12351,83.01329040527344,83.01329040527344
f1_24e819d80dbe0ba5,1,cora,sage,12352,83.75184631347656,84.49039459228516
f1_24e819d80dbe0ba5,1,cora,sage,12353,80.6499252319336,81.97931671142578
f1_24e819d80dbe0ba5,1,cora,sage,12354,83.01329040527344,86.1152114868164
f1_428ad74a295f3ab6,1,cora,sage,12345,81.83161163330078,83.16100311279297
f1_428ad74a295f3ab6,1,cora,sage,12346,83.60413360595703,82.27474212646484
f1_428ad74a295f3ab6,1,cora,sage,12347,83.75184631347656,81.83161163330078
f1_428ad74a295f3ab6,1,cora,sage,12348,85.81979370117188,84.0472640991211
f1_428ad74a295f3ab6,1,cora,sage,12349,82.86558532714844,82.27474212646484
f1_428ad74a295f3ab6,1,cora,sage,12350,81.83161163330078,80.79763793945312
f1_428ad74a295f3ab6,1,cora,sage,12351,84.63810729980469,83.16100311279297
f1_428ad74a295f3ab6,1,cora,sage,12352,83.4564208984375,84.0472640991211
f1_428ad74a295f3ab6,1,cora,sage,12353,82.86558532714844,83.60413360595703
f1_428ad74a295f3ab6,1,cora,sage,12354,83.60413360595703,85.96749877929688
f1_6fe403ab1b2965b7,1,cora,sage,12345,81.68389892578125,82.42245483398438
f1_6fe403ab1b2965b7,1,cora,sage,12346,84.49039459228516,82.42245483398438
f1_6fe403ab1b2965b7,1,cora,sage,12347,84.0472640991211,81.83161163330078
f1_6fe403ab1b2965b7,1,cora,sage,12348,84.49039459228516,82.7178726196289
f1_6fe403ab1b2965b7,1,cora,sage,12349,83.60413360595703,83.01329040527344
f1_6fe403ab1b2965b7,1,cora,sage,12350,79.911376953125,80.79763793945312
f1_6fe403ab1b2965b7,1,cora,sage,12351,83.75184631347656,83.01329040527344
f1_6fe403ab1b2965b7,1,cora,sage,12352,83.75184631347656,84.34268951416016
f1_6fe403ab1b2965b7,1,cora,sage,12353,81.38848114013672,82.86558532714844
f1_6fe403ab1b2965b7,1,cora,sage,12354,81.97931671142578,85.52436828613281
f1_ce718ef9b9114f3b,1,cora,sage,12345,81.68389892578125,84.78582000732422
f1_ce718ef9b9114f3b,1,cora,sage,12346,85.08123779296875,81.09305572509766
f1_ce718ef9b9114f3b,1,cora,sage,12347,82.7178726196289,83.4564208984375
f1_ce718ef9b9114f3b,1,cora,sage,12348,84.93353271484375,83.75184631347656
f1_ce718ef9b9114f3b,1,cora,sage,12349,84.34268951416016,83.3087158203125
f1_ce718ef9b9114f3b,1,cora,sage,12350,82.42245483398438,82.12702941894531
f1_ce718ef9b9114f3b,1,cora,sage,12351,83.01329040527344,83.60413360595703
f1_ce718ef9b9114f3b,1,cora,sage,12352,83.4564208984375,85.22895050048828
f1_ce718ef9b9114f3b,1,cora,sage,12353,83.16100311279297,83.3087158203125
f1_ce718ef9b9114f3b,1,cora,sage,12354,81.53618621826172,84.34268951416016
f1_3fbe94ec90c152ea,1,cora,sage,12345,82.27474212646484,83.8995590209961
f1_3fbe94ec90c152ea,1,cora,sage,12346,84.49039459228516,81.09305572509766
f1_3fbe94ec90c152ea,1,cora,sage,12347,84.63810729980469,82.57015991210938
f1_3fbe94ec90c152ea,1,cora,sage,12348,84.19497680664062,82.7178726196289
f1_3fbe94ec90c152ea,1,cora,sage,12349,84.49039459228516,82.86558532714844
f1_3fbe94ec90c152ea,1,cora,sage,12350,80.6499252319336,80.05908203125
f1_3fbe94ec90c152ea,1,cora,sage,12351,83.3087158203125,83.75184631347656
f1_3fbe94ec90c152ea,1,cora,sage,12352,84.49039459228516,84.93353271484375
f1_3fbe94ec90c152ea,1,cora,sage,12353,82.86558532714844,82.12702941894531
f1_3fbe94ec90c152ea,1,cora,sage,12354,81.68389892578125,85.67208099365234
f1_21f0417c620643c3,1,cora,sage,12345,82.12702941894531,84.34268951416016
f1_21f0417c620643c3,1,cora,sage,12346,85.08123779296875,82.42245483398438
f1_21f0417c620643c3,1,cora,sage,12347,85.37666320800781,84.78582000732422
f1_21f0417c620643c3,1,cora,sage,12348,84.49039459228516,85.22895050048828
f1_21f0417c620643c3,1,cora,sage,12349,84.63810729980469,83.4564208984375
f1_21f0417c620643c3,1,cora,sage,12350,81.68389892578125,82.42245483398438
f1_21f0417c620643c3,1,cora,sage,12351,84.49039459228516,81.09305572509766
f1_21f0417c620643c3,1,cora,sage,12352,83.8995590209961,85.52436828613281
f1_21f0417c620643c3,1,cora,sage,12353,83.4564208984375,83.3087158203125
f1_21f0417c620643c3,1,cora,sage,12354,84.0472640991211,84.93353271484375
f1_8969a5cd730c70e4,1,cora,sage,12345,81.83161163330078,83.60413360595703
f1_8969a5cd730c70e4,1,cora,sage,12346,85.22895050048828,83.8995590209961
f1_8969a5cd730c70e4,1,cora,sage,12347,85.08123779296875,83.16100311279297
f1_8969a5cd730c70e4,1,cora,sage,12348,83.75184631347656,84.49039459228516
f1_8969a5cd730c70e4,1,cora,sage,12349,84.49039459228516,83.4564208984375
f1_8969a5cd730c70e4,1,cora,sage,12350,83.75184631347656,83.4564208984375
f1_8969a5cd730c70e4,1,cora,sage,12351,85.22895050048828,84.34268951416016
f1_8969a5cd730c70e4,1,cora,sage,12352,83.3087158203125,85.22895050048828
f1_8969a5cd730c70e4,1,cora,sage,12353,83.16100311279297,85.22895050048828
f1_8969a5cd730c70e4,1,cora,sage,12354,81.68389892578125,85.08123779296875
f1_bcf4c7ff91308073,1,facebook,sage,12345,89.69384765625,88.60804748535156
f1_bcf4c7ff91308073,1,facebook,sage,12346,89.92523956298828,89.55144500732422
f1_bcf4c7ff91308073,1,facebook,sage,12347,90.21003723144531,89.55144500732422
f1_bcf4c7ff91308073,1,facebook,sage,12348,89.96084594726562,90.5660400390625
f1_bcf4c7ff91308073,1,facebook,sage,12349,88.62584686279297,89.05304718017578
f1_bcf4c7ff91308073,1,facebook,sage,12350,89.69384765625,88.18084716796875
f1_bcf4c7ff91308073,1,facebook,sage,12351,87.36205291748047,87.2730484008789
f1_bcf4c7ff91308073,1,facebook,sage,12352,89.05304718017578,88.73265075683594
f1_bcf4c7ff91308073,1,facebook,sage,12353,90.44144439697266,90.17444610595703
f1_bcf4c7ff91308073,1,facebook,sage,12354,88.96404266357422,87.48664855957031
f1_118f0e208f39406b,1,facebook,sage,12345,89.81844329833984,88.87504577636719
f1_118f0e208f39406b,1,facebook,sage,12346,91.08223724365234,90.61943817138672
f1_118f0e208f39406b,1,facebook,sage,12347,90.3880386352539,89.74724578857422
f1_118f0e208f39406b,1,facebook,sage,12348,88.99964904785156,89.1064453125
f1_118f0e208f39406b,1,facebook,sage,12349,87.89604949951172,88.94624328613281
f1_118f0e208f39406b,1,facebook,sage,12350,89.35564422607422,88.71484375
f1_118f0e208f39406b,1,facebook,sage,12351,87.21965026855469,87.20185089111328
f1_118f0e208f39406b,1,facebook,sage,12352,89.64044189453125,88.67924499511719
f1_118f0e208f39406b,1,facebook,sage,12353,90.04983520507812,89.3200454711914
f1_118f0e208f39406b,1,facebook,sage,12354,89.05304718017578,87.6468505859375
f1_1cf105f75095c288,1,facebook,sage,12345,91.75863647460938,90.5482406616211
f1_1cf105f75095c288,1,facebook,sage,12346,91.77642822265625,91.2246322631836
f1_1cf105f75095c288,1,facebook,sage,12347,90.95763397216797,89.90744018554688
f1_1cf105f75095c288,1,facebook,sage,12348,90.70844268798828,90.49484252929688
f1_1cf105f75095c288,1,facebook,sage,12349,90.1922378540039,90.3880386352539
f1_1cf105f75095c288,1,facebook,sage,12350,91.2246322631836,89.46244049072266
f1_1cf105f75095c288,1,facebook,sage,12351,91.11783599853516,90.61943817138672
f1_1cf105f75095c288,1,facebook,sage,12352,91.4204330444336,90.40583801269531
f1_1cf105f75095c288,1,facebook,sage,12353,92.09683227539062,91.90103149414062
f1_1cf105f75095c288,1,facebook,sage,12354,90.40583801269531,89.60484313964844
f1_480f84b998b6a267,1,facebook,sage,12345,94.32182312011719,93.69882202148438
f1_480f84b998b6a267,1,facebook,sage,12346,94.1794204711914,93.53862762451172
f1_480f84b998b6a267,1,facebook,sage,12347,94.357421875,93.59202575683594
f1_480f84b998b6a267,1,facebook,sage,12348,93.71662902832031,93.89462280273438
f1_480f84b998b6a267,1,facebook,sage,12349,93.55642700195312,94.07262420654297
f1_480f84b998b6a267,1,facebook,sage,12350,94.7668228149414,93.80562591552734
f1_480f84b998b6a267,1,facebook,sage,12351,93.53862762451172,93.37842559814453
f1_480f84b998b6a267,1,facebook,sage,12352,93.46742248535156,93.27162170410156
f1_480f84b998b6a267,1,facebook,sage,12353,94.25062561035156,93.82342529296875
f1_480f84b998b6a267,1,facebook,sage,12354,94.67782592773438,93.84122467041016
f1_57a2d6c1f70609c4,1,facebook,sage,12345,94.19722747802734,93.7522201538086
f1_57a2d6c1f70609c4,1,facebook,sage,12346,94.1794204711914,93.23603057861328
f1_57a2d6c1f70609c4,1,facebook,sage,12347,94.357421875,93.64542388916016
f1_57a2d6c1f70609c4,1,facebook,sage,12348,94.16162109375,94.67782592773438
f1_57a2d6c1f70609c4,1,facebook,sage,12349,93.44963073730469,93.9480209350586
f1_57a2d6c1f70609c4,1,facebook,sage,12350,95.08721923828125,93.77002716064453
f1_57a2d6c1f70609c4,1,facebook,sage,12351,93.48522186279297,93.41402435302734
f1_57a2d6c1f70609c4,1,facebook,sage,12352,93.89462280273438,93.46742248535156
f1_57a2d6c1f70609c4,1,facebook,sage,12353,94.41082763671875,93.9658203125
f1_57a2d6c1f70609c4,1,facebook,sage,12354,94.78462219238281,93.82342529296875
f1_1b0f7f252c7f00d0,1,facebook,sage,12345,94.28622436523438,93.89462280273438
f1_1b0f7f252c7f00d0,1,facebook,sage,12346,94.12602233886719,93.46742248535156
f1_1b0f7f252c7f00d0,1,facebook,sage,12347,94.55322265625,94.16162109375
f1_1b0f7f252c7f00d0,1,facebook,sage,12348,94.1794204711914,94.3752212524414
f1_1b0f7f252c7f00d0,1,facebook,sage,12349,93.78782653808594,94.14382934570312
f1_1b0f7f252c7f00d0,1,facebook,sage,12350,94.83802032470703,93.68102264404297
f1_1b0f7f252c7f00d0,1,facebook,sage,12351,93.64542388916016,93.55642700195312
f1_1b0f7f252c7f00d0,1,facebook,sage,12352,93.77002716064453,93.48522186279297
f1_1b0f7f252c7f00d0,1,facebook,sage,12353,94.44641876220703,93.64542388916016
f1_1b0f7f252c7f00d0,1,facebook,sage,12354,94.83802032470703,94.03702545166016
f1_1c518e22daf5180e,1,facebook,sage,12345,94.41082763671875,93.84122467041016
f1_1c518e22daf5180e,1,facebook,sage,12346,94.3752212524414,93.85902404785156
f1_1c518e22daf5180e,1,facebook,sage,12347,94.49981689453125,93.93022918701172
f1_1c518e22daf5180e,1,facebook,sage,12348,93.89462280273438,94.44641876220703
f1_1c518e22daf5180e,1,facebook,sage,12349,93.80562591552734,94.12602233886719
f1_1c518e22daf5180e,1,facebook,sage,12350,95.05162048339844,93.62762451171875
f1_1c518e22daf5180e,1,facebook,sage,12351,93.48522186279297,93.39622497558594
f1_1c518e22daf5180e,1,facebook,sage,12352,93.87682342529297,93.23603057861328
f1_1c518e22daf5180e,1,facebook,sage,12353,94.69562530517578,94.32182312011719
f1_1c518e22daf5180e,1,facebook,sage,12354,94.7312240600586,94.14382934570312
f1_3cffac2b987c920a,1,facebook,sage,12345,94.12602233886719,93.55642700195312
f1_3cffac2b987c920a,1,facebook,sage,12346,94.28622436523438,93.44963073730469
f1_3cffac2b987c920a,1,facebook,sage,12347,94.32182312011719,93.34282684326172
f1_3cffac2b987c920a,1,facebook,sage,12348,93.69882202148438,94.3396224975586
f1_3cffac2b987c920a,1,facebook,sage,12349,93.80562591552734,93.84122467041016
f1_3cffac2b987c920a,1,facebook,sage,12350,95.05162048339844,93.62762451171875
f1_3cffac2b987c920a,1,facebook,sage,12351,93.68102264404297,93.68102264404297
f1_3cffac2b987c920a,1,facebook,sage,12352,93.25382995605469,93.16482543945312
f1_3cffac2b987c920a,1,facebook,sage,12353,93.98362731933594,93.9480209350586
f1_3cffac2b987c920a,1,facebook,sage,12354,94.41082763671875,93.6632308959961
f1_b1cf1b0b8f5cd503,1,facebook,sage,12345,94.14382934570312,94.14382934570312
f1_b1cf1b0b8f5cd503,1,facebook,sage,12346,94.357421875,93.57422637939453
f1_b1cf1b0b8f5cd503,1,facebook,sage,12347,94.00142669677734,93.14702606201172
f1_b1cf1b0b8f5cd503,1,facebook,sage,12348,94.16162109375,94.26842498779297
f1_b1cf1b0b8f5cd503,1,facebook,sage,12349,93.7522201538086,94.32182312011719
f1_b1cf1b0b8f5cd503,1,facebook,sage,12350,95.12281799316406,93.80562591552734
f1_b1cf1b0b8f5cd503,1,facebook,sage,12351,93.80562591552734,93.64542388916016
f1_b1cf1b0b8f5cd503,1,facebook,sage,12352,93.73442840576172,93.53862762451172
f1_b1cf1b0b8f5cd503,1,facebook,sage,12353,94.7312240600586,94.1794204711914
f1_b1cf1b0b8f5cd503,1,facebook,sage,12354,94.62442016601562,93.80562591552734
f1_947da863789d1435,1,facebook,sage,12345,94.23281860351562,94.09042358398438
f1_947da863789d1435,1,facebook,sage,12346,94.51762390136719,93.46742248535156
f1_947da863789d1435,1,facebook,sage,12347,94.3752212524414,93.84122467041016
f1_947da863789d1435,1,facebook,sage,12348,94.09042358398438,94.48202514648438
f1_947da863789d1435,1,facebook,sage,12349,93.77002716064453,93.9480209350586
f1_947da863789d1435,1,facebook,sage,12350,94.98041534423828,93.89462280273438
f1_947da863789d1435,1,facebook,sage,12351,93.69882202148438,93.5030288696289
f1_947da863789d1435,1,facebook,sage,12352,93.84122467041016,93.53862762451172
f1_947da863789d1435,1,facebook,sage,12353,94.5710220336914,94.10822296142578
f1_947da863789d1435,1,facebook,sage,12354,94.7312240600586,93.6632308959961
f1_6bf10fae5c816255,1,lastfm,sage,12345,83.79446411132812,81.366455078125
f1_6bf10fae5c816255,1,lastfm,sage,12346,79.72896575927734,80.29361724853516
f1_6bf10fae5c816255,1,lastfm,sage,12347,72.04969024658203,71.54150390625
f1_6bf10fae5c816255,1,lastfm,sage,12348,81.93110656738281,83.00395202636719
f1_6bf10fae5c816255,1,lastfm,sage,12349,80.12422180175781,75.77639770507812
f1_6bf10fae5c816255,1,lastfm,sage,12350,79.50310516357422,81.59232330322266
f1_6bf10fae5c816255,1,lastfm,sage,12351,73.57424926757812,72.38848114013672
f1_6bf10fae5c816255,1,lastfm,sage,12352,81.30998992919922,82.10050201416016
f1_6bf10fae5c816255,1,lastfm,sage,12353,68.94409942626953,69.28289031982422
f1_6bf10fae5c816255,1,lastfm,sage,12354,84.13325500488281,81.98757934570312
f1_6db8178c03292a2d,1,lastfm,sage,12345,83.68153381347656,82.21343994140625
f1_6db8178c03292a2d,1,lastfm,sage,12346,78.09146881103516,79.10784149169922
f1_6db8178c03292a2d,1,lastfm,sage,12347,80.85826873779297,80.85826873779297
f1_6db8178c03292a2d,1,lastfm,sage,12348,84.07678985595703,84.5849838256836
f1_6db8178c03292a2d,1,lastfm,sage,12349,82.9474868774414,79.95482635498047
f1_6db8178c03292a2d,1,lastfm,sage,12350,81.14059448242188,81.53585052490234
f1_6db8178c03292a2d,1,lastfm,sage,12351,69.73461151123047,69.28289031982422
f1_6db8178c03292a2d,1,lastfm,sage,12352,84.81084442138672,83.96385955810547
f1_6db8178c03292a2d,1,lastfm,sage,12353,80.57594299316406,78.71258544921875
f1_6db8178c03292a2d,1,lastfm,sage,12354,83.39920806884766,82.55223083496094
f1_c25270cc5e712e91,1,lastfm,sage,12345,84.69790649414062,84.24618530273438
f1_c25270cc5e712e91,1,lastfm,sage,12346,76.28458404541016,77.75267791748047
f1_c25270cc5e712e91,1,lastfm,sage,12347,82.15697479248047,83.39920806884766
f1_c25270cc5e712e91,1,lastfm,sage,12348,83.45567321777344,84.5849838256836
f1_c25270cc5e712e91,1,lastfm,sage,12349,83.73799896240234,79.39017486572266
f1_c25270cc5e712e91,1,lastfm,sage,12350,81.47938537597656,82.72162628173828
f1_c25270cc5e712e91,1,lastfm,sage,12351,69.73461151123047,69.16996002197266
f1_c25270cc5e712e91,1,lastfm,sage,12352,85.43196105957031,84.30265045166016
f1_c25270cc5e712e91,1,lastfm,sage,12353,81.59232330322266,80.12422180175781
f1_c25270cc5e712e91,1,lastfm,sage,12354,83.11688232421875,82.10050201416016
f1_1cd089ac1e3bd269,1,lastfm,sage,12345,87.972900390625,86.44832611083984
f1_1cd089ac1e3bd269,1,lastfm,sage,12346,87.06945037841797,87.69056701660156
f1_1cd089ac1e3bd269,1,lastfm,sage,12347,87.46470642089844,87.35177612304688
f1_1cd089ac1e3bd269,1,lastfm,sage,12348,87.57764434814453,88.02935791015625
f1_1cd089ac1e3bd269,1,lastfm,sage,12349,87.8599624633789,85.54489135742188
f1_1cd089ac1e3bd269,1,lastfm,sage,12350,86.90005493164062,88.02935791015625
f1_1cd089ac1e3bd269,1,lastfm,sage,12351,86.78712463378906,86.33540344238281
f1_1cd089ac1e3bd269,1,lastfm,sage,12352,87.52117156982422,87.23884582519531
f1_1cd089ac1e3bd269,1,lastfm,sage,12353,87.12591552734375,85.6578140258789
f1_1cd089ac1e3bd269,1,lastfm,sage,12354,88.93280792236328,86.50479888916016
f1_3884eec95c35614a,1,lastfm,sage,12345,88.93280792236328,87.12591552734375
f1_3884eec95c35614a,1,lastfm,sage,12346,87.40824127197266,87.2953109741211
f1_3884eec95c35614a,1,lastfm,sage,12347,88.02935791015625,87.46470642089844
f1_3884eec95c35614a,1,lastfm,sage,12348,88.25521850585938,88.36815643310547
f1_3884eec95c35614a,1,lastfm,sage,12349,88.4810791015625,85.94014739990234
f1_3884eec95c35614a,1,lastfm,sage,12350,87.40824127197266,88.36815643310547
f1_3884eec95c35614a,1,lastfm,sage,12351,86.9565200805664,87.8599624633789
f1_3884eec95c35614a,1,lastfm,sage,12352,87.12591552734375,87.12591552734375
f1_3884eec95c35614a,1,lastfm,sage,12353,87.8599624633789,87.01298522949219
f1_3884eec95c35614a,1,lastfm,sage,12354,88.76341247558594,86.16600799560547
f1_677d7efb6e5d3cb7,1,lastfm,sage,12345,88.08582305908203,86.6741943359375
f1_677d7efb6e5d3cb7,1,lastfm,sage,12346,87.01298522949219,87.69056701660156
f1_677d7efb6e5d3cb7,1,lastfm,sage,12347,87.63410186767578,87.69056701660156
f1_677d7efb6e5d3cb7,1,lastfm,sage,12348,87.91642761230469,88.02935791015625
f1_677d7efb6e5d3cb7,1,lastfm,sage,12349,88.19876098632812,85.31902313232422
f1_677d7efb6e5d3cb7,1,lastfm,sage,12350,86.90005493164062,88.19876098632812
f1_677d7efb6e5d3cb7,1,lastfm,sage,12351,87.01298522949219,87.01298522949219
f1_677d7efb6e5d3cb7,1,lastfm,sage,12352,87.40824127197266,87.12591552734375
f1_677d7efb6e5d3cb7,1,lastfm,sage,12353,87.18238067626953,85.6578140258789
f1_677d7efb6e5d3cb7,1,lastfm,sage,12354,89.04573059082031,86.61772918701172
f1_2fb950bf66b1be33,1,lastfm,sage,12345,88.19876098632812,86.6741943359375
f1_2fb950bf66b1be33,1,lastfm,sage,12346,87.01298522949219,87.23884582519531
f1_2fb950bf66b1be33,1,lastfm,sage,12347,87.69056701660156,87.80349731445312
f1_2fb950bf66b1be33,1,lastfm,sage,12348,87.8599624633789,87.972900390625
f1_2fb950bf66b1be33,1,lastfm,sage,12349,87.972900390625,85.37549591064453
f1_2fb950bf66b1be33,1,lastfm,sage,12350,86.90005493164062,88.02935791015625
f1_2fb950bf66b1be33,1,lastfm,sage,12351,86.84358978271484,86.56126403808594
f1_2fb950bf66b1be33,1,lastfm,sage,12352,87.52117156982422,86.73065948486328
f1_2fb950bf66b1be33,1,lastfm,sage,12353,87.06945037841797,85.88367462158203
f1_2fb950bf66b1be33,1,lastfm,sage,12354,88.93280792236328,86.6741943359375
f1_79378b9b8fd935f9,1,lastfm,sage,12345,88.02935791015625,87.12591552734375
f1_79378b9b8fd935f9,1,lastfm,sage,12346,86.78712463378906,87.40824127197266
f1_79378b9b8fd935f9,1,lastfm,sage,12347,87.63410186767578,87.74703216552734
f1_79378b9b8fd935f9,1,lastfm,sage,12348,87.80349731445312,87.972900390625
f1_79378b9b8fd935f9,1,lastfm,sage,12349,88.08582305908203,85.37549591064453
f1_79378b9b8fd935f9,1,lastfm,sage,12350,86.78712463378906,88.14229583740234
f1_79378b9b8fd935f9,1,lastfm,sage,12351,86.90005493164062,87.23884582519531
f1_79378b9b8fd935f9,1,lastfm,sage,12352,87.46470642089844,86.73065948486328
f1_79378b9b8fd935f9,1,lastfm,sage,12353,87.01298522949219,86.05307006835938
f1_79378b9b8fd935f9,1,lastfm,sage,12354,88.93280792236328,86.6741943359375
f1_17f370d0f40a37e6,1,lastfm,sage,12345,88.4810791015625,86.78712463378906
f1_17f370d0f40a37e6,1,lastfm,sage,12346,86.50479888916016,86.50479888916016
f1_17f370d0f40a37e6,1,lastfm,sage,12347,88.08582305908203,87.972900390625
f1_17f370d0f40a37e6,1,lastfm,sage,12348,87.57764434814453,88.70694732666016
f1_17f370d0f40a37e6,1,lastfm,sage,12349,87.972900390625,84.52851104736328
f1_17f370d0f40a37e6,1,lastfm,sage,12350,86.61772918701172,87.91642761230469
f1_17f370d0f40a37e6,1,lastfm,sage,12351,86.9565200805664,87.40824127197266
f1_17f370d0f40a37e6,1,lastfm,sage,12352,86.9565200805664,87.23884582519531
f1_17f370d0f40a37e6,1,lastfm,sage,12353,87.06945037841797,86.56126403808594
f1_17f370d0f40a37e6,1,lastfm,sage,12354,88.76341247558594,86.44832611083984
f1_23b7c65782e40ed9,1,lastfm,sage,12345,88.76341247558594,87.18238067626953
f1_23b7c65782e40ed9,1,lastfm,sage,12346,87.35177612304688,87.46470642089844
f1_23b7c65782e40ed9,1,lastfm,sage,12347,88.31168365478516,88.08582305908203
f1_23b7c65782e40ed9,1,lastfm,sage,12348,87.8599624633789,88.02935791015625
f1_23b7c65782e40ed9,1,lastfm,sage,12349,88.4810791015625,85.6578140258789
f1_23b7c65782e40ed9,1,lastfm,sage,12350,87.2953109741211,88.4810791015625
f1_23b7c65782e40ed9,1,lastfm,sage,12351,87.23884582519531,87.46470642089844
f1_23b7c65782e40ed9,1,lastfm,sage,12352,87.69056701660156,86.90005493164062
f1_23b7c65782e40ed9,1,lastfm,sage,12353,87.80349731445312,86.84358978271484
f1_23b7c65782e40ed9,1,lastfm,sage,12354,89.1586685180664,86.3918685913086
f1_94f0b13bf5dc8d20,1,citeseer,sage,12345,55.64904022216797,52.1634635925293
f1_94f0b13bf5dc8d20,1,citeseer,sage,12346,57.451927185058594,54.326927185058594
f1_94f0b13bf5dc8d20,1,citeseer,sage,12347,54.447113037109375,53.605770111083984
f1_94f0b13bf5dc8d20,1,citeseer,sage,12348,52.52404022216797,49.15865707397461
f1_94f0b13bf5dc8d20,1,citeseer,sage,12349,53.365386962890625,55.40865707397461
f1_94f0b13bf5dc8d20,1,citeseer,sage,12350,49.0384635925293,48.918270111083984
f1_94f0b13bf5dc8d20,1,citeseer,sage,12351,43.028846740722656,43.750003814697266
f1_94f0b13bf5dc8d20,1,citeseer,sage,12352,58.293270111083984,58.17307662963867
f1_94f0b13bf5dc8d20,1,citeseer,sage,12353,56.8509635925293,54.08654022216797
f1_94f0b13bf5dc8d20,1,citeseer,sage,12354,48.79807662963867,52.043270111083984
f1_e29c25910e28923b,1,citeseer,sage,12345,55.52885055541992,52.764427185058594
f1_e29c25910e28923b,1,citeseer,sage,12346,53.48557662963867,52.40385055541992
f1_e29c25910e28923b,1,citeseer,sage,12347,48.677886962890625,49.0384635925293
f1_e29c25910e28923b,1,citeseer,sage,12348,58.4134635925293,55.04807662963867
f1_e29c25910e28923b,1,citeseer,sage,12349,46.99519348144531,50.12019348144531
f1_e29c25910e28923b,1,citeseer,sage,12350,51.44230651855469,49.0384635925293
f1_e29c25910e28923b,1,citeseer,sage,12351,50.36057662963867,49.63942337036133
f1_e29c25910e28923b,1,citeseer,sage,12352,49.39904022216797,50.72115707397461
f1_e29c25910e28923b,1,citeseer,sage,12353,54.326927185058594,51.92307662963867
f1_e29c25910e28923b,1,citeseer,sage,12354,53.00480651855469,52.64423370361328
f1_966b7b93e5830a42,1,citeseer,sage,12345,56.009620666503906,52.40385055541992
f1_966b7b93e5830a42,1,citeseer,sage,12346,59.25480651855469,54.447113037109375
f1_966b7b93e5830a42,1,citeseer,sage,12347,56.12980651855469,53.125
f1_966b7b93e5830a42,1,citeseer,sage,12348,60.33654022216797,59.49519348144531
f1_966b7b93e5830a42,1,citeseer,sage,12349,55.76923370361328,58.293270111083984
f1_966b7b93e5830a42,1,citeseer,sage,12350,48.31731033325195,48.07692337036133
f1_966b7b93e5830a42,1,citeseer,sage,12351,44.11057662963867,42.06731033325195
f1_966b7b93e5830a42,1,citeseer,sage,12352,59.49519348144531,58.052886962890625
f1_966b7b93e5830a42,1,citeseer,sage,12353,57.93269348144531,55.40865707397461
f1_966b7b93e5830a42,1,citeseer,sage,12354,49.51923370361328,52.043270111083984
f1_26676f68fe1102ed,1,citeseer,sage,12345,63.46154022216797,62.980770111083984
f1_26676f68fe1102ed,1,citeseer,sage,12346,63.701927185058594,60.576927185058594
f1_26676f68fe1102ed,1,citeseer,sage,12347,61.177886962890625,58.17307662963867
f1_26676f68fe1102ed,1,citeseer,sage,12348,63.34135055541992,61.29807662963867
f1_26676f68fe1102ed,1,citeseer,sage,12349,61.77885055541992,59.615386962890625
f1_26676f68fe1102ed,1,citeseer,sage,12350,60.33654022216797,59.375
f1_26676f68fe1102ed,1,citeseer,sage,12351,59.9759635925293,57.21154022216797
f1_26676f68fe1102ed,1,citeseer,sage,12352,61.77885055541992,58.77404022216797
f1_26676f68fe1102ed,1,citeseer,sage,12353,60.9375,57.93269348144531
f1_26676f68fe1102ed,1,citeseer,sage,12354,61.418270111083984,61.05769348144531
f1_d4f4ac4d21da3cf2,1,citeseer,sage,12345,65.50480651855469,65.2644271850586
f1_d4f4ac4d21da3cf2,1,citeseer,sage,12346,63.94230651855469,63.701927185058594
f1_d4f4ac4d21da3cf2,1,citeseer,sage,12347,65.2644271850586,63.22115707397461
f1_d4f4ac4d21da3cf2,1,citeseer,sage,12348,68.62981414794922,65.98558044433594
f1_d4f4ac4d21da3cf2,1,citeseer,sage,12349,64.18269348144531,64.78365325927734
f1_d4f4ac4d21da3cf2,1,citeseer,sage,12350,62.980770111083984,63.94230651855469
f1_d4f4ac4d21da3cf2,1,citeseer,sage,12351,62.5,59.73557662963867
f1_d4f4ac4d21da3cf2,1,citeseer,sage,12352,65.14423370361328,64.18269348144531
f1_d4f4ac4d21da3cf2,1,citeseer,sage,12353,66.58654022216797,63.94230651855469
f1_d4f4ac4d21da3cf2,1,citeseer,sage,12354,65.2644271850586,66.10577392578125
f1_1f580b35a862fc8d,1,citeseer,sage,12345,63.58173370361328,63.58173370361328
f1_1f580b35a862fc8d,1,citeseer,sage,12346,62.980770111083984,61.89904022216797
f1_1f580b35a862fc8d,1,citeseer,sage,12347,60.697120666503906,57.572120666503906
f1_1f580b35a862fc8d,1,citeseer,sage,12348,65.74519348144531,61.77885055541992
f1_1f580b35a862fc8d,1,citeseer,sage,12349,60.09615707397461,59.134620666503906
f1_1f580b35a862fc8d,1,citeseer,sage,12350,58.77404022216797,57.69230651855469
f1_1f580b35a862fc8d,1,citeseer,sage,12351,60.09615707397461,56.009620666503906
f1_1f580b35a862fc8d,1,citeseer,sage,12352,61.89904022216797,58.89423370361328
f1_1f580b35a862fc8d,1,citeseer,sage,12353,61.418270111083984,59.25480651855469
f1_1f580b35a862fc8d,1,citeseer,sage,12354,61.418270111083984,59.134620666503906
f1_816e7d59ac95109d,1,citeseer,sage,12345,63.1009635925293,62.139427185058594
f1_816e7d59ac95109d,1,citeseer,sage,12346,62.740386962890625,60.09615707397461
f1_816e7d59ac95109d,1,citeseer,sage,12347,60.9375,58.293270111083984
f1_816e7d59ac95109d,1,citeseer,sage,12348,65.02404022216797,62.86057662963867
f1_816e7d59ac95109d,1,citeseer,sage,12349,60.09615707397461,59.49519348144531
f1_816e7d59ac95109d,1,citeseer,sage,12350,58.4134635925293,59.014427185058594
f1_816e7d59ac95109d,1,citeseer,sage,12351,60.45673370361328,57.572120666503906
f1_816e7d59ac95109d,1,citeseer,sage,12352,61.89904022216797,57.8125
f1_816e7d59ac95109d,1,citeseer,sage,12353,62.01923370361328,59.134620666503906
f1_816e7d59ac95109d,1,citeseer,sage,12354,61.05769348144531,58.4134635925293
f1_564fa2c5e6b3c74a,1,citeseer,sage,12345,64.66346740722656,62.139427185058594
f1_564fa2c5e6b3c74a,1,citeseer,sage,12346,63.22115707397461,64.0625
f1_564fa2c5e6b3c74a,1,citeseer,sage,12347,64.78365325927734,62.62019348144531
f1_564fa2c5e6b3c74a,1,citeseer,sage,12348,65.98558044433594,64.78365325927734
f1_564fa2c5e6b3c74a,1,citeseer,sage,12349,60.81730651855469,62.980770111083984
f1_564fa2c5e6b3c74a,1,citeseer,sage,12350,62.259620666503906,63.46154022216797
f1_564fa2c5e6b3c74a,1,citeseer,sage,12351,62.259620666503906,60.45673370361328
f1_564fa2c5e6b3c74a,1,citeseer,sage,12352,64.66346740722656,61.05769348144531
f1_564fa2c5e6b3c74a,1,citeseer,sage,12353,65.74519348144531,63.34135055541992
f1_564fa2c5e6b3c74a,1,citeseer,sage,12354,62.01923370361328,63.22115707397461
f1_718ac383de3352e9,1,citeseer,sage,12345,64.30288696289062,64.18269348144531
f1_718ac383de3352e9,1,citeseer,sage,12346,62.86057662963867,62.740386962890625
f1_718ac383de3352e9,1,citeseer,sage,12347,62.01923370361328,60.576927185058594
f1_718ac383de3352e9,1,citeseer,sage,12348,66.10577392578125,64.0625
f1_718ac383de3352e9,1,citeseer,sage,12349,61.05769348144531,62.86057662963867
f1_718ac383de3352e9,1,citeseer,sage,12350,61.05769348144531,61.89904022216797
f1_718ac383de3352e9,1,citeseer,sage,12351,60.81730651855469,59.855770111083984
f1_718ac383de3352e9,1,citeseer,sage,12352,64.90384674072266,63.1009635925293
f1_718ac383de3352e9,1,citeseer,sage,12353,64.42308044433594,62.37980651855469
f1_718ac383de3352e9,1,citeseer,sage,12354,60.33654022216797,63.46154022216797
f1_04ff126581988877,1,citeseer,sage,12345,65.3846206665039,64.0625
f1_04ff126581988877,1,citeseer,sage,12346,64.42308044433594,63.701927185058594
f1_04ff126581988877,1,citeseer,sage,12347,64.18269348144531,61.89904022216797
f1_04ff126581988877,1,citeseer,sage,12348,67.66827392578125,64.54327392578125
f1_04ff126581988877,1,citeseer,sage,12349,61.29807662963867,63.701927185058594
f1_04ff126581988877,1,citeseer,sage,12350,62.86057662963867,63.1009635925293
f1_04ff126581988877,1,citeseer,sage,12351,62.86057662963867,62.01923370361328
f1_04ff126581988877,1,citeseer,sage,12352,64.66346740722656,63.34135055541992
f1_04ff126581988877,1,citeseer,sage,12353,66.46634674072266,65.14423370361328
f1_04ff126581988877,1,citeseer,sage,12354,63.58173370361328,66.58654022216797
f1_3d3d552082189bfc,1,cora,sage,12345,70.75332641601562,74.0029525756836
f1_3d3d552082189bfc,1,cora,sage,12346,73.70753479003906,71.63958740234375
f1_3d3d552082189bfc,1,cora,sage,12347,72.23043060302734,71.93500518798828
f1_3d3d552082189bfc,1,cora,sage,12348,71.63958740234375,72.6735610961914
f1_3d3d552082189bfc,1,cora,sage,12349,75.33235168457031,75.92318725585938
f1_3d3d552082189bfc,1,cora,sage,12350,69.57164001464844,69.12850952148438
f1_3d3d552082189bfc,1,cora,sage,12351,70.75332641601562,71.78730010986328
f1_3d3d552082189bfc,1,cora,sage,12352,75.77548217773438,73.70753479003906
f1_3d3d552082189bfc,1,cora,sage,12353,70.75332641601562,73.55982208251953
f1_3d3d552082189bfc,1,cora,sage,12354,73.55982208251953,74.88921356201172
f1_6142cd8980714151,1,cora,sage,12345,70.45790100097656,73.412109375
f1_6142cd8980714151,1,cora,sage,12346,73.11669158935547,70.75332641601562
f1_6142cd8980714151,1,cora,sage,12347,72.37813568115234,71.19645690917969
f1_6142cd8980714151,1,cora,sage,12348,72.82127380371094,74.29837799072266
f1_6142cd8980714151,1,cora,sage,12349,73.11669158935547,75.18463897705078
f1_6142cd8980714151,1,cora,sage,12350,69.12850952148438,68.98079681396484
f1_6142cd8980714151,1,cora,sage,12351,70.90103149414062,70.90103149414062
f1_6142cd8980714151,1,cora,sage,12352,75.62776947021484,72.96897888183594
f1_6142cd8980714151,1,cora,sage,12353,70.16248321533203,73.11669158935547
f1_6142cd8980714151,1,cora,sage,12354,73.412109375,73.55982208251953
f1_0f7402e6c9a69465,1,cora,sage,12345,76.80945587158203,79.76366424560547
f1_0f7402e6c9a69465,1,cora,sage,12346,78.87740325927734,79.02510833740234
f1_0f7402e6c9a69465,1,cora,sage,12347,68.38995361328125,66.91284942626953
f1_0f7402e6c9a69465,1,cora,sage,12348,79.3205337524414,77.69571685791016
f1_0f7402e6c9a69465,1,cora,sage,12349,71.49187469482422,75.18463897705078
f1_0f7402e6c9a69465,1,cora,sage,12350,56.720829010009766,58.93648147583008
f1_0f7402e6c9a69465,1,cora,sage,12351,76.51403045654297,76.51403045654297
f1_0f7402e6c9a69465,1,cora,sage,12352,69.4239273071289,69.86705780029297
f1_0f7402e6c9a69465,1,cora,sage,12353,77.99113464355469,77.84342956542969
f1_0f7402e6c9a69465,1,cora,sage,12354,75.48005676269531,79.911376953125
f1_c440aac29c52a55a,1,cora,sage,12345,80.94534301757812,82.57015991210938
f1_c440aac29c52a55a,1,cora,sage,12346,84.63810729980469,82.27474212646484
f1_c440aac29c52a55a,1,cora,sage,12347,83.3087158203125,82.7178726196289
f1_c440aac29c52a55a,1,cora,sage,12348,84.93353271484375,82.7178726196289
f1_c440aac29c52a55a,1,cora,sage,12349,84.0472640991211,83.16100311279297
f1_c440aac29c52a55a,1,cora,sage,12350,80.94534301757812,79.61595153808594
f1_c440aac29c52a55a,1,cora,sage,12351,84.78582000732422,83.60413360595703
f1_c440aac29c52a55a,1,cora,sage,12352,84.34268951416016,84.49039459228516
f1_c440aac29c52a55a,1,cora,sage,12353,82.7178726196289,83.8995590209961
f1_c440aac29c52a55a,1,cora,sage,12354,82.57015991210938,84.34268951416016
f1_a33c9ca4fbd08ff7,1,cora,sage,12345,81.83161163330078,83.3087158203125
f1_a33c9ca4fbd08ff7,1,cora,sage,12346,84.78582000732422,82.57015991210938
f1_a33c9ca4fbd08ff7,1,cora,sage,12347,84.0472640991211,82.42245483398438
f1_a33c9ca4fbd08ff7,1,cora,sage,12348,85.52436828613281,83.60413360595703
f1_a33c9ca4fbd08ff7,1,cora,sage,12349,83.3087158203125,82.57015991210938
f1_a33c9ca4fbd08ff7,1,cora,sage,12350,80.50221252441406,80.6499252319336
f1_a33c9ca4fbd08ff7,1,cora,sage,12351,83.16100311279297,82.86558532714844
f1_a33c9ca4fbd08ff7,1,cora,sage,12352,84.49039459228516,84.78582000732422
f1_a33c9ca4fbd08ff7,1,cora,sage,12353,82.42245483398438,83.3087158203125
f1_a33c9ca4fbd08ff7,1,cora,sage,12354,82.27474212646484,86.26292419433594
f1_039665800053b774,1,cora,sage,12345,81.68389892578125,83.01329040527344
f1_039665800053b774,1,cora,sage,12346,84.63810729980469,82.7178726196289
f1_039665800053b774,1,cora,sage,12347,84.19497680664062,82.12702941894531
f1_039665800053b774,1,cora,sage,12348,85.37666320800781,83.3087158203125
f1_039665800053b774,1,cora,sage,12349,83.75184631347656,83.16100311279297
f1_039665800053b774,1,cora,sage,12350,80.94534301757812,81.38848114013672
f1_039665800053b774,1,cora,sage,12351,82.57015991210938,83.01329040527344
f1_039665800053b774,1,cora,sage,12352,84.34268951416016,84.49039459228516
f1_039665800053b774,1,cora,sage,12353,82.57015991210938,83.8995590209961
f1_039665800053b774,1,cora,sage,12354,83.3087158203125,86.26292419433594
f1_307006cb44abe7df,1,cora,sage,12345,81.83161163330078,83.01329040527344
f1_307006cb44abe7df,1,cora,sage,12346,83.60413360595703,81.38848114013672
f1_307006cb44abe7df,1,cora,sage,12347,84.34268951416016,82.86558532714844
f1_307006cb44abe7df,1,cora,sage,12348,85.67208099365234,84.78582000732422
f1_307006cb44abe7df,1,cora,sage,12349,84.93353271484375,83.4564208984375
f1_307006cb44abe7df,1,cora,sage,12350,80.79763793945312,81.24076843261719
f1_307006cb44abe7df,1,cora,sage,12351,82.27474212646484,83.01329040527344
f1_307006cb44abe7df,1,cora,sage,12352,84.49039459228516,84.0472640991211
f1_307006cb44abe7df,1,cora,sage,12353,82.57015991210938,84.63810729980469
f1_307006cb44abe7df,1,cora,sage,12354,81.24076843261719,85.08123779296875
f1_89902629bd0c49c7,1,cora,sage,12345,81.83161163330078,81.83161163330078
f1_89902629bd0c49c7,1,cora,sage,12346,84.78582000732422,82.7178726196289
f1_89902629bd0c49c7,1,cora,sage,12347,85.08123779296875,82.42245483398438
f1_89902629bd0c49c7,1,cora,sage,12348,85.96749877929688,83.75184631347656
f1_89902629bd0c49c7,1,cora,sage,12349,84.34268951416016,83.01329040527344
f1_89902629bd0c49c7,1,cora,sage,12350,80.79763793945312,80.6499252319336
f1_89902629bd0c49c7,1,cora,sage,12351,82.86558532714844,81.68389892578125
f1_89902629bd0c49c7,1,cora,sage,12352,84.49039459228516,84.34268951416016
f1_89902629bd0c49c7,1,cora,sage,12353,82.42245483398438,83.8995590209961
f1_89902629bd0c49c7,1,cora,sage,12354,80.6499252319336,84.0472640991211
f1_fc74759cc8315f4f,1,cora,sage,12345,81.97931671142578,84.19497680664062
f1_fc74759cc8315f4f,1,cora,sage,12346,85.67208099365234,84.0472640991211
f1_fc74759cc8315f4f,1,cora,sage,12347,84.34268951416016,81.97931671142578
f1_fc74759cc8315f4f,1,cora,sage,12348,85.96749877929688,83.8995590209961
f1_fc74759cc8315f4f,1,cora,sage,12349,84.19497680664062,82.86558532714844
f1_fc74759cc8315f4f,1,cora,sage,12350,81.24076843261719,80.50221252441406
f1_fc74759cc8315f4f,1,cora,sage,12351,81.24076843261719,82.27474212646484
f1_fc74759cc8315f4f,1,cora,sage,12352,84.19497680664062,84.0472640991211
f1_fc74759cc8315f4f,1,cora,sage,12353,82.12702941894531,85.08123779296875
f1_fc74759cc8315f4f,1,cora,sage,12354,81.38848114013672,83.60413360595703
f1_d43e3420a72dd9f7,1,cora,sage,12345,81.68389892578125,83.60413360595703
f1_d43e3420a72dd9f7,1,cora,sage,12346,86.1152114868164,85.67208099365234
f1_d43e3420a72dd9f7,1,cora,sage,12347,84.63810729980469,85.67208099365234
f1_d43e3420a72dd9f7,1,cora,sage,12348,84.49039459228516,84.93353271484375
f1_d43e3420a72dd9f7,1,cora,sage,12349,85.22895050048828,84.19497680664062
f1_d43e3420a72dd9f7,1,cora,sage,12350,82.57015991210938,82.57015991210938
f1_d43e3420a72dd9f7,1,cora,sage,12351,84.19497680664062,82.42245483398438
f1_d43e3420a72dd9f7,1,cora,sage,12352,84.49039459228516,83.75184631347656
f1_d43e3420a72dd9f7,1,cora,sage,12353,83.4564208984375,84.63810729980469
f1_d43e3420a72dd9f7,1,cora,sage,12354,83.4564208984375,86.7060546875
f1_2fee17b8b4af866f,1,facebook,sage,12345,89.40904235839844,88.66144561767578
f1_2fee17b8b4af866f,1,facebook,sage,12346,90.10324096679688,89.42684173583984
f1_2fee17b8b4af866f,1,facebook,sage,12347,90.3880386352539,89.53364562988281
f1_2fee17b8b4af866f,1,facebook,sage,12348,89.37344360351562,88.9284439086914
f1_2fee17b8b4af866f,1,facebook,sage,12349,88.73265075683594,89.33784484863281
f1_2fee17b8b4af866f,1,facebook,sage,12350,89.85404205322266,87.55785369873047
f1_2fee17b8b4af866f,1,facebook,sage,12351,87.78924560546875,87.8248519897461
f1_2fee17b8b4af866f,1,facebook,sage,12352,89.14204406738281,88.09185028076172
f1_2fee17b8b4af866f,1,facebook,sage,12353,90.74403381347656,89.85404205322266
f1_2fee17b8b4af866f,1,facebook,sage,12354,88.34104919433594,87.6290512084961
f1_e6122fbcf1407ded,1,facebook,sage,12345,89.58704376220703,88.46565246582031
f1_e6122fbcf1407ded,1,facebook,sage,12346,90.04983520507812,89.07084655761719
f1_e6122fbcf1407ded,1,facebook,sage,12347,90.49484252929688,89.60484313964844
f1_e6122fbcf1407ded,1,facebook,sage,12348,89.498046875,88.34104919433594
f1_e6122fbcf1407ded,1,facebook,sage,12349,88.71484375,89.40904235839844
f1_e6122fbcf1407ded,1,facebook,sage,12350,90.03204345703125,87.94944763183594
f1_e6122fbcf1407ded,1,facebook,sage,12351,87.89604949951172,87.61125183105469
f1_e6122fbcf1407ded,1,facebook,sage,12352,89.17764282226562,88.16304779052734
f1_e6122fbcf1407ded,1,facebook,sage,12353,90.63723754882812,89.83624267578125
f1_e6122fbcf1407ded,1,facebook,sage,12354,88.09185028076172,87.16625213623047
f1_bbc39f2aa257a519,1,facebook,sage,12345,90.45923614501953,89.71163940429688
f1_bbc39f2aa257a519,1,facebook,sage,12346,91.04663848876953,90.99324035644531
f1_bbc39f2aa257a519,1,facebook,sage,12347,91.72303009033203,90.45923614501953
f1_bbc39f2aa257a519,1,facebook,sage,12348,90.1922378540039,89.87184143066406
f1_bbc39f2aa257a519,1,facebook,sage,12349,89.90744018554688,90.53043365478516
f1_bbc39f2aa257a519,1,facebook,sage,12350,89.44464111328125,88.35884857177734
f1_bbc39f2aa257a519,1,facebook,sage,12351,89.83624267578125,89.71163940429688
f1_bbc39f2aa257a519,1,facebook,sage,12352,90.74403381347656,89.76504516601562
f1_bbc39f2aa257a519,1,facebook,sage,12353,91.59843444824219,91.33143615722656
f1_bbc39f2aa257a519,1,facebook,sage,12354,90.06764221191406,89.23104095458984
f1_665af636c0229c03,1,facebook,sage,12345,93.89462280273438,93.39622497558594
f1_665af636c0229c03,1,facebook,sage,12346,94.01922607421875,93.32502746582031
f1_665af636c0229c03,1,facebook,sage,12347,94.26842498779297,93.12922668457031
f1_665af636c0229c03,1,facebook,sage,12348,93.68102264404297,94.01922607421875
f1_665af636c0229c03,1,facebook,sage,12349,93.52082824707031,93.48522186279297
f1_665af636c0229c03,1,facebook,sage,12350,94.87361907958984,93.32502746582031
f1_665af636c0229c03,1,facebook,sage,12351,93.71662902832031,93.57422637939453
f1_665af636c0229c03,1,facebook,sage,12352,93.39622497558594,92.98683166503906
f1_665af636c0229c03,1,facebook,sage,12353,93.98362731933594,93.64542388916016
f1_665af636c0229c03,1,facebook,sage,12354,94.03702545166016,93.44963073730469
f1_b9d75efc0531b6dd,1,facebook,sage,12345,94.19722747802734,93.78782653808594
f1_b9d75efc0531b6dd,1,facebook,sage,12346,94.14382934570312,93.5030288696289
f1_b9d75efc0531b6dd,1,facebook,sage,12347,94.30402374267578,93.80562591552734
f1_b9d75efc0531b6dd,1,facebook,sage,12348,94.03702545166016,94.42861938476562
f1_b9d75efc0531b6dd,1,facebook,sage,12349,93.53862762451172,93.73442840576172
f1_b9d75efc0531b6dd,1,facebook,sage,12350,95.14061737060547,93.68102264404297
f1_b9d75efc0531b6dd,1,facebook,sage,12351,93.85902404785156,93.91242218017578
f1_b9d75efc0531b6dd,1,facebook,sage,12352,93.87682342529297,93.64542388916016
f1_b9d75efc0531b6dd,1,facebook,sage,12353,94.62442016601562,93.91242218017578
f1_b9d75efc0531b6dd,1,facebook,sage,12354,94.58882141113281,93.84122467041016
f1_a1b688383284ced4,1,facebook,sage,12345,94.39302062988281,93.82342529296875
f1_a1b688383284ced4,1,facebook,sage,12346,94.48202514648438,93.64542388916016
f1_a1b688383284ced4,1,facebook,sage,12347,94.14382934570312,93.14702606201172
f1_a1b688383284ced4,1,facebook,sage,12348,94.01922607421875,94.5354232788086
f1_a1b688383284ced4,1,facebook,sage,12349,93.93022918701172,93.85902404785156
f1_a1b688383284ced4,1,facebook,sage,12350,95.03382110595703,93.80562591552734
f1_a1b688383284ced4,1,facebook,sage,12351,93.52082824707031,93.39622497558594
f1_a1b688383284ced4,1,facebook,sage,12352,93.89462280273438,93.46742248535156
f1_a1b688383284ced4,1,facebook,sage,12353,94.46422576904297,94.01922607421875
f1_a1b688383284ced4,1,facebook,sage,12354,94.5710220336914,94.16162109375
f1_478420c3b5919c09,1,facebook,sage,12345,94.3396224975586,93.73442840576172
f1_478420c3b5919c09,1,facebook,sage,12346,94.14382934570312,93.36062622070312
f1_478420c3b5919c09,1,facebook,sage,12347,94.357421875,94.09042358398438
f1_478420c3b5919c09,1,facebook,sage,12348,94.07262420654297,94.30402374267578
f1_478420c3b5919c09,1,facebook,sage,12349,93.68102264404297,93.89462280273438
f1_478420c3b5919c09,1,facebook,sage,12350,94.94482421875,93.52082824707031
f1_478420c3b5919c09,1,facebook,sage,12351,93.59202575683594,93.6632308959961
f1_478420c3b5919c09,1,facebook,sage,12352,93.59202575683594,93.12922668457031
f1_478420c3b5919c09,1,facebook,sage,12353,94.357421875,94.26842498779297
f1_478420c3b5919c09,1,facebook,sage,12354,94.60662078857422,94.07262420654297
f1_d63cc953518cdb17,1,facebook,sage,12345,94.21502685546875,93.80562591552734
f1_d63cc953518cdb17,1,facebook,sage,12346,94.19722747802734,93.85902404785156
f1_d63cc953518cdb17,1,facebook,sage,12347,94.3396224975586,93.87682342529297
f1_d63cc953518cdb17,1,facebook,sage,12348,94.03702545166016,94.23281860351562
f1_d63cc953518cdb17,1,facebook,sage,12349,93.34282684326172,93.43182373046875
f1_d63cc953518cdb17,1,facebook,sage,12350,94.98041534423828,93.84122467041016
f1_d63cc953518cdb17,1,facebook,sage,12351,93.60982513427734,93.6632308959961
f1_d63cc953518cdb17,1,facebook,sage,12352,93.91242218017578,93.62762451171875
f1_d63cc953518cdb17,1,facebook,sage,12353,94.44641876220703,94.03702545166016
f1_d63cc953518cdb17,1,facebook,sage,12354,94.49981689453125,93.85902404785156
f1_d76339db1c8fedbc,1,facebook,sage,12345,94.16162109375,93.7522201538086
f1_d76339db1c8fedbc,1,facebook,sage,12346,94.28622436523438,93.87682342529297
f1_d76339db1c8fedbc,1,facebook,sage,12347,94.25062561035156,94.00142669677734
f1_d76339db1c8fedbc,1,facebook,sage,12348,94.14382934570312,94.69562530517578
f1_d76339db1c8fedbc,1,facebook,sage,12349,93.64542388916016,93.73442840576172
f1_d76339db1c8fedbc,1,facebook,sage,12350,94.90921783447266,93.52082824707031
f1_d76339db1c8fedbc,1,facebook,sage,12351,93.43182373046875,93.46742248535156
f1_d76339db1c8fedbc,1,facebook,sage,12352,93.78782653808594,93.41402435302734
f1_d76339db1c8fedbc,1,facebook,sage,12353,94.64221954345703,94.09042358398438
f1_d76339db1c8fedbc,1,facebook,sage,12354,94.5710220336914,93.82342529296875
f1_f5e77f953d672bf7,1,facebook,sage,12345,93.98362731933594,93.60982513427734
f1_f5e77f953d672bf7,1,facebook,sage,12346,94.23281860351562,93.68102264404297
f1_f5e77f953d672bf7,1,facebook,sage,12347,94.26842498779297,93.7522201538086
f1_f5e77f953d672bf7,1,facebook,sage,12348,93.9658203125,94.23281860351562
f1_f5e77f953d672bf7,1,facebook,sage,12349,93.69882202148438,94.00142669677734
f1_f5e77f953d672bf7,1,facebook,sage,12350,95.1584243774414,93.87682342529297
f1_f5e77f953d672bf7,1,facebook,sage,12351,93.9658203125,94.07262420654297
f1_f5e77f953d672bf7,1,facebook,sage,12352,93.85902404785156,93.73442840576172
f1_f5e77f953d672bf7,1,facebook,sage,12353,94.64221954345703,94.05482482910156
f1_f5e77f953d672bf7,1,facebook,sage,12354,94.78462219238281,93.57422637939453
f1_f01cf0fd19ef7131,1,lastfm,sage,12345,84.52851104736328,84.30265045166016
f1_f01cf0fd19ef7131,1,lastfm,sage,12346,69.28289031982422,71.2591781616211
f1_f01cf0fd19ef7131,1,lastfm,sage,12347,79.67250061035156,80.29361724853516
f1_f01cf0fd19ef7131,1,lastfm,sage,12348,84.81084442138672,84.5849838256836
f1_f01cf0fd19ef7131,1,lastfm,sage,12349,70.69452667236328,70.46865844726562
f1_f01cf0fd19ef7131,1,lastfm,sage,12350,82.43930053710938,83.45567321777344
f1_f01cf0fd19ef7131,1,lastfm,sage,12351,69.39582061767578,67.02427673339844
f1_f01cf0fd19ef7131,1,lastfm,sage,12352,82.77809143066406,81.70524597167969
f1_f01cf0fd19ef7131,1,lastfm,sage,12353,67.532470703125,64.59626770019531
f1_f01cf0fd19ef7131,1,lastfm,sage,12354,81.366455078125,79.72896575927734
f1_97242058b3c439d6,1,lastfm,sage,12345,83.34274291992188,82.0440444946289
f1_97242058b3c439d6,1,lastfm,sage,12346,73.80010986328125,75.71992492675781
f1_97242058b3c439d6,1,lastfm,sage,12347,81.98757934570312,82.21343994140625
f1_97242058b3c439d6,1,lastfm,sage,12348,85.48841857910156,85.48841857910156
f1_97242058b3c439d6,1,lastfm,sage,12349,81.42292785644531,79.2772445678711
f1_97242058b3c439d6,1,lastfm,sage,12350,81.19706726074219,82.83455657958984
f1_97242058b3c439d6,1,lastfm,sage,12351,79.2772445678711,79.22077941894531
f1_97242058b3c439d6,1,lastfm,sage,12352,85.0931625366211,84.64144134521484
f1_97242058b3c439d6,1,lastfm,sage,12353,78.99491882324219,76.62337493896484
f1_97242058b3c439d6,1,lastfm,sage,12354,83.568603515625,81.47938537597656
f1_725bf35a84e414ef,1,lastfm,sage,12345,81.98757934570312,81.19706726074219
f1_725bf35a84e414ef,1,lastfm,sage,12346,75.38114166259766,77.07510375976562
f1_725bf35a84e414ef,1,lastfm,sage,12347,81.59232330322266,82.43930053710938
f1_725bf35a84e414ef,1,lastfm,sage,12348,85.99661254882812,86.50479888916016
f1_725bf35a84e414ef,1,lastfm,sage,12349,79.95482635498047,78.76905822753906
f1_725bf35a84e414ef,1,lastfm,sage,12350,81.25352478027344,82.3828353881836
f1_725bf35a84e414ef,1,lastfm,sage,12351,75.71992492675781,75.21174621582031
f1_725bf35a84e414ef,1,lastfm,sage,12352,85.54489135742188,84.81084442138672
f1_725bf35a84e414ef,1,lastfm,sage,12353,80.06775665283203,78.31732940673828
f1_725bf35a84e414ef,1,lastfm,sage,12354,83.8509292602539,81.47938537597656
f1_a0b5fddf15d04be7,1,lastfm,sage,12345,87.91642761230469,86.6741943359375
f1_a0b5fddf15d04be7,1,lastfm,sage,12346,86.73065948486328,87.57764434814453
f1_a0b5fddf15d04be7,1,lastfm,sage,12347,87.40824127197266,87.46470642089844
f1_a0b5fddf15d04be7,1,lastfm,sage,12348,87.40824127197266,87.52117156982422
f1_a0b5fddf15d04be7,1,lastfm,sage,12349,88.36815643310547,85.6578140258789
f1_a0b5fddf15d04be7,1,lastfm,sage,12350,87.12591552734375,87.40824127197266
f1_a0b5fddf15d04be7,1,lastfm,sage,12351,87.06945037841797,86.78712463378906
f1_a0b5fddf15d04be7,1,lastfm,sage,12352,87.40824127197266,87.12591552734375
f1_a0b5fddf15d04be7,1,lastfm,sage,12353,87.23884582519531,85.82721710205078
f1_a0b5fddf15d04be7,1,lastfm,sage,12354,88.81986999511719,86.3918685913086
f1_2d938898f80d39a4,1,lastfm,sage,12345,88.70694732666016,86.3918685913086
f1_2d938898f80d39a4,1,lastfm,sage,12346,87.80349731445312,87.35177612304688
f1_2d938898f80d39a4,1,lastfm,sage,12347,87.63410186767578,87.52117156982422
f1_2d938898f80d39a4,1,lastfm,sage,12348,88.25521850585938,88.5940170288086
f1_2d938898f80d39a4,1,lastfm,sage,12349,88.02935791015625,86.16600799560547
f1_2d938898f80d39a4,1,lastfm,sage,12350,86.9565200805664,88.65047454833984
f1_2d938898f80d39a4,1,lastfm,sage,12351,87.12591552734375,87.35177612304688
f1_2d938898f80d39a4,1,lastfm,sage,12352,87.01298522949219,87.35177612304688
f1_2d938898f80d39a4,1,lastfm,sage,12353,87.40824127197266,86.22247314453125
f1_2d938898f80d39a4,1,lastfm,sage,12354,88.70694732666016,86.90005493164062
f1_c6751995b9598f84,1,lastfm,sage,12345,87.972900390625,85.71428680419922
f1_c6751995b9598f84,1,lastfm,sage,12346,87.12591552734375,87.74703216552734
f1_c6751995b9598f84,1,lastfm,sage,12347,87.46470642089844,88.02935791015625
f1_c6751995b9598f84,1,lastfm,sage,12348,87.80349731445312,88.02935791015625
f1_c6751995b9598f84,1,lastfm,sage,12349,88.25521850585938,85.82721710205078
f1_c6751995b9598f84,1,lastfm,sage,12350,86.73065948486328,88.02935791015625
f1_c6751995b9598f84,1,lastfm,sage,12351,87.06945037841797,86.56126403808594
f1_c6751995b9598f84,1,lastfm,sage,12352,87.52117156982422,87.2953109741211
f1_c6751995b9598f84,1,lastfm,sage,12353,87.46470642089844,85.37549591064453
f1_c6751995b9598f84,1,lastfm,sage,12354,89.04573059082031,86.73065948486328
f1_fe11af3ded2bb52a,1,lastfm,sage,12345,88.14229583740234,86.6741943359375
f1_fe11af3ded2bb52a,1,lastfm,sage,12346,86.9565200805664,87.52117156982422
f1_fe11af3ded2bb52a,1,lastfm,sage,12347,87.57764434814453,87.80349731445312
f1_fe11af3ded2bb52a,1,lastfm,sage,12348,87.8599624633789,88.08582305908203
f1_fe11af3ded2bb52a,1,lastfm,sage,12349,88.25521850585938,85.71428680419922
f1_fe11af3ded2bb52a,1,lastfm,sage,12350,86.90005493164062,87.74703216552734
f1_fe11af3ded2bb52a,1,lastfm,sage,12351,87.12591552734375,87.06945037841797
f1_fe11af3ded2bb52a,1,lastfm,sage,12352,87.52117156982422,87.01298522949219
f1_fe11af3ded2bb52a,1,lastfm,sage,12353,87.23884582519531,85.37549591064453
f1_fe11af3ded2bb52a,1,lastfm,sage,12354,88.93280792236328,86.90005493164062
f1_ffd796440b0b0f6e,1,lastfm,sage,12345,88.19876098632812,85.82721710205078
f1_ffd796440b0b0f6e,1,lastfm,sage,12346,86.6741943359375,87.63410186767578
f1_ffd796440b0b0f6e,1,lastfm,sage,12347,88.36815643310547,87.57764434814453
f1_ffd796440b0b0f6e,1,lastfm,sage,12348,87.57764434814453,87.80349731445312
f1_ffd796440b0b0f6e,1,lastfm,sage,12349,88.19876098632812,85.31902313232422
f1_ffd796440b0b0f6e,1,lastfm,sage,12350,86.9565200805664,87.972900390625
f1_ffd796440b0b0f6e,1,lastfm,sage,12351,87.06945037841797,87.23884582519531
f1_ffd796440b0b0f6e,1,lastfm,sage,12352,87.06945037841797,87.57764434814453
f1_ffd796440b0b0f6e,1,lastfm,sage,12353,86.6741943359375,86.22247314453125
f1_ffd796440b0b0f6e,1,lastfm,sage,12354,88.87633514404297,86.22247314453125
f1_5f88351ee6857d15,1,lastfm,sage,12345,87.972900390625,86.6741943359375
f1_5f88351ee6857d15,1,lastfm,sage,12346,87.18238067626953,87.57764434814453
f1_5f88351ee6857d15,1,lastfm,sage,12347,87.69056701660156,87.972900390625
f1_5f88351ee6857d15,1,lastfm,sage,12348,87.80349731445312,87.972900390625
f1_5f88351ee6857d15,1,lastfm,sage,12349,88.19876098632812,85.31902313232422
f1_5f88351ee6857d15,1,lastfm,sage,12350,87.06945037841797,87.80349731445312
f1_5f88351ee6857d15,1,lastfm,sage,12351,86.73065948486328,86.3918685913086
f1_5f88351ee6857d15,1,lastfm,sage,12352,87.57764434814453,87.01298522949219
f1_5f88351ee6857d15,1,lastfm,sage,12353,87.23884582519531,85.770751953125
f1_5f88351ee6857d15,1,lastfm,sage,12354,88.81986999511719,86.56126403808594
f1_f1066c1551da8710,1,lastfm,sage,12345,88.42461395263672,87.18238067626953
f1_f1066c1551da8710,1,lastfm,sage,12346,86.16600799560547,86.05307006835938
f1_f1066c1551da8710,1,lastfm,sage,12347,87.8599624633789,87.74703216552734
f1_f1066c1551da8710,1,lastfm,sage,12348,88.14229583740234,87.91642761230469
f1_f1066c1551da8710,1,lastfm,sage,12349,87.972900390625,85.26255798339844
f1_f1066c1551da8710,1,lastfm,sage,12350,86.90005493164062,88.53755187988281
f1_f1066c1551da8710,1,lastfm,sage,12351,87.01298522949219,86.90005493164062
f1_f1066c1551da8710,1,lastfm,sage,12352,86.61772918701172,87.12591552734375
f1_f1066c1551da8710,1,lastfm,sage,12353,87.12591552734375,86.56126403808594
f1_f1066c1551da8710,1,lastfm,sage,12354,88.70694732666016,86.50479888916016
f1_7349ebeaa4377602,1,citeseer,sage,12345,61.05769348144531,59.014427185058594
f1_7349ebeaa4377602,1,citeseer,sage,12346,59.25480651855469,60.09615707397461
f1_7349ebeaa4377602,1,citeseer,sage,12347,59.375,56.8509635925293
f1_7349ebeaa4377602,1,citeseer,sage,12348,62.980770111083984,62.259620666503906
f1_7349ebeaa4377602,1,citeseer,sage,12349,58.17307662963867,59.855770111083984
f1_7349ebeaa4377602,1,citeseer,sage,12350,60.21635055541992,57.8125
f1_7349ebeaa4377602,1,citeseer,sage,12351,59.615386962890625,56.97115707397461
f1_7349ebeaa4377602,1,citeseer,sage,12352,63.34135055541992,60.21635055541992
f1_7349ebeaa4377602,1,citeseer,sage,12353,63.34135055541992,61.05769348144531
f1_7349ebeaa4377602,1,citeseer,sage,12354,60.45673370361328,61.177886962890625
f1_53e427a95faaeae3,1,citeseer,sage,12345,60.576927185058594,61.77885055541992
f1_53e427a95faaeae3,1,citeseer,sage,12346,61.5384635925293,60.33654022216797
f1_53e427a95faaeae3,1,citeseer,sage,12347,61.65865707397461,59.73557662963867
f1_53e427a95faaeae3,1,citeseer,sage,12348,65.625,62.62019348144531
f1_53e427a95faaeae3,1,citeseer,sage,12349,59.615386962890625,61.05769348144531
f1_53e427a95faaeae3,1,citeseer,sage,12350,59.615386962890625,59.014427185058594
f1_53e427a95faaeae3,1,citeseer,sage,12351,60.33654022216797,57.572120666503906
f1_53e427a95faaeae3,1,citeseer,sage,12352,59.25480651855469,60.33654022216797
f1_53e427a95faaeae3,1,citeseer,sage,12353,61.65865707397461,59.134620666503906
f1_53e427a95faaeae3,1,citeseer,sage,12354,57.93269348144531,58.17307662963867
f1_5f619b91b8e66a75,1,citeseer,sage,12345,67.78846740722656,67.42788696289062
f1_5f619b91b8e66a75,1,citeseer,sage,12346,68.62981414794922,67.30769348144531
f1_5f619b91b8e66a75,1,citeseer,sage,12347,67.54808044433594,63.46154022216797
f1_5f619b91b8e66a75,1,citeseer,sage,12348,68.75,66.58654022216797
f1_5f619b91b8e66a75,1,citeseer,sage,12349,63.94230651855469,65.02404022216797
f1_5f619b91b8e66a75,1,citeseer,sage,12350,65.50480651855469,65.74519348144531
f1_5f619b91b8e66a75,1,citeseer,sage,12351,66.9471206665039,63.94230651855469
f1_5f619b91b8e66a75,1,citeseer,sage,12352,66.70673370361328,65.625
f1_5f619b91b8e66a75,1,citeseer,sage,12353,68.14904022216797,66.34615325927734
f1_5f619b91b8e66a75,1,citeseer,sage,12354,66.58654022216797,65.86538696289062
f1_f6385f6b1fbee4e4,1,citeseer,sage,12345,70.0721206665039,70.43269348144531
f1_f6385f6b1fbee4e4,1,citeseer,sage,12346,71.75481414794922,69.9519271850586
f1_f6385f6b1fbee4e4,1,citeseer,sage,12347,70.55288696289062,68.5096206665039
f1_f6385f6b1fbee4e4,1,citeseer,sage,12348,70.0721206665039,69.23077392578125
f1_f6385f6b1fbee4e4,1,citeseer,sage,12349,68.14904022216797,67.30769348144531
f1_f6385f6b1fbee4e4,1,citeseer,sage,12350,65.86538696289062,68.5096206665039
f1_f6385f6b1fbee4e4,1,citeseer,sage,12351,69.35096740722656,67.42788696289062
f1_f6385f6b1fbee4e4,1,citeseer,sage,12352,71.6346206665039,67.66827392578125
f1_f6385f6b1fbee4e4,1,citeseer,sage,12353,72.11538696289062,68.87019348144531
f1_f6385f6b1fbee4e4,1,citeseer,sage,12354,68.02884674072266,68.99038696289062
f1_2ee2a8184a716c38,1,citeseer,sage,12345,70.79327392578125,70.3125
f1_2ee2a8184a716c38,1,citeseer,sage,12346,69.83173370361328,67.54808044433594
f1_2ee2a8184a716c38,1,citeseer,sage,12347,69.71154022216797,67.54808044433594
f1_2ee2a8184a716c38,1,citeseer,sage,12348,70.43269348144531,68.26923370361328
f1_2ee2a8184a716c38,1,citeseer,sage,12349,66.10577392578125,68.14904022216797
f1_2ee2a8184a716c38,1,citeseer,sage,12350,69.59134674072266,68.62981414794922
f1_2ee2a8184a716c38,1,citeseer,sage,12351,70.67308044433594,67.42788696289062
f1_2ee2a8184a716c38,1,citeseer,sage,12352,70.43269348144531,68.14904022216797
f1_2ee2a8184a716c38,1,citeseer,sage,12353,71.39423370361328,68.99038696289062
f1_2ee2a8184a716c38,1,citeseer,sage,12354,68.26923370361328,69.23077392578125
f1_1839aec96148f631,1,citeseer,sage,12345,69.83173370361328,70.19231414794922
f1_1839aec96148f631,1,citeseer,sage,12346,69.47115325927734,68.75
f1_1839aec96148f631,1,citeseer,sage,12347,69.9519271850586,67.90865325927734
f1_1839aec96148f631,1,citeseer,sage,12348,69.83173370361328,69.23077392578125
f1_1839aec96148f631,1,citeseer,sage,12349,68.75,68.3894271850586
f1_1839aec96148f631,1,citeseer,sage,12350,67.66827392578125,68.02884674072266
f1_1839aec96148f631,1,citeseer,sage,12351,68.26923370361328,67.66827392578125
f1_1839aec96148f631,1,citeseer,sage,12352,71.6346206665039,68.02884674072266
f1_1839aec96148f631,1,citeseer,sage,12353,71.75481414794922,68.3894271850586
f1_1839aec96148f631,1,citeseer,sage,12354,68.14904022216797,68.3894271850586
f1_3e3000870d5a1b65,1,citeseer,sage,12345,70.0721206665039,70.79327392578125
f1_3e3000870d5a1b65,1,citeseer,sage,12346,70.67308044433594,68.75
f1_3e3000870d5a1b65,1,citeseer,sage,12347,70.19231414794922,67.90865325927734
f1_3e3000870d5a1b65,1,citeseer,sage,12348,69.11058044433594,68.3894271850586
f1_3e3000870d5a1b65,1,citeseer,sage,12349,67.42788696289062,68.5096206665039
f1_3e3000870d5a1b65,1,citeseer,sage,12350,67.78846740722656,68.62981414794922
f1_3e3000870d5a1b65,1,citeseer,sage,12351,68.3894271850586,67.90865325927734
f1_3e3000870d5a1b65,1,citeseer,sage,12352,71.6346206665039,68.3894271850586
f1_3e3000870d5a1b65,1,citeseer,sage,12353,71.27404022216797,67.90865325927734
f1_3e3000870d5a1b65,1,citeseer,sage,12354,67.78846740722656,67.78846740722656
f1_cdb6c694fdd6d004,1,citeseer,sage,12345,69.71154022216797,71.27404022216797
f1_cdb6c694fdd6d004,1,citeseer,sage,12346,70.67308044433594,68.62981414794922
f1_cdb6c694fdd6d004,1,citeseer,sage,12347,69.47115325927734,67.90865325927734
f1_cdb6c694fdd6d004,1,citeseer,sage,12348,69.9519271850586,69.9519271850586
f1_cdb6c694fdd6d004,1,citeseer,sage,12349,67.66827392578125,68.99038696289062
f1_cdb6c694fdd6d004,1,citeseer,sage,12350,68.5096206665039,68.02884674072266
f1_cdb6c694fdd6d004,1,citeseer,sage,12351,69.47115325927734,66.46634674072266
f1_cdb6c694fdd6d004,1,citeseer,sage,12352,71.99519348144531,67.66827392578125
f1_cdb6c694fdd6d004,1,citeseer,sage,12353,71.27404022216797,67.78846740722656
f1_cdb6c694fdd6d004,1,citeseer,sage,12354,67.78846740722656,67.54808044433594
f1_0089a8cc042b7142,1,citeseer,sage,12345,71.27404022216797,69.83173370361328
f1_0089a8cc042b7142,1,citeseer,sage,12346,69.83173370361328,68.87019348144531
f1_0089a8cc042b7142,1,citeseer,sage,12347,69.9519271850586,68.02884674072266
f1_0089a8cc042b7142,1,citeseer,sage,12348,69.47115325927734,67.78846740722656
f1_0089a8cc042b7142,1,citeseer,sage,12349,67.54808044433594,66.70673370361328
f1_0089a8cc042b7142,1,citeseer,sage,12350,67.54808044433594,67.54808044433594
f1_0089a8cc042b7142,1,citeseer,sage,12351,68.3894271850586,67.54808044433594
f1_0089a8cc042b7142,1,citeseer,sage,12352,70.79327392578125,67.90865325927734
f1_0089a8cc042b7142,1,citeseer,sage,12353,70.55288696289062,67.42788696289062
f1_0089a8cc042b7142,1,citeseer,sage,12354,67.54808044433594,69.11058044433594
f1_adea7161fe94646d,1,citeseer,sage,12345,70.19231414794922,69.9519271850586
f1_adea7161fe94646d,1,citeseer,sage,12346,69.35096740722656,68.02884674072266
f1_adea7161fe94646d,1,citeseer,sage,12347,68.26923370361328,65.625
f1_adea7161fe94646d,1,citeseer,sage,12348,70.0721206665039,67.66827392578125
f1_adea7161fe94646d,1,citeseer,sage,12349,67.30769348144531,68.02884674072266
f1_adea7161fe94646d,1,citeseer,sage,12350,68.3894271850586,67.54808044433594
f1_adea7161fe94646d,1,citeseer,sage,12351,69.59134674072266,67.42788696289062
f1_adea7161fe94646d,1,citeseer,sage,12352,70.91346740722656,67.1875
f1_adea7161fe94646d,1,citeseer,sage,12353,70.67308044433594,68.62981414794922
f1_adea7161fe94646d,1,citeseer,sage,12354,67.42788696289062,68.62981414794922
f1_ed53866fc524abd6,1,cora,sage,12345,77.54800415039062,80.20679473876953
f1_ed53866fc524abd6,1,cora,sage,12346,76.6617431640625,75.48005676269531
f1_ed53866fc524abd6,1,cora,sage,12347,78.58197784423828,78.87740325927734
f1_ed53866fc524abd6,1,cora,sage,12348,76.51403045654297,78.58197784423828
f1_ed53866fc524abd6,1,cora,sage,12349,80.35450744628906,79.61595153808594
f1_ed53866fc524abd6,1,cora,sage,12350,74.59379577636719,71.19645690917969
f1_ed53866fc524abd6,1,cora,sage,12351,74.15066528320312,72.52584838867188
f1_ed53866fc524abd6,1,cora,sage,12352,78.87740325927734,77.99113464355469
f1_ed53866fc524abd6,1,cora,sage,12353,75.03692626953125,77.69571685791016
f1_ed53866fc524abd6,1,cora,sage,12354,78.43426513671875,77.54800415039062
f1_35e480f3dd3ab8a8,1,cora,sage,12345,77.54800415039062,80.05908203125
f1_35e480f3dd3ab8a8,1,cora,sage,12346,77.10487365722656,76.21861267089844
f1_35e480f3dd3ab8a8,1,cora,sage,12347,80.35450744628906,78.58197784423828
f1_35e480f3dd3ab8a8,1,cora,sage,12348,75.92318725585938,77.2525863647461
f1_35e480f3dd3ab8a8,1,cora,sage,12349,79.61595153808594,78.28656005859375
f1_35e480f3dd3ab8a8,1,cora,sage,12350,74.88921356201172,70.45790100097656
f1_35e480f3dd3ab8a8,1,cora,sage,12351,76.51403045654297,76.21861267089844
f1_35e480f3dd3ab8a8,1,cora,sage,12352,79.3205337524414,80.6499252319336
f1_35e480f3dd3ab8a8,1,cora,sage,12353,76.6617431640625,77.2525863647461
f1_35e480f3dd3ab8a8,1,cora,sage,12354,78.28656005859375,77.4002914428711
f1_e0389de1abd4d70d,1,cora,sage,12345,82.7178726196289,83.75184631347656
f1_e0389de1abd4d70d,1,cora,sage,12346,85.52436828613281,82.7178726196289
f1_e0389de1abd4d70d,1,cora,sage,12347,85.08123779296875,83.16100311279297
f1_e0389de1abd4d70d,1,cora,sage,12348,84.34268951416016,84.78582000732422
f1_e0389de1abd4d70d,1,cora,sage,12349,84.63810729980469,84.0472640991211
f1_e0389de1abd4d70d,1,cora,sage,12350,81.97931671142578,81.53618621826172
f1_e0389de1abd4d70d,1,cora,sage,12351,79.911376953125,81.68389892578125
f1_e0389de1abd4d70d,1,cora,sage,12352,84.34268951416016,86.1152114868164
f1_e0389de1abd4d70d,1,cora,sage,12353,84.63810729980469,85.67208099365234
f1_e0389de1abd4d70d,1,cora,sage,12354,82.7178726196289,83.60413360595703
f1_a0701547871ae498,1,cora,sage,12345,82.42245483398438,85.67208099365234
f1_a0701547871ae498,1,cora,sage,12346,86.55834197998047,85.52436828613281
f1_a0701547871ae498,1,cora,sage,12347,86.26292419433594,86.1152114868164
f1_a0701547871ae498,1,cora,sage,12348,85.81979370117188,85.81979370117188
f1_a0701547871ae498,1,cora,sage,12349,85.52436828613281,84.49039459228516
f1_a0701547871ae498,1,cora,sage,12350,82.12702941894531,81.53618621826172
f1_a0701547871ae498,1,cora,sage,12351,83.75184631347656,85.81979370117188
f1_a0701547871ae498,1,cora,sage,12352,84.78582000732422,87.44461059570312
f1_a0701547871ae498,1,cora,sage,12353,85.22895050048828,85.52436828613281
f1_a0701547871ae498,1,cora,sage,12354,84.63810729980469,86.41063690185547
f1_05b1be12e3193ca8,1,cora,sage,12345,83.8995590209961,85.37666320800781
f1_05b1be12e3193ca8,1,cora,sage,12346,87.2968978881836,83.3087158203125
f1_05b1be12e3193ca8,1,cora,sage,12347,84.78582000732422,84.34268951416016
f1_05b1be12e3193ca8,1,cora,sage,12348,86.85376739501953,85.52436828613281
f1_05b1be12e3193ca8,1,cora,sage,12349,85.08123779296875,83.3087158203125
f1_05b1be12e3193ca8,1,cora,sage,12350,83.01329040527344,81.83161163330078
f1_05b1be12e3193ca8,1,cora,sage,12351,86.41063690185547,85.22895050048828
f1_05b1be12e3193ca8,1,cora,sage,12352,84.93353271484375,85.37666320800781
f1_05b1be12e3193ca8,1,cora,sage,12353,83.3087158203125,84.49039459228516
f1_05b1be12e3193ca8,1,cora,sage,12354,84.34268951416016,86.85376739501953
f1_57268251c37e8be3,1,cora,sage,12345,83.60413360595703,85.96749877929688
f1_57268251c37e8be3,1,cora,sage,12346,86.1152114868164,84.78582000732422
f1_57268251c37e8be3,1,cora,sage,12347,85.67208099365234,85.08123779296875
f1_57268251c37e8be3,1,cora,sage,12348,86.55834197998047,86.41063690185547
f1_57268251c37e8be3,1,cora,sage,12349,85.22895050048828,83.75184631347656
f1_57268251c37e8be3,1,cora,sage,12350,82.57015991210938,83.01329040527344
f1_57268251c37e8be3,1,cora,sage,12351,84.34268951416016,85.22895050048828
f1_57268251c37e8be3,1,cora,sage,12352,85.08123779296875,86.7060546875
f1_57268251c37e8be3,1,cora,sage,12353,84.19497680664062,84.93353271484375
f1_57268251c37e8be3,1,cora,sage,12354,84.19497680664062,87.14918518066406
f1_bdc94cb30b1d35c7,1,cora,sage,12345,82.86558532714844,86.1152114868164
f1_bdc94cb30b1d35c7,1,cora,sage,12346,85.81979370117188,84.0472640991211
f1_bdc94cb30b1d35c7,1,cora,sage,12347,85.37666320800781,84.34268951416016
f1_bdc94cb30b1d35c7,1,cora,sage,12348,86.1152114868164,84.63810729980469
f1_bdc94cb30b1d35c7,1,cora,sage,12349,85.96749877929688,83.75184631347656
f1_bdc94cb30b1d35c7,1,cora,sage,12350,83.4564208984375,82.27474212646484
f1_bdc94cb30b1d35c7,1,cora,sage,12351,84.49039459228516,84.78582000732422
f1_bdc94cb30b1d35c7,1,cora,sage,12352,84.78582000732422,86.26292419433594
f1_bdc94cb30b1d35c7,1,cora,sage,12353,84.34268951416016,84.93353271484375
f1_bdc94cb30b1d35c7,1,cora,sage,12354,83.8995590209961,85.37666320800781
f1_723c0b43c387ba2a,1,cora,sage,12345,83.3087158203125,85.08123779296875
f1_723c0b43c387ba2a,1,cora,sage,12346,86.7060546875,85.22895050048828
f1_723c0b43c387ba2a,1,cora,sage,12347,85.22895050048828,86.1152114868164
f1_723c0b43c387ba2a,1,cora,sage,12348,87.2968978881836,85.81979370117188
f1_723c0b43c387ba2a,1,cora,sage,12349,86.1152114868164,85.37666320800781
f1_723c0b43c387ba2a,1,cora,sage,12350,82.86558532714844,84.0472640991211
f1_723c0b43c387ba2a,1,cora,sage,12351,83.8995590209961,83.3087158203125
f1_723c0b43c387ba2a,1,cora,sage,12352,85.22895050048828,85.52436828613281
f1_723c0b43c387ba2a,1,cora,sage,12353,84.49039459228516,86.41063690185547
f1_723c0b43c387ba2a,1,cora,sage,12354,84.0472640991211,86.26292419433594
f1_660659732f714080,1,cora,sage,12345,82.86558532714844,85.52436828613281
f1_660659732f714080,1,cora,sage,12346,85.96749877929688,84.78582000732422
f1_660659732f714080,1,cora,sage,12347,85.96749877929688,84.19497680664062
f1_660659732f714080,1,cora,sage,12348,87.2968978881836,85.37666320800781
f1_660659732f714080,1,cora,sage,12349,85.96749877929688,83.60413360595703
f1_660659732f714080,1,cora,sage,12350,83.60413360595703,83.75184631347656
f1_660659732f714080,1,cora,sage,12351,85.22895050048828,84.49039459228516
f1_660659732f714080,1,cora,sage,12352,85.37666320800781,86.7060546875
f1_660659732f714080,1,cora,sage,12353,85.08123779296875,85.67208099365234
f1_660659732f714080,1,cora,sage,12354,85.37666320800781,87.2968978881836
f1_076d2967a480d28e,1,cora,sage,12345,83.3087158203125,85.96749877929688
f1_076d2967a480d28e,1,cora,sage,12346,86.55834197998047,85.22895050048828
f1_076d2967a480d28e,1,cora,sage,12347,85.67208099365234,86.7060546875
f1_076d2967a480d28e,1,cora,sage,12348,87.14918518066406,86.7060546875
f1_076d2967a480d28e,1,cora,sage,12349,84.49039459228516,83.8995590209961
f1_076d2967a480d28e,1,cora,sage,12350,83.8995590209961,84.0472640991211
f1_076d2967a480d28e,1,cora,sage,12351,85.37666320800781,86.55834197998047
f1_076d2967a480d28e,1,cora,sage,12352,84.93353271484375,86.85376739501953
f1_076d2967a480d28e,1,cora,sage,12353,84.93353271484375,85.22895050048828
f1_076d2967a480d28e,1,cora,sage,12354,84.19497680664062,86.7060546875
f1_2b8b48279a7b9b02,1,facebook,sage,12345,91.634033203125,90.92204284667969
f1_2b8b48279a7b9b02,1,facebook,sage,12346,91.59843444824219,91.06443786621094
f1_2b8b48279a7b9b02,1,facebook,sage,12347,90.74403381347656,90.26343536376953
f1_2b8b48279a7b9b02,1,facebook,sage,12348,91.06443786621094,90.33464050292969
f1_2b8b48279a7b9b02,1,facebook,sage,12349,90.70844268798828,91.2246322631836
f1_2b8b48279a7b9b02,1,facebook,sage,12350,91.11783599853516,89.58704376220703
f1_2b8b48279a7b9b02,1,facebook,sage,12351,90.42363739013672,90.67283630371094
f1_2b8b48279a7b9b02,1,facebook,sage,12352,90.3880386352539,90.53043365478516
f1_2b8b48279a7b9b02,1,facebook,sage,12353,91.242431640625,90.92204284667969
f1_2b8b48279a7b9b02,1,facebook,sage,12354,89.80064392089844,88.82164001464844
f1_b6b047ee580a3949,1,facebook,sage,12345,91.75863647460938,90.88643646240234
f1_b6b047ee580a3949,1,facebook,sage,12346,91.68743133544922,91.72303009033203
f1_b6b047ee580a3949,1,facebook,sage,12347,91.38483428955078,91.02883911132812
f1_b6b047ee580a3949,1,facebook,sage,12348,89.88964080810547,90.06764221191406
f1_b6b047ee580a3949,1,facebook,sage,12349,91.242431640625,91.93663024902344
f1_b6b047ee580a3949,1,facebook,sage,12350,92.38162994384766,91.06443786621094
f1_b6b047ee580a3949,1,facebook,sage,12351,89.85404205322266,89.3200454711914
f1_b6b047ee580a3949,1,facebook,sage,12352,90.99324035644531,90.22784423828125
f1_b6b047ee580a3949,1,facebook,sage,12353,91.99002838134766,92.15023040771484
f1_b6b047ee580a3949,1,facebook,sage,12354,90.95763397216797,89.67604064941406
f1_26bdeddfaaa1147e,1,facebook,sage,12345,94.44641876220703,93.87682342529297
f1_26bdeddfaaa1147e,1,facebook,sage,12346,94.7312240600586,94.01922607421875
f1_26bdeddfaaa1147e,1,facebook,sage,12347,94.46422576904297,93.71662902832031
f1_26bdeddfaaa1147e,1,facebook,sage,12348,94.21502685546875,94.62442016601562
f1_26bdeddfaaa1147e,1,facebook,sage,12349,94.01922607421875,94.42861938476562
f1_26bdeddfaaa1147e,1,facebook,sage,12350,95.21182250976562,94.05482482910156
f1_26bdeddfaaa1147e,1,facebook,sage,12351,93.87682342529297,93.69882202148438
f1_26bdeddfaaa1147e,1,facebook,sage,12352,93.85902404785156,93.39622497558594
f1_26bdeddfaaa1147e,1,facebook,sage,12353,94.26842498779297,94.1794204711914
f1_26bdeddfaaa1147e,1,facebook,sage,12354,94.7312240600586,93.93022918701172
f1_dd257b4aaf8d91b0,1,facebook,sage,12345,94.62442016601562,94.12602233886719
f1_dd257b4aaf8d91b0,1,facebook,sage,12346,94.60662078857422,93.98362731933594
f1_dd257b4aaf8d91b0,1,facebook,sage,12347,94.7490234375,93.9658203125
f1_dd257b4aaf8d91b0,1,facebook,sage,12348,94.28622436523438,94.64221954345703
f1_dd257b4aaf8d91b0,1,facebook,sage,12349,93.98362731933594,94.01922607421875
f1_dd257b4aaf8d91b0,1,facebook,sage,12350,95.03382110595703,93.93022918701172
f1_dd257b4aaf8d91b0,1,facebook,sage,12351,93.91242218017578,93.9658203125
f1_dd257b4aaf8d91b0,1,facebook,sage,12352,93.77002716064453,93.59202575683594
f1_dd257b4aaf8d91b0,1,facebook,sage,12353,94.39302062988281,94.1794204711914
f1_dd257b4aaf8d91b0,1,facebook,sage,12354,94.78462219238281,94.05482482910156
f1_f4de3724d5b1e1d9,1,facebook,sage,12345,94.58882141113281,94.23281860351562
f1_f4de3724d5b1e1d9,1,facebook,sage,12346,94.46422576904297,93.64542388916016
f1_f4de3724d5b1e1d9,1,facebook,sage,12347,94.46422576904297,93.93022918701172
f1_f4de3724d5b1e1d9,1,facebook,sage,12348,94.25062561035156,94.7668228149414
f1_f4de3724d5b1e1d9,1,facebook,sage,12349,93.98362731933594,94.21502685546875
f1_f4de3724d5b1e1d9,1,facebook,sage,12350,95.05162048339844,94.07262420654297
f1_f4de3724d5b1e1d9,1,facebook,sage,12351,93.82342529296875,93.7522201538086
f1_f4de3724d5b1e1d9,1,facebook,sage,12352,93.91242218017578,93.46742248535156
f1_f4de3724d5b1e1d9,1,facebook,sage,12353,94.66001892089844,94.23281860351562
f1_f4de3724d5b1e1d9,1,facebook,sage,12354,94.82022094726562,94.28622436523438
f1_c50206fabc605960,1,facebook,sage,12345,94.49981689453125,93.9658203125
f1_c50206fabc605960,1,facebook,sage,12346,94.55322265625,93.91242218017578
f1_c50206fabc605960,1,facebook,sage,12347,94.39302062988281,93.98362731933594
f1_c50206fabc605960,1,facebook,sage,12348,94.01922607421875,94.42861938476562
f1_c50206fabc605960,1,facebook,sage,12349,93.77002716064453,94.357421875
f1_c50206fabc605960,1,facebook,sage,12350,94.9626235961914,93.9658203125
f1_c50206fabc605960,1,facebook,sage,12351,94.19722747802734,93.91242218017578
f1_c50206fabc605960,1,facebook,sage,12352,93.71662902832031,93.53862762451172
f1_c50206fabc605960,1,facebook,sage,12353,94.5354232788086,94.3396224975586
f1_c50206fabc605960,1,facebook,sage,12354,94.66001892089844,94.1794204711914
f1_b92a82aa873bc410,1,facebook,sage,12345,94.48202514648438,93.82342529296875
f1_b92a82aa873bc410,1,facebook,sage,12346,94.7312240600586,94.19722747802734
f1_b92a82aa873bc410,1,facebook,sage,12347,94.60662078857422,94.03702545166016
f1_b92a82aa873bc410,1,facebook,sage,12348,94.01922607421875,94.44641876220703
f1_b92a82aa873bc410,1,facebook,sage,12349,93.98362731933594,94.01922607421875
f1_b92a82aa873bc410,1,facebook,sage,12350,95.05162048339844,93.59202575683594
f1_b92a82aa873bc410,1,facebook,sage,12351,93.85902404785156,94.00142669677734
f1_b92a82aa873bc410,1,facebook,sage,12352,93.5030288696289,92.96903228759766
f1_b92a82aa873bc410,1,facebook,sage,12353,94.26842498779297,94.3396224975586
f1_b92a82aa873bc410,1,facebook,sage,12354,94.48202514648438,94.07262420654297
f1_35b94118a87bcc0b,1,facebook,sage,12345,94.3396224975586,93.71662902832031
f1_35b94118a87bcc0b,1,facebook,sage,12346,94.44641876220703,93.82342529296875
f1_35b94118a87bcc0b,1,facebook,sage,12347,94.46422576904297,93.7522201538086
f1_35b94118a87bcc0b,1,facebook,sage,12348,93.98362731933594,94.60662078857422
f1_35b94118a87bcc0b,1,facebook,sage,12349,94.07262420654297,94.14382934570312
f1_35b94118a87bcc0b,1,facebook,sage,12350,94.9626235961914,93.9658203125
f1_35b94118a87bcc0b,1,facebook,sage,12351,93.77002716064453,93.71662902832031
f1_35b94118a87bcc0b,1,facebook,sage,12352,93.77002716064453,93.16482543945312
f1_35b94118a87bcc0b,1,facebook,sage,12353,94.28622436523438,94.39302062988281
f1_35b94118a87bcc0b,1,facebook,sage,12354,94.67782592773438,93.82342529296875
f1_513cf064d1045a4c,1,facebook,sage,12345,94.48202514648438,93.59202575683594
f1_513cf064d1045a4c,1,facebook,sage,12346,94.62442016601562,94.07262420654297
f1_513cf064d1045a4c,1,facebook,sage,12347,94.26842498779297,93.5030288696289
f1_513cf064d1045a4c,1,facebook,sage,12348,93.91242218017578,94.41082763671875
f1_513cf064d1045a4c,1,facebook,sage,12349,93.93022918701172,94.1794204711914
f1_513cf064d1045a4c,1,facebook,sage,12350,95.05162048339844,93.7522201538086
f1_513cf064d1045a4c,1,facebook,sage,12351,93.6632308959961,93.77002716064453
f1_513cf064d1045a4c,1,facebook,sage,12352,94.05482482910156,93.53862762451172
f1_513cf064d1045a4c,1,facebook,sage,12353,94.5710220336914,94.3396224975586
f1_513cf064d1045a4c,1,facebook,sage,12354,94.5710220336914,93.98362731933594
f1_6238e9024d4ac1c2,1,facebook,sage,12345,94.55322265625,93.87682342529297
f1_6238e9024d4ac1c2,1,facebook,sage,12346,94.46422576904297,93.82342529296875
f1_6238e9024d4ac1c2,1,facebook,sage,12347,94.14382934570312,93.82342529296875
f1_6238e9024d4ac1c2,1,facebook,sage,12348,94.21502685546875,94.7668228149414
f1_6238e9024d4ac1c2,1,facebook,sage,12349,93.89462280273438,94.357421875
f1_6238e9024d4ac1c2,1,facebook,sage,12350,95.30081939697266,93.87682342529297
f1_6238e9024d4ac1c2,1,facebook,sage,12351,94.05482482910156,94.05482482910156
f1_6238e9024d4ac1c2,1,facebook,sage,12352,94.03702545166016,93.68102264404297
f1_6238e9024d4ac1c2,1,facebook,sage,12353,94.55322265625,94.3752212524414
f1_6238e9024d4ac1c2,1,facebook,sage,12354,94.48202514648438,94.23281860351562
f1_00d30a8a4ca9db41,1,lastfm,sage,12345,86.33540344238281,84.92376708984375
f1_00d30a8a4ca9db41,1,lastfm,sage,12346,82.49575805664062,83.62506866455078
f1_00d30a8a4ca9db41,1,lastfm,sage,12347,82.15697479248047,82.3828353881836
f1_00d30a8a4ca9db41,1,lastfm,sage,12348,85.0931625366211,85.0931625366211
f1_00d30a8a4ca9db41,1,lastfm,sage,12349,85.1496353149414,82.6651611328125
f1_00d30a8a4ca9db41,1,lastfm,sage,12350,82.49575805664062,83.06041717529297
f1_00d30a8a4ca9db41,1,lastfm,sage,12351,74.92941284179688,73.91304016113281
f1_00d30a8a4ca9db41,1,lastfm,sage,12352,85.20610046386719,84.24618530273438
f1_00d30a8a4ca9db41,1,lastfm,sage,12353,84.52851104736328,82.72162628173828
f1_00d30a8a4ca9db41,1,lastfm,sage,12354,85.82721710205078,83.51213836669922
f1_4ead67158b5a0195,1,lastfm,sage,12345,86.05307006835938,85.20610046386719
f1_4ead67158b5a0195,1,lastfm,sage,12346,82.0440444946289,83.62506866455078
f1_4ead67158b5a0195,1,lastfm,sage,12347,81.53585052490234,82.55223083496094
f1_4ead67158b5a0195,1,lastfm,sage,12348,85.0931625366211,85.20610046386719
f1_4ead67158b5a0195,1,lastfm,sage,12349,85.6578140258789,82.89102172851562
f1_4ead67158b5a0195,1,lastfm,sage,12350,83.06041717529297,85.0931625366211
f1_4ead67158b5a0195,1,lastfm,sage,12351,76.7363052368164,75.94579315185547
f1_4ead67158b5a0195,1,lastfm,sage,12352,84.5849838256836,83.68153381347656
f1_4ead67158b5a0195,1,lastfm,sage,12353,84.24618530273438,81.93110656738281
f1_4ead67158b5a0195,1,lastfm,sage,12354,85.48841857910156,83.2862777709961
f1_62391f70b1bc94b6,1,lastfm,sage,12345,88.5940170288086,86.16600799560547
f1_62391f70b1bc94b6,1,lastfm,sage,12346,87.40824127197266,87.63410186767578
f1_62391f70b1bc94b6,1,lastfm,sage,12347,86.73065948486328,87.40824127197266
f1_62391f70b1bc94b6,1,lastfm,sage,12348,88.08582305908203,87.80349731445312
f1_62391f70b1bc94b6,1,lastfm,sage,12349,88.42461395263672,86.33540344238281
f1_62391f70b1bc94b6,1,lastfm,sage,12350,86.22247314453125,87.57764434814453
f1_62391f70b1bc94b6,1,lastfm,sage,12351,85.54489135742188,85.99661254882812
f1_62391f70b1bc94b6,1,lastfm,sage,12352,87.2953109741211,87.63410186767578
f1_62391f70b1bc94b6,1,lastfm,sage,12353,87.972900390625,86.56126403808594
f1_62391f70b1bc94b6,1,lastfm,sage,12354,88.19876098632812,85.71428680419922
f1_099c8906bbf5b608,1,lastfm,sage,12345,89.10220336914062,87.8599624633789
f1_099c8906bbf5b608,1,lastfm,sage,12346,88.53755187988281,89.04573059082031
f1_099c8906bbf5b608,1,lastfm,sage,12347,88.08582305908203,88.81986999511719
f1_099c8906bbf5b608,1,lastfm,sage,12348,88.87633514404297,88.98927307128906
f1_099c8906bbf5b608,1,lastfm,sage,12349,89.1586685180664,87.40824127197266
f1_099c8906bbf5b608,1,lastfm,sage,12350,87.80349731445312,89.04573059082031
f1_099c8906bbf5b608,1,lastfm,sage,12351,87.40824127197266,87.91642761230469
f1_099c8906bbf5b608,1,lastfm,sage,12352,87.52117156982422,88.31168365478516
f1_099c8906bbf5b608,1,lastfm,sage,12353,88.42461395263672,86.78712463378906
f1_099c8906bbf5b608,1,lastfm,sage,12354,89.44098663330078,87.91642761230469
f1_1c982a0c3d0439c5,1,lastfm,sage,12345,89.38452911376953,87.80349731445312
f1_1c982a0c3d0439c5,1,lastfm,sage,12346,88.53755187988281,88.70694732666016
f1_1c982a0c3d0439c5,1,lastfm,sage,12347,89.1586685180664,88.5940170288086
f1_1c982a0c3d0439c5,1,lastfm,sage,12348,88.87633514404297,88.5940170288086
f1_1c982a0c3d0439c5,1,lastfm,sage,12349,89.32806396484375,86.9565200805664
f1_1c982a0c3d0439c5,1,lastfm,sage,12350,88.02935791015625,89.38452911376953
f1_1c982a0c3d0439c5,1,lastfm,sage,12351,88.31168365478516,88.25521850585938
f1_1c982a0c3d0439c5,1,lastfm,sage,12352,88.14229583740234,88.70694732666016
f1_1c982a0c3d0439c5,1,lastfm,sage,12353,88.42461395263672,87.57764434814453
f1_1c982a0c3d0439c5,1,lastfm,sage,12354,89.61038208007812,88.08582305908203
f1_2c1cf40ad83ed074,1,lastfm,sage,12345,89.27159881591797,87.63410186767578
f1_2c1cf40ad83ed074,1,lastfm,sage,12346,88.19876098632812,88.25521850585938
f1_2c1cf40ad83ed074,1,lastfm,sage,12347,88.4810791015625,88.4810791015625
f1_2c1cf40ad83ed074,1,lastfm,sage,12348,88.87633514404297,89.10220336914062
f1_2c1cf40ad83ed074,1,lastfm,sage,12349,89.04573059082031,86.33540344238281
f1_2c1cf40ad83ed074,1,lastfm,sage,12350,87.52117156982422,88.65047454833984
f1_2c1cf40ad83ed074,1,lastfm,sage,12351,86.90005493164062,87.46470642089844
f1_2c1cf40ad83ed074,1,lastfm,sage,12352,87.69056701660156,87.06945037841797
f1_2c1cf40ad83ed074,1,lastfm,sage,12353,88.25521850585938,86.44832611083984
f1_2c1cf40ad83ed074,1,lastfm,sage,12354,89.32806396484375,87.12591552734375
f1_dbc76d1c1734a221,1,lastfm,sage,12345,89.10220336914062,88.08582305908203
f1_dbc76d1c1734a221,1,lastfm,sage,12346,88.53755187988281,88.42461395263672
f1_dbc76d1c1734a221,1,lastfm,sage,12347,88.98927307128906,89.1586685180664
f1_dbc76d1c1734a221,1,lastfm,sage,12348,88.87633514404297,89.44098663330078
f1_dbc76d1c1734a221,1,lastfm,sage,12349,89.10220336914062,86.84358978271484
f1_dbc76d1c1734a221,1,lastfm,sage,12350,87.35177612304688,87.972900390625
f1_dbc76d1c1734a221,1,lastfm,sage,12351,88.08582305908203,88.31168365478516
f1_dbc76d1c1734a221,1,lastfm,sage,12352,88.02935791015625,87.8599624633789
f1_dbc76d1c1734a221,1,lastfm,sage,12353,88.42461395263672,86.9565200805664
f1_dbc76d1c1734a221,1,lastfm,sage,12354,89.44098663330078,87.8599624633789
f1_c47df2e97c6c3b8d,1,lastfm,sage,12345,89.21512603759766,87.46470642089844
f1_c47df2e97c6c3b8d,1,lastfm,sage,12346,88.5940170288086,89.04573059082031
f1_c47df2e97c6c3b8d,1,lastfm,sage,12347,89.1586685180664,88.76341247558594
f1_c47df2e97c6c3b8d,1,lastfm,sage,12348,88.87633514404297,88.81986999511719
f1_c47df2e97c6c3b8d,1,lastfm,sage,12349,89.21512603759766,87.18238067626953
f1_c47df2e97c6c3b8d,1,lastfm,sage,12350,87.91642761230469,88.42461395263672
f1_c47df2e97c6c3b8d,1,lastfm,sage,12351,87.8599624633789,88.02935791015625
f1_c47df2e97c6c3b8d,1,lastfm,sage,12352,87.91642761230469,88.36815643310547
f1_c47df2e97c6c3b8d,1,lastfm,sage,12353,88.31168365478516,86.78712463378906
f1_c47df2e97c6c3b8d,1,lastfm,sage,12354,89.61038208007812,87.63410186767578
f1_b57adaba96a662ec,1,lastfm,sage,12345,89.10220336914062,87.63410186767578
f1_b57adaba96a662ec,1,lastfm,sage,12346,88.81986999511719,88.87633514404297
f1_b57adaba96a662ec,1,lastfm,sage,12347,88.4810791015625,88.98927307128906
f1_b57adaba96a662ec,1,lastfm,sage,12348,89.1586685180664,88.93280792236328
f1_b57adaba96a662ec,1,lastfm,sage,12349,89.55392456054688,87.12591552734375
f1_b57adaba96a662ec,1,lastfm,sage,12350,87.8599624633789,89.4974594116211
f1_b57adaba96a662ec,1,lastfm,sage,12351,87.69056701660156,88.42461395263672
f1_b57adaba96a662ec,1,lastfm,sage,12352,88.02935791015625,88.53755187988281
f1_b57adaba96a662ec,1,lastfm,sage,12353,88.53755187988281,87.35177612304688
f1_b57adaba96a662ec,1,lastfm,sage,12354,89.55392456054688,87.80349731445312
f1_9877f15000edef68,1,lastfm,sage,12345,89.32806396484375,87.74703216552734
f1_9877f15000edef68,1,lastfm,sage,12346,88.4810791015625,88.81986999511719
f1_9877f15000edef68,1,lastfm,sage,12347,88.5940170288086,88.65047454833984
f1_9877f15000edef68,1,lastfm,sage,12348,89.10220336914062,89.21512603759766
f1_9877f15000edef68,1,lastfm,sage,12349,89.38452911376953,87.35177612304688
f1_9877f15000edef68,1,lastfm,sage,12350,88.36815643310547,89.61038208007812
f1_9877f15000edef68,1,lastfm,sage,12351,88.14229583740234,88.25521850585938
f1_9877f15000edef68,1,lastfm,sage,12352,88.08582305908203,88.36815643310547
f1_9877f15000edef68,1,lastfm,sage,12353,88.5940170288086,87.06945037841797
f1_9877f15000edef68,1,lastfm,sage,12354,89.44098663330078,88.25521850585938
f1_b99497f451835deb,1,citeseer,sage,12345,61.418270111083984,59.25480651855469
f1_b99497f451835deb,1,citeseer,sage,12346,59.9759635925293,59.134620666503906
f1_b99497f451835deb,1,citeseer,sage,12347,58.17307662963867,57.09135055541992
f1_b99497f451835deb,1,citeseer,sage,12348,64.66346740722656,61.418270111083984
f1_b99497f451835deb,1,citeseer,sage,12349,59.014427185058594,59.49519348144531
f1_b99497f451835deb,1,citeseer,sage,12350,58.65385055541992,58.65385055541992
f1_b99497f451835deb,1,citeseer,sage,12351,58.65385055541992,56.730770111083984
f1_b99497f451835deb,1,citeseer,sage,12352,61.89904022216797,59.9759635925293
f1_b99497f451835deb,1,citeseer,sage,12353,60.33654022216797,60.576927185058594
f1_b99497f451835deb,1,citeseer,sage,12354,58.052886962890625,58.293270111083984
f1_56eb2b57a7d12d11,1,citeseer,sage,12345,61.418270111083984,62.01923370361328
f1_56eb2b57a7d12d11,1,citeseer,sage,12346,61.05769348144531,60.81730651855469
f1_56eb2b57a7d12d11,1,citeseer,sage,12347,57.93269348144531,56.8509635925293
f1_56eb2b57a7d12d11,1,citeseer,sage,12348,64.30288696289062,63.822120666503906
f1_56eb2b57a7d12d11,1,citeseer,sage,12349,58.17307662963867,61.5384635925293
f1_56eb2b57a7d12d11,1,citeseer,sage,12350,58.89423370361328,59.855770111083984
f1_56eb2b57a7d12d11,1,citeseer,sage,12351,58.4134635925293,57.8125
f1_56eb2b57a7d12d11,1,citeseer,sage,12352,62.86057662963867,59.25480651855469
f1_56eb2b57a7d12d11,1,citeseer,sage,12353,59.9759635925293,60.33654022216797
f1_56eb2b57a7d12d11,1,citeseer,sage,12354,58.65385055541992,59.73557662963867
f1_083413757b313d51,1,citeseer,sage,12345,61.89904022216797,63.46154022216797
f1_083413757b313d51,1,citeseer,sage,12346,60.21635055541992,60.9375
f1_083413757b313d51,1,citeseer,sage,12347,59.25480651855469,57.21154022216797
f1_083413757b313d51,1,citeseer,sage,12348,64.90384674072266,63.1009635925293
f1_083413757b313d51,1,citeseer,sage,12349,58.293270111083984,61.05769348144531
f1_083413757b313d51,1,citeseer,sage,12350,59.134620666503906,59.615386962890625
f1_083413757b313d51,1,citeseer,sage,12351,59.134620666503906,56.490386962890625
f1_083413757b313d51,1,citeseer,sage,12352,63.34135055541992,60.09615707397461
f1_083413757b313d51,1,citeseer,sage,12353,58.4134635925293,59.014427185058594
f1_083413757b313d51,1,citeseer,sage,12354,59.25480651855469,59.855770111083984
f1_a3c0267574bb214d,1,citeseer,sage,12345,67.06730651855469,68.3894271850586
f1_a3c0267574bb214d,1,citeseer,sage,12346,68.14904022216797,65.02404022216797
f1_a3c0267574bb214d,1,citeseer,sage,12347,67.90865325927734,67.54808044433594
f1_a3c0267574bb214d,1,citeseer,sage,12348,68.5096206665039,65.74519348144531
f1_a3c0267574bb214d,1,citeseer,sage,12349,64.90384674072266,64.90384674072266
f1_a3c0267574bb214d,1,citeseer,sage,12350,67.30769348144531,66.46634674072266
f1_a3c0267574bb214d,1,citeseer,sage,12351,65.86538696289062,63.46154022216797
f1_a3c0267574bb214d,1,citeseer,sage,12352,67.30769348144531,65.2644271850586
f1_a3c0267574bb214d,1,citeseer,sage,12353,66.34615325927734,65.625
f1_a3c0267574bb214d,1,citeseer,sage,12354,64.0625,65.2644271850586
f1_8513a4581743119f,1,citeseer,sage,12345,69.71154022216797,71.75481414794922
f1_8513a4581743119f,1,citeseer,sage,12346,67.90865325927734,67.54808044433594
f1_8513a4581743119f,1,citeseer,sage,12347,67.54808044433594,65.74519348144531
f1_8513a4581743119f,1,citeseer,sage,12348,69.23077392578125,68.5096206665039
f1_8513a4581743119f,1,citeseer,sage,12349,66.58654022216797,66.9471206665039
f1_8513a4581743119f,1,citeseer,sage,12350,67.90865325927734,68.26923370361328
f1_8513a4581743119f,1,citeseer,sage,12351,68.87019348144531,67.54808044433594
f1_8513a4581743119f,1,citeseer,sage,12352,70.55288696289062,67.42788696289062
f1_8513a4581743119f,1,citeseer,sage,12353,70.3125,67.42788696289062
f1_8513a4581743119f,1,citeseer,sage,12354,68.02884674072266,70.0721206665039
f1_09bff634b4ed8299,1,citeseer,sage,12345,68.87019348144531,68.87019348144531
f1_09bff634b4ed8299,1,citeseer,sage,12346,68.3894271850586,66.22596740722656
f1_09bff634b4ed8299,1,citeseer,sage,12347,66.8269271850586,64.66346740722656
f1_09bff634b4ed8299,1,citeseer,sage,12348,69.71154022216797,68.26923370361328
f1_09bff634b4ed8299,1,citeseer,sage,12349,65.2644271850586,66.10577392578125
f1_09bff634b4ed8299,1,citeseer,sage,12350,65.2644271850586,64.66346740722656
f1_09bff634b4ed8299,1,citeseer,sage,12351,65.2644271850586,64.42308044433594
f1_09bff634b4ed8299,1,citeseer,sage,12352,67.90865325927734,65.98558044433594
f1_09bff634b4ed8299,1,citeseer,sage,12353,67.1875,66.46634674072266
f1_09bff634b4ed8299,1,citeseer,sage,12354,65.02404022216797,65.14423370361328
f1_1efebad6cb73db4f,1,citeseer,sage,12345,69.71154022216797,71.03365325927734
f1_1efebad6cb73db4f,1,citeseer,sage,12346,68.14904022216797,68.14904022216797
f1_1efebad6cb73db4f,1,citeseer,sage,12347,69.35096740722656,66.58654022216797
f1_1efebad6cb73db4f,1,citeseer,sage,12348,69.83173370361328,68.99038696289062
f1_1efebad6cb73db4f,1,citeseer,sage,12349,66.8269271850586,66.8269271850586
f1_1efebad6cb73db4f,1,citeseer,sage,12350,65.50480651855469,67.66827392578125
f1_1efebad6cb73db4f,1,citeseer,sage,12351,69.71154022216797,67.54808044433594
f1_1efebad6cb73db4f,1,citeseer,sage,12352,70.91346740722656,67.42788696289062
f1_1efebad6cb73db4f,1,citeseer,sage,12353,71.39423370361328,68.75
f1_1efebad6cb73db4f,1,citeseer,sage,12354,66.10577392578125,67.54808044433594
f1_ebd171023a0e20d1,1,citeseer,sage,12345,69.9519271850586,69.71154022216797
f1_ebd171023a0e20d1,1,citeseer,sage,12346,68.87019348144531,68.99038696289062
f1_ebd171023a0e20d1,1,citeseer,sage,12347,69.11058044433594,67.1875
f1_ebd171023a0e20d1,1,citeseer,sage,12348,69.23077392578125,68.5096206665039
f1_ebd171023a0e20d1,1,citeseer,sage,12349,66.46634674072266,65.74519348144531
f1_ebd171023a0e20d1,1,citeseer,sage,12350,66.8269271850586,66.70673370361328
f1_ebd171023a0e20d1,1,citeseer,sage,12351,67.90865325927734,66.58654022216797
f1_ebd171023a0e20d1,1,citeseer,sage,12352,70.55288696289062,66.58654022216797
f1_ebd171023a0e20d1,1,citeseer,sage,12353,70.67308044433594,66.34615325927734
f1_ebd171023a0e20d1,1,citeseer,sage,12354,67.78846740722656,66.8269271850586
f1_b1f14ef8731a220a,1,citeseer,sage,12345,70.0721206665039,70.79327392578125
f1_b1f14ef8731a220a,1,citeseer,sage,12346,65.625,66.10577392578125
f1_b1f14ef8731a220a,1,citeseer,sage,12347,67.42788696289062,63.701927185058594
f1_b1f14ef8731a220a,1,citeseer,sage,12348,70.67308044433594,67.06730651855469
f1_b1f14ef8731a220a,1,citeseer,sage,12349,68.14904022216797,66.70673370361328
f1_b1f14ef8731a220a,1,citeseer,sage,12350,69.23077392578125,68.14904022216797
f1_b1f14ef8731a220a,1,citeseer,sage,12351,68.02884674072266,65.74519348144531
f1_b1f14ef8731a220a,1,citeseer,sage,12352,71.5144271850586,67.42788696289062
f1_b1f14ef8731a220a,1,citeseer,sage,12353,71.15384674072266,68.3894271850586
f1_b1f14ef8731a220a,1,citeseer,sage,12354,68.5096206665039,69.47115325927734
f1_2798e5ba6c80edc2,1,citeseer,sage,12345,69.83173370361328,71.75481414794922
f1_2798e5ba6c80edc2,1,citeseer,sage,12346,68.99038696289062,68.62981414794922
f1_2798e5ba6c80edc2,1,citeseer,sage,12347,70.79327392578125,67.54808044433594
f1_2798e5ba6c80edc2,1,citeseer,sage,12348,69.71154022216797,68.26923370361328
f1_2798e5ba6c80edc2,1,citeseer,sage,12349,66.46634674072266,67.1875
f1_2798e5ba6c80edc2,1,citeseer,sage,12350,69.59134674072266,68.14904022216797
f1_2798e5ba6c80edc2,1,citeseer,sage,12351,68.5096206665039,68.26923370361328
f1_2798e5ba6c80edc2,1,citeseer,sage,12352,71.5144271850586,68.14904022216797
f1_2798e5ba6c80edc2,1,citeseer,sage,12353,71.39423370361328,67.30769348144531
f1_2798e5ba6c80edc2,1,citeseer,sage,12354,67.90865325927734,68.75
f1_99586fc8b30a1773,1,cora,sage,12345,74.59379577636719,75.77548217773438
f1_99586fc8b30a1773,1,cora,sage,12346,77.84342956542969,76.6617431640625
f1_99586fc8b30a1773,1,cora,sage,12347,80.6499252319336,79.76366424560547
f1_99586fc8b30a1773,1,cora,sage,12348,78.72969055175781,78.58197784423828
f1_99586fc8b30a1773,1,cora,sage,12349,79.4682388305664,80.94534301757812
f1_99586fc8b30a1773,1,cora,sage,12350,76.0708999633789,73.70753479003906
f1_99586fc8b30a1773,1,cora,sage,12351,72.82127380371094,74.15066528320312
f1_99586fc8b30a1773,1,cora,sage,12352,79.02510833740234,78.28656005859375
f1_99586fc8b30a1773,1,cora,sage,12353,77.54800415039062,80.20679473876953
f1_99586fc8b30a1773,1,cora,sage,12354,79.17282104492188,78.87740325927734
f1_006beff5e8c1dda2,1,cora,sage,12345,80.05908203125,80.94534301757812
f1_006beff5e8c1dda2,1,cora,sage,12346,83.16100311279297,81.97931671142578
f1_006beff5e8c1dda2,1,cora,sage,12347,82.42245483398438,82.57015991210938
f1_006beff5e8c1dda2,1,cora,sage,12348,83.16100311279297,83.75184631347656
f1_006beff5e8c1dda2,1,cora,sage,12349,81.83161163330078,80.94534301757812
f1_006beff5e8c1dda2,1,cora,sage,12350,80.50221252441406,81.24076843261719
f1_006beff5e8c1dda2,1,cora,sage,12351,82.27474212646484,82.42245483398438
f1_006beff5e8c1dda2,1,cora,sage,12352,80.79763793945312,78.43426513671875
f1_006beff5e8c1dda2,1,cora,sage,12353,80.50221252441406,81.53618621826172
f1_006beff5e8c1dda2,1,cora,sage,12354,81.53618621826172,83.16100311279297
f1_c0e9cdf0f8bd5c23,1,cora,sage,12345,80.94534301757812,83.60413360595703
f1_c0e9cdf0f8bd5c23,1,cora,sage,12346,85.08123779296875,81.53618621826172
f1_c0e9cdf0f8bd5c23,1,cora,sage,12347,82.42245483398438,82.86558532714844
f1_c0e9cdf0f8bd5c23,1,cora,sage,12348,83.60413360595703,83.60413360595703
f1_c0e9cdf0f8bd5c23,1,cora,sage,12349,83.01329040527344,83.16100311279297
f1_c0e9cdf0f8bd5c23,1,cora,sage,12350,80.35450744628906,81.38848114013672
f1_c0e9cdf0f8bd5c23,1,cora,sage,12351,84.19497680664062,82.12702941894531
f1_c0e9cdf0f8bd5c23,1,cora,sage,12352,83.60413360595703,84.19497680664062
f1_c0e9cdf0f8bd5c23,1,cora,sage,12353,81.53618621826172,81.53618621826172
f1_c0e9cdf0f8bd5c23,1,cora,sage,12354,85.22895050048828,85.08123779296875
f1_a2d7028b56d39988,1,cora,sage,12345,82.7178726196289,84.93353271484375
f1_a2d7028b56d39988,1,cora,sage,12346,86.1152114868164,82.7178726196289
f1_a2d7028b56d39988,1,cora,sage,12347,86.26292419433594,85.22895050048828
f1_a2d7028b56d39988,1,cora,sage,12348,86.85376739501953,85.08123779296875
f1_a2d7028b56d39988,1,cora,sage,12349,85.96749877929688,84.34268951416016
f1_a2d7028b56d39988,1,cora,sage,12350,82.57015991210938,83.60413360595703
f1_a2d7028b56d39988,1,cora,sage,12351,85.22895050048828,84.0472640991211
f1_a2d7028b56d39988,1,cora,sage,12352,84.78582000732422,85.37666320800781
f1_a2d7028b56d39988,1,cora,sage,12353,83.75184631347656,84.34268951416016
f1_a2d7028b56d39988,1,cora,sage,12354,86.1152114868164,87.59231567382812
f1_4714647284c3a578,1,cora,sage,12345,83.3087158203125,84.63810729980469
f1_4714647284c3a578,1,cora,sage,12346,87.00147247314453,83.3087158203125
f1_4714647284c3a578,1,cora,sage,12347,85.37666320800781,84.34268951416016
f1_4714647284c3a578,1,cora,sage,12348,86.7060546875,85.37666320800781
f1_4714647284c3a578,1,cora,sage,12349,85.22895050048828,83.4564208984375
f1_4714647284c3a578,1,cora,sage,12350,83.8995590209961,84.34268951416016
f1_4714647284c3a578,1,cora,sage,12351,85.37666320800781,84.49039459228516
f1_4714647284c3a578,1,cora,sage,12352,84.78582000732422,84.63810729980469
f1_4714647284c3a578,1,cora,sage,12353,84.49039459228516,85.52436828613281
f1_4714647284c3a578,1,cora,sage,12354,84.19497680664062,86.1152114868164
f1_50d982ec4d0e034c,1,cora,sage,12345,83.75184631347656,84.49039459228516
f1_50d982ec4d0e034c,1,cora,sage,12346,85.96749877929688,83.3087158203125
f1_50d982ec4d0e034c,1,cora,sage,12347,85.67208099365234,85.08123779296875
f1_50d982ec4d0e034c,1,cora,sage,12348,86.41063690185547,84.78582000732422
f1_50d982ec4d0e034c,1,cora,sage,12349,86.41063690185547,85.52436828613281
f1_50d982ec4d0e034c,1,cora,sage,12350,81.38848114013672,83.4564208984375
f1_50d982ec4d0e034c,1,cora,sage,12351,84.19497680664062,85.08123779296875
f1_50d982ec4d0e034c,1,cora,sage,12352,84.93353271484375,86.85376739501953
f1_50d982ec4d0e034c,1,cora,sage,12353,83.75184631347656,84.19497680664062
f1_50d982ec4d0e034c,1,cora,sage,12354,85.37666320800781,85.81979370117188
f1_0fe2e4d13454ab0e,1,cora,sage,12345,83.75184631347656,83.60413360595703
f1_0fe2e4d13454ab0e,1,cora,sage,12346,85.08123779296875,83.60413360595703
f1_0fe2e4d13454ab0e,1,cora,sage,12347,86.41063690185547,85.37666320800781
f1_0fe2e4d13454ab0e,1,cora,sage,12348,86.55834197998047,86.41063690185547
f1_0fe2e4d13454ab0e,1,cora,sage,12349,85.67208099365234,84.19497680664062
f1_0fe2e4d13454ab0e,1,cora,sage,12350,77.2525863647461,78.28656005859375
f1_0fe2e4d13454ab0e,1,cora,sage,12351,84.34268951416016,84.93353271484375
f1_0fe2e4d13454ab0e,1,cora,sage,12352,85.67208099365234,86.1152114868164
f1_0fe2e4d13454ab0e,1,cora,sage,12353,84.63810729980469,85.08123779296875
f1_0fe2e4d13454ab0e,1,cora,sage,12354,84.93353271484375,86.26292419433594
f1_d4c463ee1dd1eb55,1,cora,sage,12345,84.0472640991211,85.22895050048828
f1_d4c463ee1dd1eb55,1,cora,sage,12346,86.85376739501953,83.16100311279297
f1_d4c463ee1dd1eb55,1,cora,sage,12347,85.67208099365234,83.75184631347656
f1_d4c463ee1dd1eb55,1,cora,sage,12348,86.55834197998047,84.49039459228516
f1_d4c463ee1dd1eb55,1,cora,sage,12349,85.52436828613281,84.63810729980469
f1_d4c463ee1dd1eb55,1,cora,sage,12350,82.12702941894531,80.94534301757812
f1_d4c463ee1dd1eb55,1,cora,sage,12351,84.49039459228516,84.63810729980469
f1_d4c463ee1dd1eb55,1,cora,sage,12352,85.08123779296875,85.08123779296875
f1_d4c463ee1dd1eb55,1,cora,sage,12353,83.16100311279297,83.75184631347656
f1_d4c463ee1dd1eb55,1,cora,sage,12354,84.78582000732422,85.81979370117188
f1_1b86057e63efecc2,1,cora,sage,12345,83.4564208984375,83.8995590209961
f1_1b86057e63efecc2,1,cora,sage,12346,86.1152114868164,84.63810729980469
f1_1b86057e63efecc2,1,cora,sage,12347,86.26292419433594,85.37666320800781
f1_1b86057e63efecc2,1,cora,sage,12348,85.96749877929688,85.22895050048828
f1_1b86057e63efecc2,1,cora,sage,12349,85.08123779296875,83.8995590209961
f1_1b86057e63efecc2,1,cora,sage,12350,81.68389892578125,81.38848114013672
f1_1b86057e63efecc2,1,cora,sage,12351,84.63810729980469,85.67208099365234
f1_1b86057e63efecc2,1,cora,sage,12352,85.67208099365234,85.81979370117188
f1_1b86057e63efecc2,1,cora,sage,12353,84.93353271484375,85.81979370117188
f1_1b86057e63efecc2,1,cora,sage,12354,84.78582000732422,86.7060546875
f1_b5d1587ca1b43a00,1,cora,sage,12345,83.01329040527344,84.78582000732422
f1_b5d1587ca1b43a00,1,cora,sage,12346,87.14918518066406,84.93353271484375
f1_b5d1587ca1b43a00,1,cora,sage,12347,85.81979370117188,84.0472640991211
f1_b5d1587ca1b43a00,1,cora,sage,12348,86.85376739501953,85.52436828613281
f1_b5d1587ca1b43a00,1,cora,sage,12349,85.08123779296875,84.19497680664062
f1_b5d1587ca1b43a00,1,cora,sage,12350,84.34268951416016,83.75184631347656
f1_b5d1587ca1b43a00,1,cora,sage,12351,85.67208099365234,85.37666320800781
f1_b5d1587ca1b43a00,1,cora,sage,12352,84.34268951416016,85.81979370117188
f1_b5d1587ca1b43a00,1,cora,sage,12353,84.78582000732422,87.2968978881836
f1_b5d1587ca1b43a00,1,cora,sage,12354,83.75184631347656,85.37666320800781
f1_e282b1e7b2d56ee4,1,facebook,sage,12345,91.4560317993164,90.22784423828125
f1_e282b1e7b2d56ee4,1,facebook,sage,12346,91.95443725585938,91.10003662109375
f1_e282b1e7b2d56ee4,1,facebook,sage,12347,91.70523071289062,91.49163055419922
f1_e282b1e7b2d56ee4,1,facebook,sage,12348,90.81523895263672,90.90423583984375
f1_e282b1e7b2d56ee4,1,facebook,sage,12349,90.70844268798828,91.18903350830078
f1_e282b1e7b2d56ee4,1,facebook,sage,12350,91.17123413085938,90.13883972167969
f1_e282b1e7b2d56ee4,1,facebook,sage,12351,90.28124237060547,90.60163879394531
f1_e282b1e7b2d56ee4,1,facebook,sage,12352,91.50942993164062,90.22784423828125
f1_e282b1e7b2d56ee4,1,facebook,sage,12353,91.95443725585938,91.2246322631836
f1_e282b1e7b2d56ee4,1,facebook,sage,12354,89.498046875,88.30545043945312
f1_7e016b5e6a281f38,1,facebook,sage,12345,93.23603057861328,92.6842269897461
f1_7e016b5e6a281f38,1,facebook,sage,12346,93.59202575683594,93.1114273071289
f1_7e016b5e6a281f38,1,facebook,sage,12347,93.04022979736328,92.4350357055664
f1_7e016b5e6a281f38,1,facebook,sage,12348,93.1114273071289,93.36062622070312
f1_7e016b5e6a281f38,1,facebook,sage,12349,92.025634765625,92.39942932128906
f1_7e016b5e6a281f38,1,facebook,sage,12350,94.01922607421875,92.59523010253906
f1_7e016b5e6a281f38,1,facebook,sage,12351,93.16482543945312,93.20042419433594
f1_7e016b5e6a281f38,1,facebook,sage,12352,93.12922668457031,92.84442901611328
f1_7e016b5e6a281f38,1,facebook,sage,12353,93.1114273071289,92.98683166503906
f1_7e016b5e6a281f38,1,facebook,sage,12354,93.16482543945312,93.0758285522461
f1_44a6049c53cd5f0d,1,facebook,sage,12345,94.14382934570312,93.52082824707031
f1_44a6049c53cd5f0d,1,facebook,sage,12346,94.25062561035156,93.5030288696289
f1_44a6049c53cd5f0d,1,facebook,sage,12347,93.9480209350586,93.59202575683594
f1_44a6049c53cd5f0d,1,facebook,sage,12348,93.9658203125,94.16162109375
f1_44a6049c53cd5f0d,1,facebook,sage,12349,93.78782653808594,94.23281860351562
f1_44a6049c53cd5f0d,1,facebook,sage,12350,95.01602172851562,93.71662902832031
f1_44a6049c53cd5f0d,1,facebook,sage,12351,93.32502746582031,93.0936279296875
f1_44a6049c53cd5f0d,1,facebook,sage,12352,93.37842559814453,92.8800277709961
f1_44a6049c53cd5f0d,1,facebook,sage,12353,94.19722747802734,93.84122467041016
f1_44a6049c53cd5f0d,1,facebook,sage,12354,94.41082763671875,93.85902404785156
f1_b7ddbfbd4684a6f2,1,facebook,sage,12345,94.5354232788086,94.3396224975586
f1_b7ddbfbd4684a6f2,1,facebook,sage,12346,94.49981689453125,94.19722747802734
f1_b7ddbfbd4684a6f2,1,facebook,sage,12347,94.5354232788086,94.12602233886719
f1_b7ddbfbd4684a6f2,1,facebook,sage,12348,94.14382934570312,94.66001892089844
f1_b7ddbfbd4684a6f2,1,facebook,sage,12349,94.00142669677734,94.3752212524414
f1_b7ddbfbd4684a6f2,1,facebook,sage,12350,94.98041534423828,93.68102264404297
f1_b7ddbfbd4684a6f2,1,facebook,sage,12351,94.03702545166016,93.78782653808594
f1_b7ddbfbd4684a6f2,1,facebook,sage,12352,93.71662902832031,93.48522186279297
f1_b7ddbfbd4684a6f2,1,facebook,sage,12353,94.49981689453125,94.3752212524414
f1_b7ddbfbd4684a6f2,1,facebook,sage,12354,94.51762390136719,94.21502685546875
f1_dfdd8c8474877ae3,1,facebook,sage,12345,94.48202514648438,94.10822296142578
f1_dfdd8c8474877ae3,1,facebook,sage,12346,94.78462219238281,94.12602233886719
f1_dfdd8c8474877ae3,1,facebook,sage,12347,94.357421875,94.12602233886719
f1_dfdd8c8474877ae3,1,facebook,sage,12348,94.14382934570312,94.67782592773438
f1_dfdd8c8474877ae3,1,facebook,sage,12349,94.09042358398438,94.48202514648438
f1_dfdd8c8474877ae3,1,facebook,sage,12350,95.05162048339844,93.69882202148438
f1_dfdd8c8474877ae3,1,facebook,sage,12351,93.9658203125,93.73442840576172
f1_dfdd8c8474877ae3,1,facebook,sage,12352,93.7522201538086,93.48522186279297
f1_dfdd8c8474877ae3,1,facebook,sage,12353,93.85902404785156,94.16162109375
f1_dfdd8c8474877ae3,1,facebook,sage,12354,94.67782592773438,93.89462280273438
f1_16f55ddf7c52e15a,1,facebook,sage,12345,94.44641876220703,93.85902404785156
f1_16f55ddf7c52e15a,1,facebook,sage,12346,94.58882141113281,93.87682342529297
f1_16f55ddf7c52e15a,1,facebook,sage,12347,94.39302062988281,93.91242218017578
f1_16f55ddf7c52e15a,1,facebook,sage,12348,94.12602233886719,94.80242156982422
f1_16f55ddf7c52e15a,1,facebook,sage,12349,93.91242218017578,94.03702545166016
f1_16f55ddf7c52e15a,1,facebook,sage,12350,95.26522064208984,93.87682342529297
f1_16f55ddf7c52e15a,1,facebook,sage,12351,94.03702545166016,93.71662902832031
f1_16f55ddf7c52e15a,1,facebook,sage,12352,93.87682342529297,93.60982513427734
f1_16f55ddf7c52e15a,1,facebook,sage,12353,94.19722747802734,94.46422576904297
f1_16f55ddf7c52e15a,1,facebook,sage,12354,94.5354232788086,94.1794204711914
f1_f09771cc849b8e34,1,facebook,sage,12345,94.55322265625,93.85902404785156
f1_f09771cc849b8e34,1,facebook,sage,12346,94.69562530517578,94.25062561035156
f1_f09771cc849b8e34,1,facebook,sage,12347,94.42861938476562,94.09042358398438
f1_f09771cc849b8e34,1,facebook,sage,12348,94.32182312011719,94.69562530517578
f1_f09771cc849b8e34,1,facebook,sage,12349,93.78782653808594,94.10822296142578
f1_f09771cc849b8e34,1,facebook,sage,12350,94.92701721191406,93.69882202148438
f1_f09771cc849b8e34,1,facebook,sage,12351,94.09042358398438,93.85902404785156
f1_f09771cc849b8e34,1,facebook,sage,12352,93.93022918701172,93.68102264404297
f1_f09771cc849b8e34,1,facebook,sage,12353,94.28622436523438,94.25062561035156
f1_f09771cc849b8e34,1,facebook,sage,12354,94.51762390136719,94.05482482910156
f1_f68ec7b0c738411b,1,facebook,sage,12345,94.46422576904297,94.00142669677734
f1_f68ec7b0c738411b,1,facebook,sage,12346,94.71341705322266,94.1794204711914
f1_f68ec7b0c738411b,1,facebook,sage,12347,94.49981689453125,93.6632308959961
f1_f68ec7b0c738411b,1,facebook,sage,12348,94.3396224975586,94.83802032470703
f1_f68ec7b0c738411b,1,facebook,sage,12349,93.6632308959961,93.9480209350586
f1_f68ec7b0c738411b,1,facebook,sage,12350,95.24742126464844,94.23281860351562
f1_f68ec7b0c738411b,1,facebook,sage,12351,94.00142669677734,93.85902404785156
f1_f68ec7b0c738411b,1,facebook,sage,12352,94.03702545166016,93.46742248535156
f1_f68ec7b0c738411b,1,facebook,sage,12353,94.39302062988281,94.3396224975586
f1_f68ec7b0c738411b,1,facebook,sage,12354,94.67782592773438,93.91242218017578
f1_f6d63b2d7b606d8d,1,facebook,sage,12345,94.55322265625,94.03702545166016
f1_f6d63b2d7b606d8d,1,facebook,sage,12346,94.67782592773438,94.12602233886719
f1_f6d63b2d7b606d8d,1,facebook,sage,12347,94.357421875,93.7522201538086
f1_f6d63b2d7b606d8d,1,facebook,sage,12348,94.05482482910156,94.7668228149414
f1_f6d63b2d7b606d8d,1,facebook,sage,12349,93.9480209350586,94.19722747802734
f1_f6d63b2d7b606d8d,1,facebook,sage,12350,94.98041534423828,93.84122467041016
f1_f6d63b2d7b606d8d,1,facebook,sage,12351,93.93022918701172,93.84122467041016
f1_f6d63b2d7b606d8d,1,facebook,sage,12352,93.98362731933594,93.5030288696289
f1_f6d63b2d7b606d8d,1,facebook,sage,12353,94.26842498779297,93.91242218017578
f1_f6d63b2d7b606d8d,1,facebook,sage,12354,94.44641876220703,94.00142669677734
f1_7fa4c19d353d2ebb,1,facebook,sage,12345,94.46422576904297,94.05482482910156
f1_7fa4c19d353d2ebb,1,facebook,sage,12346,94.62442016601562,93.69882202148438
f1_7fa4c19d353d2ebb,1,facebook,sage,12347,94.10822296142578,93.82342529296875
f1_7fa4c19d353d2ebb,1,facebook,sage,12348,94.07262420654297,94.62442016601562
f1_7fa4c19d353d2ebb,1,facebook,sage,12349,94.25062561035156,94.41082763671875
f1_7fa4c19d353d2ebb,1,facebook,sage,12350,94.90921783447266,93.78782653808594
f1_7fa4c19d353d2ebb,1,facebook,sage,12351,93.91242218017578,93.93022918701172
f1_7fa4c19d353d2ebb,1,facebook,sage,12352,93.82342529296875,93.48522186279297
f1_7fa4c19d353d2ebb,1,facebook,sage,12353,93.9658203125,94.12602233886719
f1_7fa4c19d353d2ebb,1,facebook,sage,12354,94.48202514648438,93.6632308959961
f1_9e4fbb0790f49797,1,lastfm,sage,12345,85.31902313232422,83.62506866455078
f1_9e4fbb0790f49797,1,lastfm,sage,12346,82.83455657958984,82.60869598388672
f1_9e4fbb0790f49797,1,lastfm,sage,12347,83.06041717529297,83.00395202636719
f1_9e4fbb0790f49797,1,lastfm,sage,12348,83.62506866455078,84.98023986816406
f1_9e4fbb0790f49797,1,lastfm,sage,12349,85.1496353149414,82.60869598388672
f1_9e4fbb0790f49797,1,lastfm,sage,12350,82.89102172851562,83.73799896240234
f1_9e4fbb0790f49797,1,lastfm,sage,12351,80.80180358886719,80.06775665283203
f1_9e4fbb0790f49797,1,lastfm,sage,12352,85.20610046386719,84.86730194091797
f1_9e4fbb0790f49797,1,lastfm,sage,12353,82.0440444946289,80.7453384399414
f1_9e4fbb0790f49797,1,lastfm,sage,12354,85.03669738769531,83.568603515625
f1_8183f6818bb36e90,1,lastfm,sage,12345,85.31902313232422,83.79446411132812
f1_8183f6818bb36e90,1,lastfm,sage,12346,82.9474868774414,82.21343994140625
f1_8183f6818bb36e90,1,lastfm,sage,12347,83.51213836669922,83.2862777709961
f1_8183f6818bb36e90,1,lastfm,sage,12348,83.62506866455078,85.0931625366211
f1_8183f6818bb36e90,1,lastfm,sage,12349,85.60135650634766,82.55223083496094
f1_8183f6818bb36e90,1,lastfm,sage,12350,82.9474868774414,84.07678985595703
f1_8183f6818bb36e90,1,lastfm,sage,12351,81.25352478027344,80.23715209960938
f1_8183f6818bb36e90,1,lastfm,sage,12352,85.31902313232422,84.64144134521484
f1_8183f6818bb36e90,1,lastfm,sage,12353,81.42292785644531,80.4630126953125
f1_8183f6818bb36e90,1,lastfm,sage,12354,85.1496353149414,83.8509292602539
f1_53272753f209189f,1,lastfm,sage,12345,88.14229583740234,86.44832611083984
f1_53272753f209189f,1,lastfm,sage,12346,87.69056701660156,86.90005493164062
f1_53272753f209189f,1,lastfm,sage,12347,87.8599624633789,88.02935791015625
f1_53272753f209189f,1,lastfm,sage,12348,89.21512603759766,88.02935791015625
f1_53272753f209189f,1,lastfm,sage,12349,88.5940170288086,86.33540344238281
f1_53272753f209189f,1,lastfm,sage,12350,87.18238067626953,87.972900390625
f1_53272753f209189f,1,lastfm,sage,12351,87.06945037841797,86.9565200805664
f1_53272753f209189f,1,lastfm,sage,12352,87.40824127197266,87.52117156982422
f1_53272753f209189f,1,lastfm,sage,12353,87.80349731445312,86.33540344238281
f1_53272753f209189f,1,lastfm,sage,12354,88.31168365478516,86.3918685913086
f1_15c1f303736f7b73,1,lastfm,sage,12345,88.87633514404297,87.69056701660156
f1_15c1f303736f7b73,1,lastfm,sage,12346,88.5940170288086,88.36815643310547
f1_15c1f303736f7b73,1,lastfm,sage,12347,88.25521850585938,88.70694732666016
f1_15c1f303736f7b73,1,lastfm,sage,12348,88.98927307128906,88.19876098632812
f1_15c1f303736f7b73,1,lastfm,sage,12349,89.44098663330078,87.18238067626953
f1_15c1f303736f7b73,1,lastfm,sage,12350,87.52117156982422,88.98927307128906
f1_15c1f303736f7b73,1,lastfm,sage,12351,87.91642761230469,87.2953109741211
f1_15c1f303736f7b73,1,lastfm,sage,12352,87.91642761230469,88.81986999511719
f1_15c1f303736f7b73,1,lastfm,sage,12353,88.19876098632812,87.01298522949219
f1_15c1f303736f7b73,1,lastfm,sage,12354,89.32806396484375,87.06945037841797
f1_b4fff79dfdd9dda4,1,lastfm,sage,12345,89.38452911376953,87.74703216552734
f1_b4fff79dfdd9dda4,1,lastfm,sage,12346,88.76341247558594,88.98927307128906
f1_b4fff79dfdd9dda4,1,lastfm,sage,12347,88.87633514404297,88.65047454833984
f1_b4fff79dfdd9dda4,1,lastfm,sage,12348,88.93280792236328,88.93280792236328
f1_b4fff79dfdd9dda4,1,lastfm,sage,12349,89.21512603759766,87.40824127197266
f1_b4fff79dfdd9dda4,1,lastfm,sage,12350,88.02935791015625,89.55392456054688
f1_b4fff79dfdd9dda4,1,lastfm,sage,12351,88.36815643310547,88.25521850585938
f1_b4fff79dfdd9dda4,1,lastfm,sage,12352,88.08582305908203,87.80349731445312
f1_b4fff79dfdd9dda4,1,lastfm,sage,12353,88.70694732666016,87.35177612304688
f1_b4fff79dfdd9dda4,1,lastfm,sage,12354,89.77978515625,88.02935791015625
f1_7e392cb9310f4717,1,lastfm,sage,12345,88.98927307128906,86.84358978271484
f1_7e392cb9310f4717,1,lastfm,sage,12346,88.42461395263672,88.42461395263672
f1_7e392cb9310f4717,1,lastfm,sage,12347,88.81986999511719,88.76341247558594
f1_7e392cb9310f4717,1,lastfm,sage,12348,88.93280792236328,88.31168365478516
f1_7e392cb9310f4717,1,lastfm,sage,12349,88.98927307128906,86.6741943359375
f1_7e392cb9310f4717,1,lastfm,sage,12350,87.40824127197266,88.65047454833984
f1_7e392cb9310f4717,1,lastfm,sage,12351,87.52117156982422,88.25521850585938
f1_7e392cb9310f4717,1,lastfm,sage,12352,87.8599624633789,88.31168365478516
f1_7e392cb9310f4717,1,lastfm,sage,12353,87.52117156982422,86.56126403808594
f1_7e392cb9310f4717,1,lastfm,sage,12354,88.93280792236328,87.23884582519531
f1_8cdc4cac5e596eaf,1,lastfm,sage,12345,89.10220336914062,87.23884582519531
f1_8cdc4cac5e596eaf,1,lastfm,sage,12346,88.53755187988281,88.87633514404297
f1_8cdc4cac5e596eaf,1,lastfm,sage,12347,88.53755187988281,88.70694732666016
f1_8cdc4cac5e596eaf,1,lastfm,sage,12348,88.5940170288086,88.42461395263672
f1_8cdc4cac5e596eaf,1,lastfm,sage,12349,89.38452911376953,87.18238067626953
f1_8cdc4cac5e596eaf,1,lastfm,sage,12350,87.57764434814453,88.93280792236328
f1_8cdc4cac5e596eaf,1,lastfm,sage,12351,87.80349731445312,87.8599624633789
f1_8cdc4cac5e596eaf,1,lastfm,sage,12352,88.08582305908203,88.36815643310547
f1_8cdc4cac5e596eaf,1,lastfm,sage,12353,87.74703216552734,86.3918685913086
f1_8cdc4cac5e596eaf,1,lastfm,sage,12354,89.72332000732422,87.40824127197266
f1_58195ed571431870,1,lastfm,sage,12345,89.27159881591797,87.18238067626953
f1_58195ed571431870,1,lastfm,sage,12346,88.5940170288086,89.32806396484375
f1_58195ed571431870,1,lastfm,sage,12347,88.53755187988281,88.4810791015625
f1_58195ed571431870,1,lastfm,sage,12348,88.93280792236328,88.87633514404297
f1_58195ed571431870,1,lastfm,sage,12349,89.44098663330078,86.56126403808594
f1_58195ed571431870,1,lastfm,sage,12350,87.91642761230469,89.10220336914062
f1_58195ed571431870,1,lastfm,sage,12351,87.69056701660156,87.8599624633789
f1_58195ed571431870,1,lastfm,sage,12352,88.19876098632812,88.08582305908203
f1_58195ed571431870,1,lastfm,sage,12353,88.4810791015625,87.18238067626953
f1_58195ed571431870,1,lastfm,sage,12354,89.83625030517578,87.46470642089844
f1_f54c6a368caadbfe,1,lastfm,sage,12345,89.32806396484375,87.46470642089844
f1_f54c6a368caadbfe,1,lastfm,sage,12346,88.81986999511719,88.98927307128906
f1_f54c6a368caadbfe,1,lastfm,sage,12347,88.98927307128906,88.81986999511719
f1_f54c6a368caadbfe,1,lastfm,sage,12348,88.76341247558594,89.21512603759766
f1_f54c6a368caadbfe,1,lastfm,sage,12349,89.1586685180664,87.06945037841797
f1_f54c6a368caadbfe,1,lastfm,sage,12350,88.19876098632812,89.1586685180664
f1_f54c6a368caadbfe,1,lastfm,sage,12351,88.19876098632812,88.36815643310547
f1_f54c6a368caadbfe,1,lastfm,sage,12352,88.02935791015625,88.31168365478516
f1_f54c6a368caadbfe,1,lastfm,sage,12353,88.70694732666016,87.2953109741211
f1_f54c6a368caadbfe,1,lastfm,sage,12354,89.77978515625,87.69056701660156
f1_811a59c741ad7698,1,lastfm,sage,12345,89.32806396484375,87.69056701660156
f1_811a59c741ad7698,1,lastfm,sage,12346,88.87633514404297,89.44098663330078
f1_811a59c741ad7698,1,lastfm,sage,12347,88.87633514404297,88.65047454833984
f1_811a59c741ad7698,1,lastfm,sage,12348,88.81986999511719,88.87633514404297
f1_811a59c741ad7698,1,lastfm,sage,12349,89.04573059082031,86.84358978271484
f1_811a59c741ad7698,1,lastfm,sage,12350,88.02935791015625,89.1586685180664
f1_811a59c741ad7698,1,lastfm,sage,12351,87.91642761230469,88.19876098632812
f1_811a59c741ad7698,1,lastfm,sage,12352,87.80349731445312,88.93280792236328
f1_811a59c741ad7698,1,lastfm,sage,12353,88.76341247558594,87.2953109741211
f1_811a59c741ad7698,1,lastfm,sage,12354,89.77978515625,88.31168365478516
f1_8bfd82d0c43146da,1,citeseer,gat,12345,70.19231414794922,70.91346740722656
f1_8bfd82d0c43146da,1,citeseer,gat,12346,68.62981414794922,67.66827392578125
f1_8bfd82d0c43146da,1,citeseer,gat,12347,70.55288696289062,67.78846740722656
f1_8bfd82d0c43146da,1,citeseer,gat,12348,69.9519271850586,69.59134674072266
f1_8bfd82d0c43146da,1,citeseer,gat,12349,67.90865325927734,68.99038696289062
f1_8bfd82d0c43146da,1,citeseer,gat,12350,67.1875,68.99038696289062
f1_8bfd82d0c43146da,1,citeseer,gat,12351,68.75,67.66827392578125
f1_8bfd82d0c43146da,1,citeseer,gat,12352,70.91346740722656,69.83173370361328
f1_8bfd82d0c43146da,1,citeseer,gat,12353,71.5144271850586,69.83173370361328
f1_8bfd82d0c43146da,1,citeseer,gat,12354,66.22596740722656,68.87019348144531
f1_7ce5db2abf756d5d,1,cora,gat,12345,82.7178726196289,84.93353271484375
f1_7ce5db2abf756d5d,1,cora,gat,12346,87.2968978881836,85.22895050048828
f1_7ce5db2abf756d5d,1,cora,gat,12347,84.93353271484375,84.78582000732422
f1_7ce5db2abf756d5d,1,cora,gat,12348,87.14918518066406,84.63810729980469
f1_7ce5db2abf756d5d,1,cora,gat,12349,85.22895050048828,83.8995590209961
f1_7ce5db2abf756d5d,1,cora,gat,12350,84.63810729980469,83.4564208984375
f1_7ce5db2abf756d5d,1,cora,gat,12351,85.22895050048828,85.67208099365234
f1_7ce5db2abf756d5d,1,cora,gat,12352,85.37666320800781,86.26292419433594
f1_7ce5db2abf756d5d,1,cora,gat,12353,83.60413360595703,85.67208099365234
f1_7ce5db2abf756d5d,1,cora,gat,12354,85.96749877929688,86.85376739501953
f1_8996b5d3962bed52,1,facebook,gat,12345,94.23281860351562,93.87682342529297
f1_8996b5d3962bed52,1,facebook,gat,12346,94.357421875,94.05482482910156
f1_8996b5d3962bed52,1,facebook,gat,12347,94.03702545166016,93.68102264404297
f1_8996b5d3962bed52,1,facebook,gat,12348,93.46742248535156,94.1794204711914
f1_8996b5d3962bed52,1,facebook,gat,12349,93.77002716064453,93.78782653808594
f1_8996b5d3962bed52,1,facebook,gat,12350,94.92701721191406,93.85902404785156
f1_8996b5d3962bed52,1,facebook,gat,12351,93.77002716064453,93.69882202148438
f1_8996b5d3962bed52,1,facebook,gat,12352,93.82342529296875,93.27162170410156
f1_8996b5d3962bed52,1,facebook,gat,12353,93.9658203125,93.98362731933594
f1_8996b5d3962bed52,1,facebook,gat,12354,94.1794204711914,93.73442840576172
f1_c25754df6eb6bb7f,1,lastfm,gat,12345,89.61038208007812,87.80349731445312
f1_c25754df6eb6bb7f,1,lastfm,gat,12346,88.53755187988281,88.65047454833984
f1_c25754df6eb6bb7f,1,lastfm,gat,12347,88.76341247558594,89.1586685180664
f1_c25754df6eb6bb7f,1,lastfm,gat,12348,88.87633514404297,88.93280792236328
f1_c25754df6eb6bb7f,1,lastfm,gat,12349,89.38452911376953,87.35177612304688
f1_c25754df6eb6bb7f,1,lastfm,gat,12350,88.14229583740234,89.1586685180664
f1_c25754df6eb6bb7f,1,lastfm,gat,12351,87.63410186767578,88.36815643310547
f1_c25754df6eb6bb7f,1,lastfm,gat,12352,88.08582305908203,88.02935791015625
f1_c25754df6eb6bb7f,1,lastfm,gat,12353,88.36815643310547,87.74703216552734
f1_c25754df6eb6bb7f,1,lastfm,gat,12354,89.94918060302734,87.63410186767578
f1_bbb2a4515a2b8922,1,citeseer,gcn,12345,70.3125,70.3125
f1_bbb2a4515a2b8922,1,citeseer,gcn,12346,68.3894271850586,68.75
f1_bbb2a4515a2b8922,1,citeseer,gcn,12347,68.62981414794922,67.1875
f1_bbb2a4515a2b8922,1,citeseer,gcn,12348,67.66827392578125,68.02884674072266
f1_bbb2a4515a2b8922,1,citeseer,gcn,12349,65.02404022216797,67.90865325927734
f1_bbb2a4515a2b8922,1,citeseer,gcn,12350,65.3846206665039,68.62981414794922
f1_bbb2a4515a2b8922,1,citeseer,gcn,12351,68.5096206665039,67.66827392578125
f1_bbb2a4515a2b8922,1,citeseer,gcn,12352,70.91346740722656,68.02884674072266
f1_bbb2a4515a2b8922,1,citeseer,gcn,12353,71.15384674072266,69.11058044433594
f1_bbb2a4515a2b8922,1,citeseer,gcn,12354,64.54327392578125,66.22596740722656
f1_009ed6eb77de6e27,1,cora,gcn,12345,83.8995590209961,84.19497680664062
f1_009ed6eb77de6e27,1,cora,gcn,12346,87.14918518066406,85.96749877929688
f1_009ed6eb77de6e27,1,cora,gcn,12347,85.22895050048828,86.26292419433594
f1_009ed6eb77de6e27,1,cora,gcn,12348,86.85376739501953,84.49039459228516
f1_009ed6eb77de6e27,1,cora,gcn,12349,85.37666320800781,83.75184631347656
f1_009ed6eb77de6e27,1,cora,gcn,12350,84.34268951416016,83.4564208984375
f1_009ed6eb77de6e27,1,cora,gcn,12351,84.49039459228516,85.52436828613281
f1_009ed6eb77de6e27,1,cora,gcn,12352,84.93353271484375,86.7060546875
f1_009ed6eb77de6e27,1,cora,gcn,12353,84.34268951416016,84.78582000732422
f1_009ed6eb77de6e27,1,cora,gcn,12354,86.1152114868164,87.2968978881836
f1_e4a69cfc2c1e9316,1,facebook,gcn,12345,94.1794204711914,93.73442840576172
f1_e4a69cfc2c1e9316,1,facebook,gcn,12346,94.46422576904297,93.82342529296875
f1_e4a69cfc2c1e9316,1,facebook,gcn,12347,94.25062561035156,93.93022918701172
f1_e4a69cfc2c1e9316,1,facebook,gcn,12348,93.80562591552734,94.12602233886719
f1_e4a69cfc2c1e9316,1,facebook,gcn,12349,93.80562591552734,93.89462280273438
f1_e4a69cfc2c1e9316,1,facebook,gcn,12350,94.94482421875,93.7522201538086
f1_e4a69cfc2c1e9316,1,facebook,gcn,12351,93.7522201538086,93.85902404785156
f1_e4a69cfc2c1e9316,1,facebook,gcn,12352,93.91242218017578,93.1114273071289
f1_e4a69cfc2c1e9316,1,facebook,gcn,12353,94.16162109375,94.09042358398438
f1_e4a69cfc2c1e9316,1,facebook,gcn,12354,94.26842498779297,93.6632308959961
f1_bf8b6bb245ada885,1,lastfm,gcn,12345,89.66685485839844,87.74703216552734
f1_bf8b6bb245ada885,1,lastfm,gcn,12346,88.93280792236328,89.21512603759766
f1_bf8b6bb245ada885,1,lastfm,gcn,12347,89.04573059082031,88.76341247558594
f1_bf8b6bb245ada885,1,lastfm,gcn,12348,89.32806396484375,89.32806396484375
f1_bf8b6bb245ada885,1,lastfm,gcn,12349,89.21512603759766,87.2953109741211
f1_bf8b6bb245ada885,1,lastfm,gcn,12350,88.42461395263672,89.32806396484375
f1_bf8b6bb245ada885,1,lastfm,gcn,12351,88.42461395263672,88.81986999511719
f1_bf8b6bb245ada885,1,lastfm,gcn,12352,88.36815643310547,88.4810791015625
f1_bf8b6bb245ada885,1,lastfm,gcn,12353,88.5940170288086,87.91642761230469
f1_bf8b6bb245ada885,1,lastfm,gcn,12354,90.0621109008789,88.36815643310547
f1_12c510f8aa358d82,1,citeseer,sage,12345,70.67308044433594,70.43269348144531
f1_12c510f8aa358d82,1,citeseer,sage,12346,68.62981414794922,67.66827392578125
f1_12c510f8aa358d82,1,citeseer,sage,12347,70.55288696289062,67.30769348144531
f1_12c510f8aa358d82,1,citeseer,sage,12348,68.5096206665039,66.46634674072266
f1_12c510f8aa358d82,1,citeseer,sage,12349,66.10577392578125,67.30769348144531
f1_12c510f8aa358d82,1,citeseer,sage,12350,68.14904022216797,67.78846740722656
f1_12c510f8aa358d82,1,citeseer,sage,12351,68.87019348144531,67.42788696289062
f1_12c510f8aa358d82,1,citeseer,sage,12352,69.83173370361328,67.78846740722656
f1_12c510f8aa358d82,1,citeseer,sage,12353,69.9519271850586,67.54808044433594
f1_12c510f8aa358d82,1,citeseer,sage,12354,67.42788696289062,68.75
f1_9244b7d2e50ece75,1,cora,sage,12345,83.3087158203125,85.52436828613281
f1_9244b7d2e50ece75,1,cora,sage,12346,87.14918518066406,84.93353271484375
f1_9244b7d2e50ece75,1,cora,sage,12347,85.52436828613281,86.26292419433594
f1_9244b7d2e50ece75,1,cora,sage,12348,86.26292419433594,86.41063690185547
f1_9244b7d2e50ece75,1,cora,sage,12349,85.08123779296875,83.8995590209961
f1_9244b7d2e50ece75,1,cora,sage,12350,83.75184631347656,82.86558532714844
f1_9244b7d2e50ece75,1,cora,sage,12351,85.81979370117188,85.22895050048828
f1_9244b7d2e50ece75,1,cora,sage,12352,85.37666320800781,86.26292419433594
f1_9244b7d2e50ece75,1,cora,sage,12353,83.16100311279297,84.0472640991211
f1_9244b7d2e50ece75,1,cora,sage,12354,85.96749877929688,87.14918518066406
f1_0f1f6e7d3c89716d,1,facebook,sage,12345,94.48202514648438,93.82342529296875
f1_0f1f6e7d3c89716d,1,facebook,sage,12346,94.60662078857422,94.16162109375
f1_0f1f6e7d3c89716d,1,facebook,sage,12347,94.16162109375,93.64542388916016
f1_0f1f6e7d3c89716d,1,facebook,sage,12348,94.09042358398438,94.5354232788086
f1_0f1f6e7d3c89716d,1,facebook,sage,12349,93.77002716064453,94.10822296142578
f1_0f1f6e7d3c89716d,1,facebook,sage,12350,95.05162048339844,94.03702545166016
f1_0f1f6e7d3c89716d,1,facebook,sage,12351,93.85902404785156,93.78782653808594
f1_0f1f6e7d3c89716d,1,facebook,sage,12352,93.87682342529297,93.43182373046875
f1_0f1f6e7d3c89716d,1,facebook,sage,12353,94.05482482910156,93.98362731933594
f1_0f1f6e7d3c89716d,1,facebook,sage,12354,94.16162109375,94.09042358398438
f1_086c44a9934c5f84,1,lastfm,sage,12345,89.55392456054688,87.8599624633789
f1_086c44a9934c5f84,1,lastfm,sage,12346,88.65047454833984,89.04573059082031
f1_086c44a9934c5f84,1,lastfm,sage,12347,89.10220336914062,89.10220336914062
f1_086c44a9934c5f84,1,lastfm,sage,12348,89.10220336914062,89.44098663330078
f1_086c44a9934c5f84,1,lastfm,sage,12349,89.38452911376953,87.2953109741211
f1_086c44a9934c5f84,1,lastfm,sage,12350,88.25521850585938,89.4974594116211
f1_086c44a9934c5f84,1,lastfm,sage,12351,88.42461395263672,87.972900390625
f1_086c44a9934c5f84,1,lastfm,sage,12352,87.8599624633789,88.70694732666016
f1_086c44a9934c5f84,1,lastfm,sage,12353,88.76341247558594,87.46470642089844
f1_086c44a9934c5f84,1,lastfm,sage,12354,89.94918060302734,87.74703216552734
f1_88cac875f335df0e,1,cora,gcn,12345,87.14918518066406,87.44461059570312
f1_88cac875f335df0e,1,cora,gcn,12346,89.5125503540039,88.47858428955078
f1_88cac875f335df0e,1,cora,gcn,12347,89.06941986083984,89.66026306152344
f1_88cac875f335df0e,1,cora,gcn,12348,88.92171478271484,89.3648452758789
f1_88cac875f335df0e,1,cora,gcn,12349,89.9556884765625,88.03544616699219
f1_88cac875f335df0e,1,cora,gcn,12350,87.74002838134766,87.00147247314453
f1_88cac875f335df0e,1,cora,gcn,12351,88.77400207519531,88.92171478271484
f1_88cac875f335df0e,1,cora,gcn,12352,89.66026306152344,89.06941986083984
f1_88cac875f335df0e,1,cora,gcn,12353,88.18315887451172,89.06941986083984
f1_88cac875f335df0e,1,cora,gcn,12354,89.06941986083984,90.54652404785156
f1_ef5d4dcd044608bb,1,lastfm,gcn,12345,92.03839111328125,89.66685485839844
f1_ef5d4dcd044608bb,1,lastfm,gcn,12346,90.90908813476562,90.62676239013672
f1_ef5d4dcd044608bb,1,lastfm,gcn,12347,90.62676239013672,90.73969268798828
f1_ef5d4dcd044608bb,1,lastfm,gcn,12348,91.24787902832031,91.19141387939453
f1_ef5d4dcd044608bb,1,lastfm,gcn,12349,91.24787902832031,89.04573059082031
f1_ef5d4dcd044608bb,1,lastfm,gcn,12350,90.6832275390625,90.23150634765625
f1_ef5d4dcd044608bb,1,lastfm,gcn,12351,90.51383209228516,90.57029724121094
f1_ef5d4dcd044608bb,1,lastfm,gcn,12352,90.62676239013672,90.62676239013672
f1_ef5d4dcd044608bb,1,lastfm,gcn,12353,89.94918060302734,90.62676239013672
f1_ef5d4dcd044608bb,1,lastfm,gcn,12354,91.64313507080078,89.77978515625
f1_19366d4e32b6085f,1,citeseer,gcn,12345,76.3221206665039,77.8846206665039
f1_19366d4e32b6085f,1,citeseer,gcn,12346,77.04327392578125,75.24038696289062
f1_19366d4e32b6085f,1,citeseer,gcn,12347,78.24519348144531,76.2019271850586
f1_19366d4e32b6085f,1,citeseer,gcn,12348,76.44231414794922,75.48077392578125
f1_19366d4e32b6085f,1,citeseer,gcn,12349,76.5625,76.68269348144531
f1_19366d4e32b6085f,1,citeseer,gcn,12350,78.24519348144531,74.7596206665039
f1_19366d4e32b6085f,1,citeseer,gcn,12351,75.96154022216797,73.4375
f1_19366d4e32b6085f,1,citeseer,gcn,12352,77.7644271850586,75.24038696289062
f1_19366d4e32b6085f,1,citeseer,gcn,12353,77.16346740722656,75.96154022216797
f1_19366d4e32b6085f,1,citeseer,gcn,12354,75.12019348144531,75.84134674072266
f1_42eaeee6942af48f,1,facebook,gcn,12345,94.98041534423828,93.89462280273438
f1_42eaeee6942af48f,1,facebook,gcn,12346,95.31861877441406,94.51762390136719
f1_42eaeee6942af48f,1,facebook,gcn,12347,94.9626235961914,94.39302062988281
f1_42eaeee6942af48f,1,facebook,gcn,12348,94.69562530517578,94.5354232788086
f1_42eaeee6942af48f,1,facebook,gcn,12349,94.30402374267578,94.58882141113281
f1_42eaeee6942af48f,1,facebook,gcn,12350,95.17622375488281,94.3752212524414
f1_42eaeee6942af48f,1,facebook,gcn,12351,94.16162109375,94.00142669677734
f1_42eaeee6942af48f,1,facebook,gcn,12352,94.39302062988281,94.01922607421875
f1_42eaeee6942af48f,1,facebook,gcn,12353,94.67782592773438,94.14382934570312
f1_42eaeee6942af48f,1,facebook,gcn,12354,94.71341705322266,94.44641876220703
f1_0cf8f6c3a4856d12,1,cora,sage,12345,87.2968978881836,86.85376739501953
f1_0cf8f6c3a4856d12,1,cora,sage,12346,89.3648452758789,89.3648452758789
f1_0cf8f6c3a4856d12,1,cora,sage,12347,88.18315887451172,89.3648452758789
f1_0cf8f6c3a4856d12,1,cora,sage,12348,89.5125503540039,88.47858428955078
f1_0cf8f6c3a4856d12,1,cora,sage,12349,89.5125503540039,87.44461059570312
f1_0cf8f6c3a4856d12,1,cora,sage,12350,87.44461059570312,86.85376739501953
f1_0cf8f6c3a4856d12,1,cora,sage,12351,89.06941986083984,86.85376739501953
f1_0cf8f6c3a4856d12,1,cora,sage,12352,89.9556884765625,89.66026306152344
f1_0cf8f6c3a4856d12,1,cora,sage,12353,88.18315887451172,88.62628936767578
f1_0cf8f6c3a4856d12,1,cora,sage,12354,88.18315887451172,90.39881896972656
f1_c61b0bb1f21617b8,1,lastfm,sage,12345,91.3608169555664,89.38452911376953
f1_c61b0bb1f21617b8,1,lastfm,sage,12346,90.34443664550781,90.28797149658203
f1_c61b0bb1f21617b8,1,lastfm,sage,12347,90.11857604980469,90.11857604980469
f1_c61b0bb1f21617b8,1,lastfm,sage,12348,90.51383209228516,90.62676239013672
f1_c61b0bb1f21617b8,1,lastfm,sage,12349,90.73969268798828,88.5940170288086
f1_c61b0bb1f21617b8,1,lastfm,sage,12350,89.66685485839844,90.11857604980469
f1_c61b0bb1f21617b8,1,lastfm,sage,12351,90.00564575195312,89.83625030517578
f1_c61b0bb1f21617b8,1,lastfm,sage,12352,90.34443664550781,89.66685485839844
f1_c61b0bb1f21617b8,1,lastfm,sage,12353,90.11857604980469,89.44098663330078
f1_c61b0bb1f21617b8,1,lastfm,sage,12354,90.96556091308594,89.32806396484375
f1_5938fedc3cba991b,1,citeseer,sage,12345,77.64423370361328,77.28365325927734
f1_5938fedc3cba991b,1,citeseer,sage,12346,75.84134674072266,74.15865325927734
f1_5938fedc3cba991b,1,citeseer,sage,12347,78.24519348144531,74.7596206665039
f1_5938fedc3cba991b,1,citeseer,sage,12348,75.96154022216797,75.96154022216797
f1_5938fedc3cba991b,1,citeseer,sage,12349,75.96154022216797,76.5625
f1_5938fedc3cba991b,1,citeseer,sage,12350,77.8846206665039,74.7596206665039
f1_5938fedc3cba991b,1,citeseer,sage,12351,75.72115325927734,74.6394271850586
f1_5938fedc3cba991b,1,citeseer,sage,12352,78.00481414794922,76.92308044433594
f1_5938fedc3cba991b,1,citeseer,sage,12353,76.80288696289062,77.52404022216797
f1_5938fedc3cba991b,1,citeseer,sage,12354,74.51923370361328,74.51923370361328
f1_ad389d7bf9e030ca,1,facebook,sage,12345,94.64221954345703,93.91242218017578
f1_ad389d7bf9e030ca,1,facebook,sage,12346,94.85581970214844,94.3396224975586
f1_ad389d7bf9e030ca,1,facebook,sage,12347,94.7490234375,93.93022918701172
f1_ad389d7bf9e030ca,1,facebook,sage,12348,94.51762390136719,94.71341705322266
f1_ad389d7bf9e030ca,1,facebook,sage,12349,94.00142669677734,94.67782592773438
f1_ad389d7bf9e030ca,1,facebook,sage,12350,95.17622375488281,94.26842498779297
f1_ad389d7bf9e030ca,1,facebook,sage,12351,93.7522201538086,93.9480209350586
f1_ad389d7bf9e030ca,1,facebook,sage,12352,94.00142669677734,93.9480209350586
f1_ad389d7bf9e030ca,1,facebook,sage,12353,94.41082763671875,94.26842498779297
f1_ad389d7bf9e030ca,1,facebook,sage,12354,94.19722747802734,94.05482482910156
f1_d7964f5bbec918a2,1,cora,gat,12345,87.14918518066406,88.33087158203125
f1_d7964f5bbec918a2,1,cora,gat,12346,90.25110626220703,87.59231567382812
f1_d7964f5bbec918a2,1,cora,gat,12347,89.21713256835938,88.77400207519531
f1_d7964f5bbec918a2,1,cora,gat,12348,89.3648452758789,88.03544616699219
f1_d7964f5bbec918a2,1,cora,gat,12349,89.21713256835938,87.00147247314453
f1_d7964f5bbec918a2,1,cora,gat,12350,88.03544616699219,87.44461059570312
f1_d7964f5bbec918a2,1,cora,gat,12351,88.47858428955078,88.47858428955078
f1_d7964f5bbec918a2,1,cora,gat,12352,89.66026306152344,90.1033935546875
f1_d7964f5bbec918a2,1,cora,gat,12353,88.62628936767578,89.06941986083984
f1_d7964f5bbec918a2,1,cora,gat,12354,88.62628936767578,90.25110626220703
f1_def68fb4f6017a80,1,lastfm,gat,12345,91.13494873046875,89.21512603759766
f1_def68fb4f6017a80,1,lastfm,gat,12346,89.66685485839844,90.23150634765625
f1_def68fb4f6017a80,1,lastfm,gat,12347,90.0621109008789,90.23150634765625
f1_def68fb4f6017a80,1,lastfm,gat,12348,90.57029724121094,89.55392456054688
f1_def68fb4f6017a80,1,lastfm,gat,12349,90.4009017944336,88.42461395263672
f1_def68fb4f6017a80,1,lastfm,gat,12350,89.38452911376953,89.44098663330078
f1_def68fb4f6017a80,1,lastfm,gat,12351,89.72332000732422,89.83625030517578
f1_def68fb4f6017a80,1,lastfm,gat,12352,89.94918060302734,89.66685485839844
f1_def68fb4f6017a80,1,lastfm,gat,12353,88.93280792236328,88.76341247558594
f1_def68fb4f6017a80,1,lastfm,gat,12354,91.3043441772461,88.87633514404297
f1_5ccde7b3c6ef56f0,1,citeseer,gat,12345,76.3221206665039,77.64423370361328
f1_5ccde7b3c6ef56f0,1,citeseer,gat,12346,75.72115325927734,74.87981414794922
f1_5ccde7b3c6ef56f0,1,citeseer,gat,12347,77.64423370361328,75.48077392578125
f1_5ccde7b3c6ef56f0,1,citeseer,gat,12348,75.72115325927734,75.60096740722656
f1_5ccde7b3c6ef56f0,1,citeseer,gat,12349,75.60096740722656,75.84134674072266
f1_5ccde7b3c6ef56f0,1,citeseer,gat,12350,77.8846206665039,73.91827392578125
f1_5ccde7b3c6ef56f0,1,citeseer,gat,12351,74.51923370361328,73.31731414794922
f1_5ccde7b3c6ef56f0,1,citeseer,gat,12352,78.36538696289062,75.0
f1_5ccde7b3c6ef56f0,1,citeseer,gat,12353,78.24519348144531,76.44231414794922
f1_5ccde7b3c6ef56f0,1,citeseer,gat,12354,74.15865325927734,76.2019271850586
f1_26e561c203eacd77,1,facebook,gat,12345,94.71341705322266,94.07262420654297
f1_26e561c203eacd77,1,facebook,gat,12346,95.10501861572266,94.49981689453125
f1_26e561c203eacd77,1,facebook,gat,12347,95.1584243774414,94.55322265625
f1_26e561c203eacd77,1,facebook,gat,12348,94.87361907958984,94.90921783447266
f1_26e561c203eacd77,1,facebook,gat,12349,94.25062561035156,94.78462219238281
f1_26e561c203eacd77,1,facebook,gat,12350,95.26522064208984,94.32182312011719
f1_26e561c203eacd77,1,facebook,gat,12351,94.357421875,94.48202514648438
f1_26e561c203eacd77,1,facebook,gat,12352,94.10822296142578,93.80562591552734
f1_26e561c203eacd77,1,facebook,gat,12353,94.78462219238281,94.48202514648438
f1_26e561c203eacd77,1,facebook,gat,12354,94.99822235107422,94.39302062988281
