source,backbone,dataset,x_eps,x_index,line_label,pipeline,smoother,feature_dim,candidate_id,x_steps,learning_rate,weight_decay,dropout,tao2,test_acc_mean,test_acc_ci_low,test_acc_ci_high,test_acc_std,test_acc_min,test_acc_max,val_acc_mean,val_acc_ci_low,val_acc_ci_high,n,point_id
figure1_heter,gcn,actor,0.001,0,$\mathsf{LPGNN}$,figure3_pipeline1,kprop,,206,32,0.0001,0,0.5,none,25.37894649505615,24.220788636207583,26.37894630432129,1.857960226019954,22.157894134521484,28.0,25.115788459777832,24.557893371582033,25.689604730606078,10,f6_3c397a6ca91f8aa3
figure1_heter,gcn,actor,0.01,1,$\mathsf{LPGNN}$,figure3_pipeline1,kprop,,214,32,0.0001,0.01,0.25,none,25.426314544677734,24.246840777397153,26.31105125427246,1.72509767579631,21.368419647216797,27.368419647216797,24.76842041015625,23.58302524089813,25.768551998138427,10,f6_8abe6985b611173f
figure1_heter,gcn,actor,0.1,2,$\mathsf{LPGNN}$,figure3_pipeline1,kprop,,241,64,0.0001,0,0.25,none,25.1368408203125,24.33657784938812,26.05276162147522,1.4414173538176256,22.6842098236084,27.421051025390625,25.473683547973632,25.042104716300965,25.968683943748474,10,f6_4a5f014428e1fabd
figure1_heter,gcn,actor,1.0,3,$\mathsf{LPGNN}$,figure3_pipeline1,kprop,,194,32,0.001,0,0.5,none,25.778946113586425,25.45789318084717,26.105393743515013,0.5764433819207031,25.105262756347656,26.52631378173828,26.268419647216795,25.778815093040468,26.784472217559816,10,f6_097315668d4615ff
figure1_heter,gcn,actor,2.0,4,$\mathsf{LPGNN}$,figure3_pipeline1,kprop,,168,16,0.001,0.01,0.75,none,25.631578063964845,25.078946485519406,26.337104544639587,1.0751968640959366,24.210525512695312,28.26315689086914,25.873683547973634,25.442104716300964,26.28434157371521,10,f6_ce3a07273cb67eff
figure1_heter,gcn,actor,3.0,5,$\mathsf{LPGNN}$,figure3_pipeline1,kprop,,170,16,0.0001,0,0.5,none,25.157893562316893,24.615788073539736,25.68434082984924,0.9437877327846071,23.31578826904297,26.736841201782227,25.773683166503908,25.28907784461975,26.273815298080443,10,f6_0f10dd532dceb51f
figure1_heter,gcn,actor,4.0,6,$\mathsf{LPGNN}$,figure3_pipeline1,kprop,,123,8,0.001,0,0.75,none,24.88420925140381,24.362630205154417,25.394866914749144,0.9388173705486067,23.368419647216797,26.26315689086914,25.63157730102539,25.305261416435243,25.95789318561554,10,f6_c30943a79e2c4d67
figure1_heter,gcn,actor,6.0,7,$\mathsf{LPGNN}$,figure3_pipeline1,kprop,,203,32,0.001,0.01,0.5,none,25.91052532196045,25.526184091567995,26.368683557510376,0.7203885712863399,25.15789222717285,27.63157844543457,26.00526237487793,25.457893943786623,26.552762570381166,10,f6_d4e8ab5e174c16cc
figure1_heter,gcn,actor,8.0,8,$\mathsf{LPGNN}$,figure3_pipeline1,kprop,,165,16,0.001,0.001,0.75,none,25.447367477416993,25.11052550792694,25.75789394378662,0.5653644492180906,24.63157844543457,26.210525512695312,26.13157787322998,25.54170922756195,26.700262203216553,10,f6_b8e597ba13eb10a3
figure1_heter,gcn,actor,10.0,9,$\mathsf{LPGNN}$,figure3_pipeline1,kprop,,240,64,0.001,0.01,0.75,none,26.18947277069092,25.41052531719208,26.989998903274536,1.328059842165268,24.31578826904297,28.736841201782227,25.91578826904297,25.36842002391815,26.432236137390138,10,f6_945fa0c0d6600937
figure1_heter,gcn,actor,0.001,0,$\mathsf{PrivGE}$,figure3_pipeline2,kprop,,79,4,0.01,0.001,0.25,none,24.642104148864746,23.636841197013855,25.557893562316895,1.7782240955405417,20.421051025390625,26.473682403564453,24.110525703430177,23.120657057762145,24.973815317153928,10,f6_7582ead3b0c417ea
figure1_heter,gcn,actor,0.01,1,$\mathsf{PrivGE}$,figure3_pipeline2,kprop,,202,32,0.001,0.01,0.25,none,26.205261611938475,25.489340252876282,26.94736671447754,1.2952667050245894,23.842103958129883,28.21052360534668,25.773683738708495,25.33144666671753,26.247499628067015,10,f6_7d0b6dcb30a606c3
figure1_heter,gcn,actor,0.1,2,$\mathsf{PrivGE}$,figure3_pipeline2,kprop,,118,8,0.01,0.01,0.25,none,26.068420028686525,25.48934081554413,26.705525717735288,1.029587435282944,24.789472579956055,27.789474487304688,25.66841983795166,25.110525131225586,26.263419671058656,10,f6_5df64ddf8c21ce40
figure1_heter,gcn,actor,1.0,3,$\mathsf{PrivGE}$,figure3_pipeline2,kprop,,163,16,0.001,0.001,0.25,none,25.44736728668213,24.92105158805847,26.015920028686523,0.9383095910897572,24.31578826904297,27.210525512695312,25.71052494049072,25.35789336681366,26.036840448379518,10,f6_88f0199c2ce1d81d
figure1_heter,gcn,actor,2.0,4,$\mathsf{PrivGE}$,figure3_pipeline2,kprop,,234,64,0.001,0.0001,0.75,none,26.136841201782225,25.510393743515017,26.84749886035919,1.130238675900058,25.052631378173828,28.421051025390625,25.90526237487793,25.442104330062865,26.4214470911026,10,f6_c7962d2cfd64de64
figure1_heter,gcn,actor,3.0,5,$\mathsf{PrivGE}$,figure3_pipeline2,kprop,,204,32,0.001,0.01,0.75,none,25.84736728668213,25.426182961463926,26.278946304321288,0.7307395684581143,24.999998092651367,26.999998092651367,26.184209632873536,25.67315722942352,26.73697334289551,10,f6_44ef31932b4801b2
figure1_heter,gcn,actor,4.0,6,$\mathsf{PrivGE}$,figure3_pipeline2,kprop,,158,16,0.001,0,0.5,none,25.72105140686035,25.3052619934082,26.189604153633116,0.7468206484676602,24.789472579956055,26.736841201782227,25.942103767395018,25.484209060668945,26.394735527038574,10,f6_31a5d878a24f273d
figure1_heter,gcn,actor,6.0,7,$\mathsf{PrivGE}$,figure3_pipeline2,kprop,,204,32,0.001,0.01,0.75,none,26.173683166503906,25.689341020584106,26.736840825080872,0.9139823664850374,25.052631378173828,27.89473533630371,25.942103767395018,25.436708488464355,26.55802439689636,10,f6_d66071b50d0339aa
figure1_heter,gcn,actor,8.0,8,$\mathsf{PrivGE}$,figure3_pipeline2,kprop,,251,64,0.0001,0.01,0.5,none,25.93157787322998,25.363025126457213,26.61065689563751,1.0908416156165184,24.842103958129883,28.368419647216797,25.757893753051757,25.29986728668213,26.326446504592894,10,f6_6c237212aff81274
figure1_heter,gcn,actor,10.0,9,$\mathsf{PrivGE}$,figure3_pipeline2,kprop,,234,64,0.001,0.0001,0.75,none,25.836840438842774,25.384209055900573,26.294866900444028,0.825661794658489,24.26315689086914,27.157894134521484,25.810525703430176,25.299999232292176,26.310657291412355,10,f6_e20088a5d13fe60b
figure1_heter,gcn,actor,0.001,0,$\mathsf{UPGNet\text{-}MBM}$,figure3_pipeline3,hoa,,1140,64,0.01,0.01,0.75,0.9,25.56315689086914,24.636051917076113,26.442103958129884,1.5518230134515685,22.36842155456543,27.89473533630371,25.178946685791015,24.115130949020383,26.005789246559143,10,f6_97031ca4e4bd9b46
figure1_heter,gcn,actor,0.01,1,$\mathsf{UPGNet\text{-}MBM}$,figure3_pipeline3,hoa,,1138,64,0.01,0.01,0.75,0.5,25.75263042449951,24.84197238445282,26.55276237487793,1.5118389554550429,22.26315689086914,27.842103958129883,25.24210376739502,24.199340958595275,26.089603581428527,10,f6_8c378aa17e1c4496
figure1_heter,gcn,actor,0.1,2,$\mathsf{UPGNet\text{-}MBM}$,figure3_pipeline3,hoa,,949,32,0.01,0.01,0.25,0.7,25.910525703430174,25.415657062530517,26.515920805931092,0.9421729438057166,24.89473533630371,27.789474487304688,25.857893562316896,25.399999032020567,26.34223591327667,10,f6_bec18313b928662c
figure1_heter,gcn,actor,1.0,3,$\mathsf{UPGNet\text{-}MBM}$,figure3_pipeline3,hoa,,586,8,0.01,0.01,0.25,0.1,24.847366905212404,23.915788645744325,25.96881362915039,1.7267018592792398,22.842103958129883,27.736839294433594,25.157894134521484,24.710394120216367,25.657894330024718,10,f6_c5a7e09fbc1fd723
figure1_heter,gcn,actor,2.0,4,$\mathsf{UPGNet\text{-}MBM}$,figure3_pipeline3,hoa,,923,32,0.01,0.0001,0.5,0.5,25.652630615234376,25.031446480751036,26.41592059612274,1.1488752408793461,24.368419647216797,28.26315689086914,25.736841011047364,25.304998850822447,26.278946304321288,10,f6_34a3726fd0c76965
figure1_heter,gcn,actor,3.0,5,$\mathsf{UPGNet\text{-}MBM}$,figure3_pipeline3,hoa,,1126,64,0.01,0.01,0.25,0.1,26.1263147354126,25.584209442138672,26.715789041519166,0.9815784836459923,24.789472579956055,28.15789222717285,25.931578063964842,25.405262184143066,26.510525135993955,10,f6_75083e9e50698b9c
figure1_heter,gcn,actor,4.0,6,$\mathsf{UPGNet\text{-}MBM}$,figure3_pipeline3,hoa,,727,16,0.01,0,0.5,0.3,25.3368408203125,24.747367272377012,25.942236075401304,1.0032879797236764,23.736841201782227,26.6842098236084,25.863157272338867,25.368288640975955,26.452631192207335,10,f6_31edde76da64d617
figure1_heter,gcn,actor,6.0,7,$\mathsf{UPGNet\text{-}MBM}$,figure3_pipeline3,hoa,,952,32,0.01,0.01,0.5,0.3,26.04736747741699,25.215393528938293,26.86855179786682,1.3108565633346823,24.052629470825195,28.052631378173828,25.836840629577637,25.37355083465576,26.33170871257782,10,f6_caa21ca64a4aad6d
figure1_heter,gcn,actor,8.0,8,$\mathsf{UPGNet\text{-}MBM}$,figure3_pipeline3,hoa,,946,32,0.01,0.01,0.25,0.1,25.668419456481935,25.173682403564452,26.200129857063292,0.8729899159905449,24.052629470825195,27.421051025390625,25.947367095947264,25.331183137893678,26.657892808914188,10,f6_ef8d10fb49da5011
figure1_heter,gcn,actor,10.0,9,$\mathsf{UPGNet\text{-}MBM}$,figure3_pipeline3,hoa,,752,16,0.01,0.001,0.25,0.3,26.26841983795166,25.615657439231875,27.02118281364441,1.2436231027805498,24.0,28.052631378173828,25.773683738708495,25.18421001434326,26.35263062953949,10,f6_198bf189b2ff161c
figure1_heter,gcn,actor,0.001,0,$\mathsf{UPGNet\text{-}PM}$,figure3_pipeline4,hoa,,753,16,0.01,0.001,0.25,0.5,24.48947238922119,23.93684081554413,25.005261993408205,0.901778401559008,22.421051025390625,25.6842098236084,24.95263042449951,24.34736728191376,25.537104353904724,10,f6_94f56900b6d72c5d
figure1_heter,gcn,actor,0.01,1,$\mathsf{UPGNet\text{-}PM}$,figure3_pipeline4,hoa,,1112,64,0.01,0.001,0.25,0.3,26.38947296142578,25.82105197429657,26.95263080596924,0.968001249550404,25.368419647216797,28.105262756347656,25.642103958129884,25.163156509399414,26.221182799339296,10,f6_097f3455b843052e
figure1_heter,gcn,actor,0.1,2,$\mathsf{UPGNet\text{-}PM}$,figure3_pipeline4,hoa,,1200,64,0.001,0.01,0.75,0.9,25.310524940490723,24.489209241867066,26.316051235198977,1.5287233922842909,23.052629470825195,28.21052360534668,25.742104148864748,25.18907783985138,26.278946499824524,10,f6_29f9eb77600c31e3
figure1_heter,gcn,actor,1.0,3,$\mathsf{UPGNet\text{-}PM}$,figure3_pipeline4,hoa,,948,32,0.01,0.01,0.25,0.5,25.036841011047365,24.494735713005067,25.489604716300963,0.8296040731006584,23.368419647216797,26.421052932739258,26.468419456481932,25.79473551750183,27.15276180744171,10,f6_acbe584bee96fe9c
figure1_heter,gcn,actor,2.0,4,$\mathsf{UPGNet\text{-}PM}$,figure3_pipeline4,hoa,,1118,64,0.01,0.001,0.5,0.5,25.615788078308107,24.673683161735536,26.52644555568695,1.5526163884076494,22.736841201782227,28.15789222717285,25.83157844543457,25.35263175010681,26.36315652370453,10,f6_85bd388cfc0467c2
figure1_heter,gcn,actor,3.0,5,$\mathsf{UPGNet\text{-}PM}$,figure3_pipeline4,hoa,,935,32,0.01,0.001,0.25,0.9,25.43157844543457,24.889341006278993,25.942236857414244,0.8693690275549235,24.052629470825195,26.63157844543457,25.66315689086914,25.289472575187684,26.063420400619506,10,f6_9b20f9c7b48edcec
figure1_heter,gcn,actor,4.0,6,$\mathsf{UPGNet\text{-}PM}$,figure3_pipeline4,hoa,,1095,64,0.01,0,0.75,0.9,25.77368297576904,25.37355140209198,26.315920224189757,0.8627050086997375,25.052631378173828,28.052631378173828,25.931577491760255,25.463157062530517,26.394867100715636,10,f6_834c103e9a446831
figure1_heter,gcn,actor,6.0,7,$\mathsf{UPGNet\text{-}PM}$,figure3_pipeline4,hoa,,120,0,0.001,0.01,0.75,0.9,23.442104148864747,22.77368335723877,24.063156509399413,1.0925753370696927,21.31578826904297,24.89473533630371,24.4947359085083,23.699736080169675,25.215788269042967,10,f6_02bf75c37934028d
figure1_heter,gcn,actor,8.0,8,$\mathsf{UPGNet\text{-}PM}$,figure3_pipeline4,hoa,,726,16,0.01,0,0.5,0.1,25.99999866485596,25.205130610466004,26.87368240356445,1.4189930892935414,24.0,28.15789222717285,25.778946495056154,25.25776198863983,26.347499437332154,10,f6_91bcdde4b2f64e4c
figure1_heter,gcn,actor,10.0,9,$\mathsf{UPGNet\text{-}PM}$,figure3_pipeline4,hoa,,932,32,0.01,0.001,0.25,0.3,25.594735527038573,24.768419642448425,26.45276198863983,1.4347507594604743,23.31578826904297,28.15789222717285,25.721051025390626,25.2840771150589,26.173945927619936,10,f6_5b89b72391753a2b
figure1_heter,gcn,flickr,0.001,0,$\mathsf{LPGNN}$,figure3_pipeline1,kprop,,34,0,0.0001,0.01,0.25,none,30.79197597503662,29.170803260803222,32.39216137886047,2.7506749336670087,26.082366943359375,34.477298736572266,31.436114692687987,29.90931887626648,32.91974718570709,10,f6_73f297302a3e9c6a
figure1_heter,gcn,flickr,0.01,1,$\mathsf{LPGNN}$,figure3_pipeline1,kprop,,31,0,0.0001,0.001,0.25,none,30.739177322387697,28.864705090522765,32.41829586982727,2.987117838108887,25.501585006713867,34.477298736572266,31.388596534729004,29.751716799736023,32.80425113677978,10,f6_760dc5b64fbac848
figure1_heter,gcn,flickr,0.1,2,$\mathsf{LPGNN}$,figure3_pipeline1,kprop,,70,2,0.0001,0.01,0.25,none,32.11193332672119,29.075898733139038,34.71568263053894,4.785998708935246,22.122493743896484,36.53643035888672,32.57655906677246,28.996833219528195,35.38028201580048,10,f6_7a8ee996c3d97f7f
figure1_heter,gcn,flickr,1.0,3,$\mathsf{LPGNN}$,figure3_pipeline1,kprop,,64,2,0.0001,0.0001,0.25,none,47.808872604370116,46.552272396087645,48.98653872489929,2.057291013670683,44.24498748779297,51.37276077270508,48.72228240966797,47.7451175403595,49.78379250526429,10,f6_687261a04a06344d
figure1_heter,gcn,flickr,2.0,4,$\mathsf{LPGNN}$,figure3_pipeline1,kprop,,68,2,0.0001,0.001,0.5,none,47.56599922180176,46.73693388938904,48.479938163757325,1.419665143629271,45.51214599609375,50.21119689941406,47.97782669067383,47.04316517829895,49.01808586120605,10,f6_10eb2304b237c511
figure1_heter,gcn,flickr,3.0,5,$\mathsf{LPGNN}$,figure3_pipeline1,kprop,,67,2,0.0001,0.001,0.25,none,47.61351776123047,46.52547681808472,48.62209778785705,1.793554401293794,44.984161376953125,49.73601150512695,47.94614715576172,46.96291078567505,48.90707550048828,10,f6_ece786681e31dc25
figure1_heter,gcn,flickr,4.0,6,$\mathsf{LPGNN}$,figure3_pipeline1,kprop,,62,2,0.0001,0,0.5,none,46.83210334777832,45.91341285705566,47.7296745300293,1.529835233453638,44.03379440307617,49.15522766113281,47.191131591796875,46.00290564537048,48.17397275924683,10,f6_a5419f86b0280368
figure1_heter,gcn,flickr,6.0,7,$\mathsf{LPGNN}$,figure3_pipeline1,kprop,,67,2,0.0001,0.001,0.25,none,46.67898826599121,45.643745012283325,47.59781111717224,1.649556965874909,43.400211334228516,48.891239166259766,47.3759262084961,46.29870871543885,48.45393607139587,10,f6_f74cbc57a29643d6
figure1_heter,gcn,flickr,8.0,8,$\mathsf{LPGNN}$,figure3_pipeline1,kprop,,70,2,0.0001,0.01,0.25,none,46.99049682617188,46.134900636672974,47.78247072219849,1.421311250019867,44.29778289794922,49.04962921142578,47.34952659606934,46.53036073684692,48.07853967666626,10,f6_91ee7d1f7bb275fc
figure1_heter,gcn,flickr,10.0,9,$\mathsf{LPGNN}$,figure3_pipeline1,kprop,,61,2,0.0001,0,0.25,none,46.55227165222168,45.79184416770936,47.21779553413391,1.2070825006307773,44.61457443237305,48.52164840698242,47.03273696899414,46.214363479614256,47.872361764907836,10,f6_c14238a0328c1100
figure1_heter,gcn,flickr,0.001,0,$\mathsf{PrivGE}$,figure3_pipeline2,kprop,,31,0,0.0001,0.001,0.25,none,30.99788932800293,28.790391511917115,33.11061368465423,3.6361012664458428,24.28722381591797,36.061248779296875,31.97993755340576,30.08962592124939,33.62196484088898,10,f6_cd158afb5a9b9649
figure1_heter,gcn,flickr,0.01,1,$\mathsf{PrivGE}$,figure3_pipeline2,kprop,,31,0,0.0001,0.001,0.25,none,31.05068759918213,28.93334330558777,33.094113554954525,3.6537759682994193,25.184795379638672,36.64202880859375,31.879621505737305,30.20037079334259,33.485614213943485,10,f6_6b479a0ba52e8f96
figure1_heter,gcn,flickr,0.1,2,$\mathsf{PrivGE}$,figure3_pipeline2,kprop,,34,0,0.0001,0.01,0.25,none,31.203802871704102,28.922651653289794,33.35810642719269,3.7671020500658505,25.184795379638672,36.53643035888672,32.05913486480713,30.226636118888855,33.723074388504024,10,f6_8744cf0f80ef8d50
figure1_heter,gcn,flickr,1.0,3,$\mathsf{PrivGE}$,figure3_pipeline2,kprop,,67,2,0.0001,0.001,0.25,none,47.51848106384277,45.79620013237,48.74340134620666,2.537860593937843,40.91869354248047,50.15839767456055,48.17845993041992,46.38833311080933,49.67317967414856,10,f6_474cfc9f873de8c2
figure1_heter,gcn,flickr,2.0,4,$\mathsf{PrivGE}$,figure3_pipeline2,kprop,,70,2,0.0001,0.01,0.25,none,47.428723907470705,46.362065896987914,48.45829050064087,1.8845453963893066,43.50580978393555,49.419219970703125,48.17845993041992,46.9057559967041,49.33474349975586,10,f6_6c0cb1447a0d0ef5
figure1_heter,gcn,flickr,3.0,5,$\mathsf{PrivGE}$,figure3_pipeline2,kprop,,67,2,0.0001,0.001,0.25,none,47.53432006835938,46.583819208145144,48.34741325378418,1.527413284040991,44.03379440307617,49.15522766113281,48.136220932006836,46.91644820213318,49.240498743057245,10,f6_d228c2b69545fa05
figure1_heter,gcn,flickr,4.0,6,$\mathsf{PrivGE}$,figure3_pipeline2,kprop,,64,2,0.0001,0.0001,0.25,none,47.312568283081056,46.309268188476565,48.19443207740783,1.5863824401319357,43.717002868652344,49.73601150512695,47.78775253295898,46.8314433670044,48.7382534122467,10,f6_f6ee30d89375db60
figure1_heter,gcn,flickr,6.0,7,$\mathsf{PrivGE}$,figure3_pipeline2,kprop,,64,2,0.0001,0.0001,0.25,none,47.38120536804199,46.446147127151484,48.18373949050903,1.497132301293597,44.29778289794922,49.524818420410156,47.914468383789064,46.93717155456543,49.028512201309205,10,f6_466526623737b4d7
figure1_heter,gcn,flickr,8.0,8,$\mathsf{PrivGE}$,figure3_pipeline2,kprop,,67,2,0.0001,0.001,0.25,none,47.39704551696777,46.230070486068726,48.38001829147339,1.859729027231283,43.50580978393555,50.26399612426758,47.86694984436035,46.65245665550232,49.081971397399904,10,f6_d24eb6a5583783ed
figure1_heter,gcn,flickr,10.0,9,$\mathsf{PrivGE}$,figure3_pipeline2,kprop,,67,2,0.0001,0.001,0.25,none,47.011617279052736,46.16156461715698,47.77758867263794,1.3853789707141342,44.61457443237305,49.20802688598633,47.86694984436035,47.02732429504395,48.66988031387329,10,f6_88f5763867acbcd3
figure1_heter,gcn,flickr,0.001,0,$\mathsf{UPGNet\text{-}MBM}$,figure3_pipeline3,hoa,,152,0,0.0001,0.001,0.25,0.3,30.781415939331055,28.938622841835024,32.43492722988128,2.9140758520867625,25.55438232421875,34.42449951171875,31.451954460144044,29.93611524105072,32.86180094718933,10,f6_bb27edc025050e32
figure1_heter,gcn,flickr,0.01,1,$\mathsf{UPGNet\text{-}MBM}$,figure3_pipeline3,hoa,,140,0,0.0001,0.0001,0.25,0.9,31.0718074798584,29.466606512069703,32.65588952064514,2.6411182097500268,27.349525451660156,34.53009796142578,31.752905082702636,30.4326837348938,33.072862434387204,10,f6_ba9efd9fbc5573d1
figure1_heter,gcn,flickr,0.1,2,$\mathsf{UPGNet\text{-}MBM}$,figure3_pipeline3,hoa,,350,2,0.0001,0.01,0.25,0.9,49.14466896057129,48.336722946166994,49.88912467956543,1.3279818821216571,47.043296813964844,51.58395004272461,50.23231468200684,49.186907567977904,51.17212562561035,10,f6_2680863a313c0878
figure1_heter,gcn,flickr,1.0,3,$\mathsf{UPGNet\text{-}MBM}$,figure3_pipeline3,hoa,,290,2,0.001,0.01,0.25,0.9,52.72439384460449,52.07999037742614,53.43189125061035,1.1672020799221388,51.636749267578125,54.857444763183594,53.48469123840332,52.56586950302124,54.45103262901306,10,f6_1998b65ff06e5982
figure1_heter,gcn,flickr,2.0,4,$\mathsf{UPGNet\text{-}MBM}$,figure3_pipeline3,hoa,,275,2,0.001,0.001,0.25,0.9,52.83527030944824,52.15403940200805,53.521649551391604,1.216794897634567,51.425559997558594,54.75185012817383,53.37381362915039,52.65047682762146,54.076031532287594,10,f6_db6208d372be6c17
figure1_heter,gcn,flickr,3.0,5,$\mathsf{UPGNet\text{-}MBM}$,figure3_pipeline3,hoa,,260,2,0.001,0.0001,0.25,0.9,52.57656021118164,51.63133810043335,53.4530117225647,1.6254112858032645,50.63357925415039,54.48786163330078,53.55332870483399,52.7031436920166,54.38226205825806,10,f6_9b6e17e180ddf542
figure1_heter,gcn,flickr,4.0,6,$\mathsf{UPGNet\text{-}MBM}$,figure3_pipeline3,hoa,,260,2,0.001,0.0001,0.25,0.9,52.9619873046875,52.17516024589539,53.738121099472046,1.3381238864164102,51.425559997558594,55.068641662597656,53.53748893737793,52.882393264770506,54.23455923080444,10,f6_683351d6c8b46392
figure1_heter,gcn,flickr,6.0,7,$\mathsf{UPGNet\text{-}MBM}$,figure3_pipeline3,hoa,,245,2,0.001,0,0.25,0.9,52.82471199035645,52.17502823829651,53.526930236816405,1.1926786946910921,51.003170013427734,54.64625549316406,53.39493408203125,52.59240035057068,54.15588953971863,10,f6_b4300b029c21487c
figure1_heter,gcn,flickr,8.0,8,$\mathsf{UPGNet\text{-}MBM}$,figure3_pipeline3,hoa,,275,2,0.001,0.001,0.25,0.9,52.66103744506836,52.08012428283691,53.32629623413086,1.105882741217106,51.425559997558594,54.59345626831055,53.42661323547363,52.58184050559998,54.14480209350586,10,f6_51dd9dcc04abb1c5
figure1_heter,gcn,flickr,10.0,9,$\mathsf{UPGNet\text{-}MBM}$,figure3_pipeline3,hoa,,280,2,0.001,0.001,0.5,0.9,52.23336944580078,51.472941961288456,53.04118310928345,1.292582481364071,50.31679153442383,54.2238655090332,52.972547912597655,52.11708185195923,53.71185610771179,10,f6_c30772580984ce51
figure1_heter,gcn,flickr,0.001,0,$\mathsf{UPGNet\text{-}PM}$,figure3_pipeline4,hoa,,154,0,0.0001,0.001,0.25,0.7,30.607181739807128,28.31005914211273,32.78788414955139,3.7666949183290788,23.970434188842773,36.95882034301758,32.05385513305664,30.02613655567169,33.82286207199097,10,f6_66473c8ecc129ee4
figure1_heter,gcn,flickr,0.01,1,$\mathsf{UPGNet\text{-}PM}$,figure3_pipeline4,hoa,,110,0,0.001,0.01,0.25,0.9,33.284055519104,31.42529104232788,35.037223443984985,3.1971158440949194,27.66631507873535,36.694828033447266,34.16050796508789,32.63450507164002,35.56494294166565,10,f6_2849a43823a05b37
figure1_heter,gcn,flickr,0.1,2,$\mathsf{UPGNet\text{-}PM}$,figure3_pipeline4,hoa,,290,2,0.001,0.01,0.25,0.9,51.57339172363281,50.897573442459105,52.3548069190979,1.2195281148263912,50.26399612426758,54.012672424316406,52.44984436035156,51.63648717880249,53.35837060928345,10,f6_fc5923d300e8942a
figure1_heter,gcn,flickr,1.0,3,$\mathsf{UPGNet\text{-}PM}$,figure3_pipeline4,hoa,,215,2,0.01,0.001,0.25,0.9,52.111933898925784,51.594378299713135,52.61351700782776,0.8564254703268023,50.63357925415039,53.326297760009766,53.66948471069336,52.66090470314026,54.70433158874512,10,f6_416f8aa60d25d2ca
figure1_heter,gcn,flickr,2.0,4,$\mathsf{UPGNet\text{-}PM}$,figure3_pipeline4,hoa,,215,2,0.01,0.001,0.25,0.9,53.146781539916994,52.52376136779785,53.73838541984558,1.030191020993133,51.3199577331543,54.59345626831055,54.107710647583005,53.236274337768556,54.9898388004303,10,f6_e5ce6a211279c6a8
figure1_heter,gcn,flickr,3.0,5,$\mathsf{UPGNet\text{-}PM}$,figure3_pipeline4,hoa,,215,2,0.01,0.001,0.25,0.9,53.26293678283692,52.68743437767029,53.83843879699707,1.045887246130164,52.217529296875,55.22703552246094,54.149949645996095,53.325636262893674,54.82590026855468,10,f6_a20bcfe6a48541ef
figure1_heter,gcn,flickr,4.0,6,$\mathsf{UPGNet\text{-}PM}$,figure3_pipeline4,hoa,,215,2,0.01,0.001,0.25,0.9,52.98838653564453,52.090815715789795,53.88609009742736,1.524196814420515,50.84477615356445,55.12144088745117,53.822600555419925,53.06745187759399,54.50396270751953,10,f6_defbd1994ee67b50
figure1_heter,gcn,flickr,6.0,7,$\mathsf{UPGNet\text{-}PM}$,figure3_pipeline4,hoa,,215,2,0.01,0.001,0.25,0.9,53.63252639770508,52.82985989570618,54.472150821685794,1.354310978402043,51.74234390258789,55.70222091674805,54.234425735473636,53.574446477890014,54.883844013214116,10,f6_61806698147d0007
figure1_heter,gcn,flickr,8.0,8,$\mathsf{UPGNet\text{-}PM}$,figure3_pipeline4,hoa,,200,2,0.01,0.0001,0.25,0.9,53.02534484863281,52.433739852905276,53.680176172256466,1.0743012135966683,51.74234390258789,54.91024398803711,53.88067817687988,53.4687183380127,54.32959559440613,10,f6_c1825efe8d3a4334
figure1_heter,gcn,flickr,10.0,9,$\mathsf{UPGNet\text{-}PM}$,figure3_pipeline4,hoa,,200,2,0.01,0.0001,0.25,0.9,53.35269393920898,52.835270690917966,53.95472790718078,0.9608235015947955,52.53431701660156,55.22703552246094,53.690603256225586,52.776928691864015,54.535376358032224,10,f6_ecb447d8e70358a6
figure1_heter,sage,actor,0.001,0,$\mathsf{LPGNN}$,figure3_pipeline1,kprop,,182,32,0.01,0,0.5,none,26.173682403564452,25.36828788280487,26.9736820268631,1.3652794629957674,24.421051025390625,28.26315689086914,25.605261993408202,25.099735703468323,26.152630047798155,10,f6_e31a890be1c06db5
figure1_heter,sage,actor,0.01,1,$\mathsf{LPGNN}$,figure3_pipeline1,kprop,,229,64,0.001,0,0.25,none,26.199998664855958,25.573551383018494,26.847498850822447,1.0557849536204025,24.52631378173828,28.15789222717285,25.694736099243165,25.205130615234374,26.289472775459288,10,f6_df7dcd277011c97b
figure1_heter,sage,actor,0.1,2,$\mathsf{LPGNN}$,figure3_pipeline1,kprop,,242,64,0.0001,0,0.5,none,25.347367095947266,24.62631473064423,26.215788273811338,1.3259721986731798,23.210525512695312,27.578947067260742,25.899998474121094,25.405130033493045,26.442103581428526,10,f6_b52e7b9ca041924c
figure1_heter,sage,actor,1.0,3,$\mathsf{LPGNN}$,figure3_pipeline1,kprop,,205,32,0.0001,0,0.25,none,26.12631435394287,25.768288059234617,26.563155760765078,0.6956751600212943,25.368419647216797,27.684207916259766,26.221052169799805,25.847236285209657,26.668420605659485,10,f6_8f1ef69adc7bb7af
figure1_heter,sage,actor,2.0,4,$\mathsf{LPGNN}$,figure3_pipeline1,kprop,,250,64,0.0001,0.01,0.25,none,26.07368335723877,25.373683166503906,26.81065727233887,1.2363634238573762,24.52631378173828,28.052631378173828,26.021051979064943,25.473420205116273,26.642499642372133,10,f6_ab232f8d45065781
figure1_heter,sage,actor,3.0,5,$\mathsf{LPGNN}$,figure3_pipeline1,kprop,,205,32,0.0001,0,0.25,none,26.25263042449951,25.68934138298035,26.85276238441467,1.0037787435243046,24.842103958129883,28.052631378173828,26.252630615234374,25.799999232292176,26.794867677688597,10,f6_37a319aad36ed5c5
figure1_heter,sage,actor,4.0,6,$\mathsf{LPGNN}$,figure3_pipeline1,kprop,,244,64,0.0001,0.0001,0.25,none,25.98947238922119,25.3315780544281,26.58960377693176,1.0396269625762893,24.473684310913086,27.3157901763916,26.105262184143065,25.64197238922119,26.652630453109744,10,f6_34e081396a57e7c5
figure1_heter,sage,actor,6.0,7,$\mathsf{LPGNN}$,figure3_pipeline1,kprop,,211,32,0.0001,0.001,0.25,none,25.9947359085083,25.178814539909364,26.80539433002472,1.405360731810053,24.210525512695312,27.94736671447754,26.099998664855956,25.610524554252624,26.647498869895937,10,f6_3881054e0ef82e7c
figure1_heter,sage,actor,8.0,8,$\mathsf{LPGNN}$,figure3_pipeline1,kprop,,213,32,0.0001,0.001,0.75,none,25.952630615234376,25.352498841285705,26.66355218887329,1.1259415869874374,24.473684310913086,28.105262756347656,26.147367095947267,25.747367663383486,26.589734978675843,10,f6_38bf93c86c232af1
figure1_heter,sage,actor,10.0,9,$\mathsf{LPGNN}$,figure3_pipeline1,kprop,,178,16,0.0001,0.01,0.25,none,26.026314544677735,25.463025317192077,26.631577315330507,1.0036101095047554,24.6842098236084,27.89473533630371,26.11578826904297,25.731446480751035,26.573682599067688,10,f6_562aae9d2ea5aafe
figure1_heter,sage,actor,0.001,0,$\mathsf{PrivGE}$,figure3_pipeline2,kprop,,226,64,0.01,0.01,0.25,none,26.221051025390626,25.673419427871703,26.815787701606748,0.9694626699827026,24.789472579956055,28.15789222717285,25.70526237487793,25.173288440704347,26.29486786365509,10,f6_af64f767a7922629
figure1_heter,sage,actor,0.01,1,$\mathsf{PrivGE}$,figure3_pipeline2,kprop,,190,32,0.01,0.01,0.25,none,25.989472007751466,25.389340438842773,26.695129876136782,1.0924621834141348,24.473684310913086,28.15789222717285,25.62631435394287,25.089340443611146,26.268551602363587,10,f6_126380848a2bac2b
figure1_heter,sage,actor,0.1,2,$\mathsf{PrivGE}$,figure3_pipeline2,kprop,,188,32,0.01,0.001,0.5,none,26.378946113586426,25.72078827857971,27.100130038261412,1.1541137856345138,25.210527420043945,28.26315689086914,25.64736728668213,25.215788455009463,26.19486636161804,10,f6_de9f6c4dc7a7b79d
figure1_heter,sage,actor,1.0,3,$\mathsf{PrivGE}$,figure3_pipeline2,kprop,,202,32,0.001,0.01,0.25,none,26.305262184143068,25.789341006278992,26.93697296619415,0.9605324593797208,25.052631378173828,28.105262756347656,26.110525703430177,25.447105069160465,26.737105112075806,10,f6_b529e93e7b9cca7e
figure1_heter,sage,actor,2.0,4,$\mathsf{PrivGE}$,figure3_pipeline2,kprop,,200,32,0.001,0.001,0.5,none,25.9842098236084,25.273683547973633,26.71644635677338,1.2022469854244822,23.6842098236084,27.89473533630371,26.1526309967041,25.599999041557314,26.747368054389952,10,f6_a86b4171378347f3
figure1_heter,sage,actor,3.0,5,$\mathsf{PrivGE}$,figure3_pipeline2,kprop,,211,32,0.0001,0.001,0.25,none,26.226314735412597,25.55249904155731,26.92644630432129,1.176629033211978,24.157894134521484,28.368419647216797,26.268419456481933,25.868156294822693,26.657892994880676,10,f6_7e27435d12d0c74a
figure1_heter,sage,actor,4.0,6,$\mathsf{PrivGE}$,figure3_pipeline2,kprop,,157,16,0.001,0,0.25,none,25.415788078308104,24.826182770729062,26.100524401664735,1.0847292843928422,23.842103958129883,27.736839294433594,26.47368335723877,26.0049995803833,26.99486766338348,10,f6_1c59e1c200bb45e0
figure1_heter,sage,actor,6.0,7,$\mathsf{PrivGE}$,figure3_pipeline2,kprop,,201,32,0.001,0.001,0.75,none,26.21052494049072,25.59986690044403,26.978945932388307,1.2769715897740181,24.94736671447754,29.210525512695312,26.16315689086914,25.610525498390196,26.77894650936127,10,f6_5530b925eb51db21
figure1_heter,sage,actor,8.0,8,$\mathsf{PrivGE}$,figure3_pipeline2,kprop,,159,16,0.001,0,0.75,none,25.999999046325684,25.547235517501832,26.568683929443356,0.9014202273497897,25.105262756347656,28.105262756347656,26.18947238922119,25.763156700134278,26.615919842720032,10,f6_a9d47c29a9e8ac4a
figure1_heter,sage,actor,10.0,9,$\mathsf{PrivGE}$,figure3_pipeline2,kprop,,252,64,0.0001,0.01,0.75,none,26.147367477416992,25.399999232292178,26.884603996276855,1.3043478105230797,24.63157844543457,28.21052360534668,26.05263023376465,25.636709246635437,26.526313977241514,10,f6_4af85a66d6641dfd
figure1_heter,sage,actor,0.001,0,$\mathsf{UPGNet\text{-}MBM}$,figure3_pipeline3,hoa,,1090,64,0.01,0,0.5,0.9,26.15789375305176,25.494604511260984,26.890130462646486,1.1968456102853597,24.6842098236084,28.15789222717285,25.63157787322998,25.126314344406126,26.142235174179074,10,f6_83ce571bea6d14ac
figure1_heter,sage,actor,0.01,1,$\mathsf{UPGNet\text{-}MBM}$,figure3_pipeline3,hoa,,1084,64,0.01,0,0.25,0.7,26.11578826904297,25.331445736885073,26.858288483619692,1.2974868854452337,24.052629470825195,28.105262756347656,25.715788269042967,25.215656509399412,26.28960359573364,10,f6_14b2b0994530bfa1
figure1_heter,sage,actor,0.1,2,$\mathsf{UPGNet\text{-}MBM}$,figure3_pipeline3,hoa,,1136,64,0.01,0.01,0.75,0.1,26.29999885559082,25.563024954795836,27.089471821784972,1.298967894077227,24.105262756347656,28.21052360534668,25.78420944213867,25.299867100715637,26.305262184143068,10,f6_ec190aee9ddfb6a7
figure1_heter,sage,actor,1.0,3,$\mathsf{UPGNet\text{-}MBM}$,figure3_pipeline3,hoa,,1130,64,0.01,0.01,0.25,0.9,25.884209442138673,25.226313967704773,26.57960475444794,1.168953568091139,23.94736671447754,28.526315689086914,26.19999828338623,25.66302436351776,26.789472007751463,10,f6_16917361fc41255c
figure1_heter,sage,actor,2.0,4,$\mathsf{UPGNet\text{-}MBM}$,figure3_pipeline3,hoa,,1125,64,0.01,0.001,0.75,0.9,25.90526237487793,25.30513060092926,26.52631530761719,1.0586964329329134,24.842103958129883,27.63157844543457,26.342104148864745,25.91052493095398,26.80539412498474,10,f6_fc5ac4d8c7153342
figure1_heter,sage,actor,3.0,5,$\mathsf{UPGNet\text{-}MBM}$,figure3_pipeline3,hoa,,1100,64,0.01,0.0001,0.25,0.9,26.07894649505615,25.578946681022646,26.652762198448183,0.9363391383433401,24.999998092651367,27.89473533630371,26.431578063964842,25.87868333816528,27.000393600463866,10,f6_09d7af573129b5be
figure1_heter,sage,actor,4.0,6,$\mathsf{UPGNet\text{-}MBM}$,figure3_pipeline3,hoa,,934,32,0.01,0.001,0.25,0.7,26.115788078308107,25.473287496566773,26.858156337738038,1.1934464619143736,24.52631378173828,28.15789222717285,26.136840438842775,25.605262155532834,26.67368184566498,10,f6_7eca0a1a08c7bf4e
figure1_heter,sage,actor,6.0,7,$\mathsf{UPGNet\text{-}MBM}$,figure3_pipeline3,hoa,,1020,32,0.001,0.01,0.75,0.9,26.099999046325685,25.59473571777344,26.621051406860353,0.8581977116959814,24.842103958129883,27.473682403564453,26.47368335723877,25.889341940879824,27.073682980537413,10,f6_9a150e1512441cc0
figure1_heter,sage,actor,8.0,8,$\mathsf{UPGNet\text{-}MBM}$,figure3_pipeline3,hoa,,1170,64,0.001,0.0001,0.75,0.9,25.931577491760255,25.105130400657654,26.816051602363586,1.3847540187117797,23.89473533630371,28.15789222717285,26.499999046325684,26.026183347702027,26.989604167938232,10,f6_d6a7ca048bed8860
figure1_heter,sage,actor,10.0,9,$\mathsf{UPGNet\text{-}MBM}$,figure3_pipeline3,hoa,,750,16,0.01,0.0001,0.75,0.9,26.152630233764647,25.57342019557953,26.852893385887146,1.066126552589093,25.105262756347656,28.421051025390625,26.373682975769043,25.936841197013855,26.847366714477538,10,f6_208dedc133e10552
figure1_heter,sage,actor,0.001,0,$\mathsf{UPGNet\text{-}PM}$,figure3_pipeline4,hoa,,1135,64,0.01,0.01,0.5,0.9,26.357893562316896,25.694603567123416,27.058025512695313,1.2240033897141749,24.6842098236084,28.31578826904297,25.678946876525877,25.110526075363158,26.247368240356444,10,f6_bfeeff82a5bce66e
figure1_heter,sage,actor,0.01,1,$\mathsf{UPGNet\text{-}PM}$,figure3_pipeline4,hoa,,1082,64,0.01,0,0.25,0.3,26.152630615234376,25.7736833524704,26.563156900405886,0.6850875205304348,25.421051025390625,27.3157901763916,25.789472389221192,25.13670906543732,26.557893185615537,10,f6_52189f4f10ad970e
figure1_heter,sage,actor,0.1,2,$\mathsf{UPGNet\text{-}PM}$,figure3_pipeline4,hoa,,948,32,0.01,0.01,0.25,0.5,25.963157081604002,25.326051959991453,26.63170983314514,1.1388789020182368,24.105262756347656,28.052631378173828,25.873683166503906,25.394603967666626,26.468552174568178,10,f6_3d3f5a89c87701bc
figure1_heter,sage,actor,1.0,3,$\mathsf{UPGNet\text{-}PM}$,figure3_pipeline4,hoa,,939,32,0.01,0.001,0.5,0.7,25.699999046325683,25.162893738746643,26.3264461183548,0.968589213235845,24.31578826904297,27.736839294433594,26.22105178833008,25.62105216026306,26.879077701568605,10,f6_3ac29bd535548fd6
figure1_heter,sage,actor,2.0,4,$\mathsf{UPGNet\text{-}PM}$,figure3_pipeline4,hoa,,920,32,0.01,0.0001,0.25,0.9,25.51052532196045,24.85249884605408,25.999999241828917,1.00201452367261,23.15789222717285,26.736841201782227,25.97368278503418,25.405130038261415,26.65276143550873,10,f6_807d53900b933fb7
figure1_heter,sage,actor,3.0,5,$\mathsf{UPGNet\text{-}PM}$,figure3_pipeline4,hoa,,910,32,0.01,0,0.5,0.9,25.6368408203125,25.06302456378937,26.25802571296692,1.0350732177894384,23.789472579956055,27.3157901763916,26.236841011047364,25.652498474121092,26.873683552742005,10,f6_9726d5672977e44d
figure1_heter,sage,actor,4.0,6,$\mathsf{UPGNet\text{-}PM}$,figure3_pipeline4,hoa,,945,32,0.01,0.001,0.75,0.9,26.068420219421387,25.40526255130768,26.82105121612549,1.1592362470937618,24.368419647216797,28.368419647216797,26.34736747741699,25.7315784406662,26.915788464546203,10,f6_1d417875efe27284
figure1_heter,sage,actor,6.0,7,$\mathsf{UPGNet\text{-}PM}$,figure3_pipeline4,hoa,,1100,64,0.01,0.0001,0.25,0.9,26.14210453033447,25.72105178833008,26.579078822135923,0.7594892756765165,25.052631378173828,27.3157901763916,26.22631492614746,25.684209628105165,26.8894725894928,10,f6_438edca921f1b083
figure1_heter,sage,actor,8.0,8,$\mathsf{UPGNet\text{-}PM}$,figure3_pipeline4,hoa,,1194,64,0.001,0.01,0.5,0.7,26.073683166503905,25.49460453033447,26.678946495056152,0.9952791222205231,24.63157844543457,28.21052360534668,26.515788269042968,25.799867272377014,27.242235918045044,10,f6_7d5dc08e06107c0b
figure1_heter,sage,actor,10.0,9,$\mathsf{UPGNet\text{-}PM}$,figure3_pipeline4,hoa,,1158,64,0.001,0.0001,0.25,0.5,26.30526180267334,25.794603948593142,26.83684063911438,0.9292617651575501,24.999998092651367,27.684207916259766,26.43157844543457,25.84210528373718,27.042236285209654,10,f6_e55993f125299524
figure1_heter,sage,flickr,0.001,0,$\mathsf{LPGNN}$,figure3_pipeline1,kprop,,8,0,0.01,0.001,0.5,none,21.25132064819336,20.13173234939575,22.286695694923402,1.8091077163471745,18.26821517944336,23.17845916748047,21.56811065673828,20.311510848999024,22.719113922119142,10,f6_09f8e9b6cc7c3d4f
figure1_heter,sage,flickr,0.01,1,$\mathsf{LPGNN}$,figure3_pipeline1,kprop,,2,0,0.01,0,0.5,none,20.52270393371582,19.55649528026581,21.283131413459778,1.491503821079558,16.948259353637695,21.911298751831055,21.209081649780273,20.02085569858551,22.29144706726074,10,f6_2beb0f45055a09c5
figure1_heter,sage,flickr,0.1,2,$\mathsf{LPGNN}$,figure3_pipeline1,kprop,,8,0,0.01,0.001,0.5,none,21.061246490478517,20.173970971107483,21.816394419670104,1.458195888389497,17.63463592529297,22.544878005981445,21.742345237731932,20.38978457927704,23.031283783912656,10,f6_8124f6132efb3a81
figure1_heter,sage,flickr,1.0,3,$\mathsf{LPGNN}$,figure3_pipeline1,kprop,,70,2,0.0001,0.01,0.25,none,43.44245147705078,41.47294235229492,45.079595203399656,3.046461827103883,38.22597885131836,47.201690673828125,43.727561950683594,42.19627799987793,45.38569374084472,10,f6_9f07646775b286f9
figure1_heter,sage,flickr,2.0,4,$\mathsf{LPGNN}$,figure3_pipeline1,kprop,,71,2,0.0001,0.01,0.5,none,49.21330604553223,48.08830527305603,50.18532296180725,1.812392236969367,45.987327575683594,51.636749267578125,50.23759422302246,48.933211889266964,51.45763133049011,10,f6_0bafa75bfd5b1845
figure1_heter,sage,flickr,3.0,5,$\mathsf{LPGNN}$,figure3_pipeline1,kprop,,70,2,0.0001,0.01,0.25,none,51.01900863647461,50.2587135219574,51.77943646430969,1.3052205404030846,48.52164840698242,53.1151008605957,51.90074119567871,50.77600480079651,53.088967885971066,10,f6_534527bfec66f082
figure1_heter,sage,flickr,4.0,6,$\mathsf{LPGNN}$,figure3_pipeline1,kprop,,68,2,0.0001,0.001,0.5,none,51.60506973266602,50.70749778747559,52.49221457481384,1.546790339890753,49.04962921142578,54.59345626831055,51.77930526733398,51.09279480934143,52.597679138183594,10,f6_de97da03d93410ad
figure1_heter,sage,flickr,6.0,7,$\mathsf{LPGNN}$,figure3_pipeline1,kprop,,68,2,0.0001,0.001,0.5,none,50.902852630615236,49.78867533683777,52.048839588165286,2.0260686051408476,48.152061462402344,54.80464553833008,52.006337356567386,50.71238248825073,53.33170777320861,10,f6_d9261684fc7ce996
figure1_heter,sage,flickr,8.0,8,$\mathsf{LPGNN}$,figure3_pipeline1,kprop,,71,2,0.0001,0.01,0.5,none,51.43611602783203,50.49617497444153,52.386749286651614,1.709737634689383,47.94086837768555,53.748680114746094,52.740233993530275,51.32972750663757,54.08725092887879,10,f6_62996c6036e40a9d
figure1_heter,sage,flickr,10.0,9,$\mathsf{LPGNN}$,figure3_pipeline1,kprop,,67,2,0.0001,0.001,0.25,none,51.74234619140625,49.94694024085999,53.268877820968626,2.87501767771249,46.040130615234375,55.59662628173828,52.824711608886716,50.912752866744995,54.4561790561676,10,f6_a593e50f41ac9f02
figure1_heter,sage,flickr,0.001,0,$\mathsf{PrivGE}$,figure3_pipeline2,kprop,,11,0,0.01,0.01,0.5,none,20.786695671081542,19.50871256351471,22.059399242401124,2.212222289048518,17.106653213500977,24.18162727355957,22.032736015319824,20.796991720199586,23.484821133613586,10,f6_b0f4850047a78e01
figure1_heter,sage,flickr,0.01,1,$\mathsf{PrivGE}$,figure3_pipeline2,kprop,,8,0,0.01,0.001,0.5,none,20.686379051208498,19.514124479293823,21.85335389137268,2.067136227601891,17.370643615722656,23.864837646484375,21.96409797668457,20.606784992218017,23.659187903404238,10,f6_9918a5ff62cb6fe6
figure1_heter,sage,flickr,0.1,2,$\mathsf{PrivGE}$,figure3_pipeline2,kprop,,11,0,0.01,0.01,0.5,none,20.43822650909424,19.313490290641784,21.784715662002565,2.0622834753599446,18.26821517944336,25.184795379638672,21.747625160217286,20.53841170787811,23.00963688850403,10,f6_e092fddba5d5ced2
figure1_heter,sage,flickr,1.0,3,$\mathsf{PrivGE}$,figure3_pipeline2,kprop,,70,2,0.0001,0.01,0.25,none,43.80676002502442,42.159321193695064,45.17436829566955,2.4740886556526984,38.753963470458984,47.676876068115234,44.266105270385744,42.285772304534916,45.87658615112304,10,f6_0c5dae5f26ed260f
figure1_heter,sage,flickr,2.0,4,$\mathsf{PrivGE}$,figure3_pipeline2,kprop,,70,2,0.0001,0.01,0.25,none,48.463571548461914,47.00633850097656,49.88397900581359,2.5095644493014437,45.14255905151367,51.74234390258789,49.255545425415036,48.189019765853885,50.3750026512146,10,f6_edbdde3ac212eb86
figure1_heter,sage,flickr,3.0,5,$\mathsf{PrivGE}$,figure3_pipeline2,kprop,,70,2,0.0001,0.01,0.25,none,50.274553298950195,48.92806473731994,51.64202806472779,2.369565324805164,46.040130615234375,53.5374870300293,51.520592880249026,50.38503225326538,52.70340842247009,10,f6_47b544fb2c4a5724
figure1_heter,sage,flickr,4.0,6,$\mathsf{PrivGE}$,figure3_pipeline2,kprop,,68,2,0.0001,0.001,0.5,none,49.64097290039062,48.52164915084838,50.565207672119136,1.7706117328695912,45.40654754638672,51.636749267578125,50.887013626098636,49.87328603744506,51.863783264160155,10,f6_3517cccf2e3027e3
figure1_heter,sage,flickr,6.0,7,$\mathsf{PrivGE}$,figure3_pipeline2,kprop,,71,2,0.0001,0.01,0.5,none,50.902853393554686,50.068508901596076,51.72650718688965,1.4298821714094705,48.891239166259766,53.48469161987305,51.69482765197754,51.00277481079101,52.45023960113526,10,f6_ff40326e6b9b1994
figure1_heter,sage,flickr,8.0,8,$\mathsf{PrivGE}$,figure3_pipeline2,kprop,,71,2,0.0001,0.01,0.5,none,50.7180591583252,49.519008989334104,51.95367164611816,2.2140619275825992,47.57128143310547,53.801483154296875,51.483634567260744,50.2269019985199,52.65588988304138,10,f6_c0985e1c87107205
figure1_heter,sage,flickr,10.0,9,$\mathsf{PrivGE}$,figure3_pipeline2,kprop,,71,2,0.0001,0.01,0.5,none,50.538544464111325,49.334611139297486,51.63688089370728,2.026274768745669,46.040130615234375,52.851112365722656,51.43083534240723,50.015708923339844,52.423442478179936,10,f6_09f7e83fc6cf2c07
figure1_heter,sage,flickr,0.001,0,$\mathsf{UPGNet\text{-}MBM}$,figure3_pipeline3,hoa,,73,0,0.001,0,0.75,0.5,18.658923721313478,17.93558692932129,19.319034395217894,1.161882548935292,17.159452438354492,20.11615562438965,19.720169639587404,18.975581541061402,20.454198083877564,10,f6_e0e3c2c5ff27cd8c
figure1_heter,sage,flickr,0.01,1,$\mathsf{UPGNet\text{-}MBM}$,figure3_pipeline3,hoa,,74,0,0.001,0,0.75,0.7,18.769800186157227,18.141368103027347,19.40364399433136,1.0926545039418916,17.106653213500977,20.644140243530273,19.67793140411377,18.827614393234253,20.406680111885073,10,f6_f8e4cea1b1235c5b
figure1_heter,sage,flickr,0.1,2,$\mathsf{UPGNet\text{-}MBM}$,figure3_pipeline3,hoa,,530,4,0.0001,0.01,0.25,0.9,38.537488555908205,36.43545567512512,40.5335285282135,3.715061231207103,30.306232452392578,43.18901824951172,38.870117568969725,36.50448950767517,41.0349807548523,10,f6_48f5083e995d3c3b
figure1_heter,sage,flickr,1.0,3,$\mathsf{UPGNet\text{-}MBM}$,figure3_pipeline3,hoa,,695,8,0.0001,0.001,0.25,0.9,54.33474349975586,53.73812292098999,55.153117771148686,1.2214700566560874,53.27349853515625,57.55016326904297,55.823655700683595,55.042108154296876,56.60573197364807,10,f6_a9c83a658b94d335
figure1_heter,sage,flickr,2.0,4,$\mathsf{UPGNet\text{-}MBM}$,figure3_pipeline3,hoa,,530,4,0.0001,0.01,0.25,0.9,54.05491180419922,53.64282074928284,54.50369644165039,0.7548493750312051,52.903907775878906,55.5438232421875,55.6177433013916,54.86259574890137,56.28841361999512,10,f6_dddc434899589f08
figure1_heter,sage,flickr,3.0,5,$\mathsf{UPGNet\text{-}MBM}$,figure3_pipeline3,hoa,,530,4,0.0001,0.01,0.25,0.9,54.413940811157225,53.9967006778717,54.899685297012326,0.8240599697533412,53.326297760009766,56.23020553588867,55.81837615966797,55.21634255409241,56.36747933387756,10,f6_2bae8d476608e3a4
figure1_heter,sage,flickr,4.0,6,$\mathsf{UPGNet\text{-}MBM}$,figure3_pipeline3,hoa,,530,4,0.0001,0.01,0.25,0.9,54.57233581542969,54.054648599624635,55.1849285030365,0.9697911138595046,53.27349853515625,56.705387115478516,55.897574234008786,55.348472595214844,56.4256889629364,10,f6_baa97df485ba0e33
figure1_heter,sage,flickr,6.0,7,$\mathsf{UPGNet\text{-}MBM}$,figure3_pipeline3,hoa,,650,8,0.001,0.01,0.25,0.9,55.908134078979494,54.72505569458008,57.03287047386169,2.0150313750350684,52.692718505859375,58.764522552490234,57.038016891479494,55.616818561553956,58.17859228134156,10,f6_8e67a75589b4e519
figure1_heter,sage,flickr,8.0,8,$\mathsf{UPGNet\text{-}MBM}$,figure3_pipeline3,hoa,,650,8,0.001,0.01,0.25,0.9,56.8426628112793,55.976242809295655,57.79329789161682,1.6068960349088734,54.435062408447266,59.18690490722656,58.057024765014646,56.93756790161133,59.10797539710999,10,f6_c27e3d50e5822155
figure1_heter,sage,flickr,10.0,9,$\mathsf{UPGNet\text{-}MBM}$,figure3_pipeline3,hoa,,650,8,0.001,0.01,0.25,0.9,57.57128067016602,56.493400964736935,58.74868316650391,1.8880193980073818,55.43822479248047,60.454071044921875,58.74868202209473,57.835139465332034,59.84200289726257,10,f6_12c1ed4bdcf961b8
figure1_heter,sage,flickr,0.001,0,$\mathsf{UPGNet\text{-}PM}$,figure3_pipeline4,hoa,,154,0,0.0001,0.001,0.25,0.7,23.07286205291748,21.67819438457489,24.456310267448426,2.4154227823273984,19.165786743164062,27.13833236694336,24.176347160339354,22.940734672546387,25.35401346206665,10,f6_815ff13049b4fc53
figure1_heter,sage,flickr,0.01,1,$\mathsf{UPGNet\text{-}PM}$,figure3_pipeline4,hoa,,530,4,0.0001,0.01,0.25,0.9,27.444562721252442,24.2818115234375,30.519272327423096,5.36651834091118,18.90179443359375,33.94931411743164,27.597677803039552,24.022572474479674,31.37394492149353,10,f6_f9722bcec97c4dfa
figure1_heter,sage,flickr,0.1,2,$\mathsf{UPGNet\text{-}PM}$,figure3_pipeline4,hoa,,710,8,0.0001,0.01,0.25,0.9,50.91341285705566,50.19007606506348,51.716342954635614,1.306644760432029,49.419219970703125,53.48469161987305,51.715946960449216,50.823389825820925,52.698260898590085,10,f6_2a767f0f75a24613
figure1_heter,sage,flickr,1.0,3,$\mathsf{UPGNet\text{-}PM}$,figure3_pipeline4,hoa,,650,8,0.001,0.01,0.25,0.9,53.19957962036133,52.06441534996033,54.530360803604125,2.1649744171387564,50.79197692871094,57.814151763916016,53.965153503417966,52.63991583824158,55.1322597694397,10,f6_457b3c6a36a3e348
figure1_heter,sage,flickr,2.0,4,$\mathsf{UPGNet\text{-}PM}$,figure3_pipeline4,hoa,,590,8,0.01,0.01,0.25,0.9,53.922916412353516,52.9039104270935,54.8204864692688,1.6326824048162973,50.84477615356445,55.491024017333984,55.02112236022949,54.302934627532956,55.74987067222595,10,f6_b58350cd4b09b8e5
figure1_heter,sage,flickr,3.0,5,$\mathsf{UPGNet\text{-}PM}$,figure3_pipeline4,hoa,,709,8,0.0001,0.01,0.25,0.7,54.06019287109375,53.55860824584961,54.794089517593385,1.1201462464383058,52.903907775878906,57.022178649902344,55.39598922729492,54.66723974227905,56.172389593124386,10,f6_a2bbab49d7052446
figure1_heter,sage,flickr,4.0,6,$\mathsf{UPGNet\text{-}PM}$,figure3_pipeline4,hoa,,815,16,0.001,0.001,0.25,0.9,56.58923072814942,55.43242030143738,57.68756751060486,1.9253167752055613,53.43189239501953,59.60929489135742,57.571280288696286,56.499474706649785,58.60625991821289,10,f6_88c732f54711bca4
figure1_heter,sage,flickr,6.0,7,$\mathsf{UPGNet\text{-}PM}$,figure3_pipeline4,hoa,,650,8,0.001,0.01,0.25,0.9,55.04751968383789,54.24485357284546,56.061511240005494,1.5215522857369734,53.5374870300293,58.500526428222656,55.96621208190918,55.337911977767945,56.4944591331482,10,f6_71427de93274627b
figure1_heter,sage,flickr,8.0,8,$\mathsf{UPGNet\text{-}PM}$,figure3_pipeline4,hoa,,650,8,0.001,0.01,0.25,0.9,55.137277603149414,54.49841804504395,55.98732987403869,1.2839269709508851,53.801483154296875,58.130943298339844,56.70538673400879,56.118533277511595,57.270328540802005,10,f6_33134ca04303a906
figure1_heter,sage,flickr,10.0,9,$\mathsf{UPGNet\text{-}PM}$,figure3_pipeline4,hoa,,650,8,0.001,0.01,0.25,0.9,55.35375137329102,54.61972272872924,56.18809700012207,1.2981186898965937,53.59028625488281,58.130943298339844,56.87962188720703,56.17740511894226,57.48152428627014,10,f6_51c099327a864d3a
figure1_heter,gat,actor,0.001,0,$\mathsf{LPGNN}$,figure3_pipeline1,kprop,,155,16,0.01,0.01,0.5,none,24.9368408203125,24.226051201820376,25.689604153633116,1.2633529575680837,22.999998092651367,26.94736671447754,25.37894630432129,24.7102623462677,26.011840734481808,10,f6_e0cbf71cca2b4dc6
figure1_heter,gat,actor,0.01,1,$\mathsf{LPGNN}$,figure3_pipeline1,kprop,,148,16,0.01,0.0001,0.25,none,25.768420219421387,24.899867463111875,26.815789227485656,1.5488758060245675,24.473684310913086,28.947368621826172,25.952630233764648,25.468419828414916,26.426446118354797,10,f6_278778e5698699a2
figure1_heter,gat,actor,0.1,2,$\mathsf{LPGNN}$,figure3_pipeline1,kprop,,149,16,0.01,0.0001,0.5,none,25.51052532196045,24.620788621902467,26.436841020584108,1.5933166207882208,22.63157844543457,28.31578826904297,25.28420944213867,24.626314916610717,25.87407791137695,10,f6_5f5341a6acb0ec1b
figure1_heter,gat,actor,1.0,3,$\mathsf{LPGNN}$,figure3_pipeline1,kprop,,154,16,0.01,0.01,0.25,none,25.394735908508302,24.547367281913758,26.0635516166687,1.3678023927849567,21.89473533630371,26.999998092651367,26.221051597595213,25.657761807441712,26.7789465045929,10,f6_e6faf0aa12707297
figure1_heter,gat,actor,2.0,4,$\mathsf{LPGNN}$,figure3_pipeline1,kprop,,149,16,0.01,0.0001,0.5,none,25.957893943786623,25.615788650512695,26.32131531238556,0.569999618501824,25.210527420043945,26.842105865478516,26.057894134521483,25.615656895637514,26.49999942779541,10,f6_fada8964bab07566
figure1_heter,gat,actor,3.0,5,$\mathsf{LPGNN}$,figure3_pipeline1,kprop,,154,16,0.01,0.01,0.25,none,25.947367668151855,25.447368040084836,26.547893972396853,0.974907983417998,25.052631378173828,27.842103958129883,26.22105140686035,25.69473590373993,26.80013041973114,10,f6_34f2d0c74dbd0548
figure1_heter,gat,actor,4.0,6,$\mathsf{LPGNN}$,figure3_pipeline1,kprop,,81,4,0.01,0.001,0.75,none,25.347367668151854,24.625788435935977,25.989472975730898,1.1876042175218928,22.789472579956055,26.63157844543457,26.021051597595214,25.473683161735536,26.589604926109317,10,f6_c2abed25532a4991
figure1_heter,gat,actor,6.0,7,$\mathsf{LPGNN}$,figure3_pipeline1,kprop,,167,16,0.001,0.01,0.5,none,25.368419647216797,24.715393528938293,26.1001300573349,1.2017223164827906,23.631576538085938,27.842103958129883,26.205261993408204,25.74723496437073,26.62631512641907,10,f6_fa5df09d53fee65f
figure1_heter,gat,actor,8.0,8,$\mathsf{LPGNN}$,figure3_pipeline1,kprop,,155,16,0.01,0.01,0.5,none,25.92105197906494,25.210525698661804,26.62644688129425,1.1863206256196959,23.94736671447754,28.26315689086914,26.057894134521483,25.620920019149782,26.55789433002472,10,f6_6e1b86c60b2b9f1f
figure1_heter,gat,actor,10.0,9,$\mathsf{LPGNN}$,figure3_pipeline1,kprop,,168,16,0.001,0.01,0.75,none,25.69999885559082,25.199999041557312,26.33157730579376,1.0175586161668344,24.6842098236084,28.21052360534668,25.76315689086914,25.147368035316468,26.415788464546203,10,f6_23fed29332934253
figure1_heter,gat,actor,0.001,0,$\mathsf{PrivGE}$,figure3_pipeline2,kprop,,220,64,0.01,0.0001,0.25,none,26.142103958129884,25.304998641014098,26.93697259426117,1.3947203913738233,24.052629470825195,28.26315689086914,25.573682975769042,25.126182780265808,26.105261998176573,10,f6_26fcc889b8527cdc
figure1_heter,gat,actor,0.01,1,$\mathsf{PrivGE}$,figure3_pipeline2,kprop,,148,16,0.01,0.0001,0.25,none,25.473683166503907,24.847368025779726,26.026313824653627,1.0319606842968938,23.89473533630371,26.842105865478516,25.236841011047364,24.015525488853456,26.14223572731018,10,f6_ddc3f18af101c100
figure1_heter,gat,actor,0.1,2,$\mathsf{PrivGE}$,figure3_pipeline2,kprop,,154,16,0.01,0.01,0.25,none,25.321051406860352,24.489341373443605,26.105261249542234,1.3895022454068886,22.57894515991211,27.263154983520508,25.978946495056153,25.341972575187683,26.58420925617218,10,f6_3509d41ddc9e84fd
figure1_heter,gat,actor,1.0,3,$\mathsf{PrivGE}$,figure3_pipeline2,kprop,,111,8,0.01,0,0.75,none,25.026314544677735,24.057893562316895,26.231577496528626,1.8247721034954623,22.999998092651367,29.105260848999023,25.873682975769043,25.45776198863983,26.31065689563751,10,f6_b91118b06454a6e7
figure1_heter,gat,actor,2.0,4,$\mathsf{PrivGE}$,figure3_pipeline2,kprop,,118,8,0.01,0.01,0.25,none,25.610525703430177,25.0946045255661,26.205393953323362,0.9815785904622748,24.052629470825195,27.473682403564453,26.152630233764647,25.625920186042787,26.763155941963195,10,f6_db4cb1d2fa5c293d
figure1_heter,gat,actor,3.0,5,$\mathsf{PrivGE}$,figure3_pipeline2,kprop,,156,16,0.01,0.01,0.75,none,26.02105140686035,25.594604139328005,26.415787897109986,0.7170265231896988,24.789472579956055,26.94736671447754,26.268420028686524,25.76841983318329,26.800262951850893,10,f6_124468a32407305b
figure1_heter,gat,actor,4.0,6,$\mathsf{PrivGE}$,figure3_pipeline2,kprop,,154,16,0.01,0.01,0.25,none,25.742104530334473,25.47368335723877,26.031578259468077,0.4664489782065281,25.052631378173828,26.6842098236084,26.178946113586427,25.610393557548523,26.652761626243592,10,f6_dc6db833b48bb8ca
figure1_heter,gat,actor,6.0,7,$\mathsf{PrivGE}$,figure3_pipeline2,kprop,,158,16,0.001,0,0.5,none,25.44736728668213,24.810525507926943,26.258156156539915,1.2683248168717571,24.26315689086914,28.21052360534668,26.06315689086914,25.705130429267886,26.463288464546203,10,f6_9b001583f45cb7bf
figure1_heter,gat,actor,8.0,8,$\mathsf{PrivGE}$,figure3_pipeline2,kprop,,178,16,0.0001,0.01,0.25,none,25.057893562316895,24.526314735412598,25.584340453147888,0.9063400323110007,23.526315689086914,26.26315689086914,25.694736099243165,25.263157453536987,26.110789046287536,10,f6_99c6346a2e5113c5
figure1_heter,gat,actor,10.0,9,$\mathsf{PrivGE}$,figure3_pipeline2,kprop,,117,8,0.01,0.001,0.75,none,25.4947359085083,24.75789412498474,26.22144634246826,1.2482552949414008,23.789472579956055,28.052631378173828,26.099999046325685,25.6157882642746,26.552631187438966,10,f6_63fcfa68fea268f4
figure1_heter,gat,actor,0.001,0,$\mathsf{UPGNet\text{-}MBM}$,figure3_pipeline3,hoa,,1114,64,0.01,0.001,0.25,0.7,24.936841201782226,24.06263020992279,25.82131495952606,1.5119919411212324,22.210525512695312,27.789474487304688,25.53157768249512,24.868156685829163,26.09499849319458,10,f6_e6e9d40192e500a8
figure1_heter,gat,actor,0.01,1,$\mathsf{UPGNet\text{-}MBM}$,figure3_pipeline3,hoa,,1120,64,0.01,0.001,0.5,0.9,25.178946685791015,24.373420205116272,25.994867873191836,1.4179522464452352,22.31578826904297,27.578947067260742,25.652630233764647,25.205130043029783,26.068418889045713,10,f6_b390b268472b603f
figure1_heter,gat,actor,0.1,2,$\mathsf{UPGNet\text{-}MBM}$,figure3_pipeline3,hoa,,1107,64,0.01,0.0001,0.75,0.3,25.5947359085083,24.98420981884003,26.2052614402771,1.0355480209085803,23.6842098236084,27.736839294433594,26.01578845977783,25.56841983795166,26.46315689086914,10,f6_28e7ad45d3443b11
figure1_heter,gat,actor,1.0,3,$\mathsf{UPGNet\text{-}MBM}$,figure3_pipeline3,hoa,,18,0,0.01,0.0001,0.25,0.5,23.894735717773436,23.357762174606325,24.331577687263486,0.8225056280597196,22.157894134521484,24.789472579956055,25.49473628997803,24.815262537002564,26.168552188873292,10,f6_5bce38540fa38e7b
figure1_heter,gat,actor,2.0,4,$\mathsf{UPGNet\text{-}MBM}$,figure3_pipeline3,hoa,,1123,64,0.01,0.001,0.75,0.5,25.673683166503906,25.268420023918154,26.068419651985167,0.6963829314394299,24.736841201782227,27.052629470825195,25.847366905212404,25.43144572734833,26.342366919517517,10,f6_389af38674253593
figure1_heter,gat,actor,3.0,5,$\mathsf{UPGNet\text{-}MBM}$,figure3_pipeline3,hoa,,1082,64,0.01,0,0.25,0.3,25.073682975769042,24.43144591808319,25.642367300987242,1.050934360134845,23.052629470825195,26.6842098236084,25.842103958129883,25.310130214691164,26.331577687263486,10,f6_07ca62cd558b70e4
figure1_heter,gat,actor,4.0,6,$\mathsf{UPGNet\text{-}MBM}$,figure3_pipeline3,hoa,,1114,64,0.01,0.001,0.25,0.7,25.552630615234374,24.973551592826844,26.047499437332153,0.9406028303150666,23.94736671447754,26.999998092651367,26.057893562316895,25.631445722579958,26.484209632873537,10,f6_38170a4f182bbe32
figure1_heter,gat,actor,6.0,7,$\mathsf{UPGNet\text{-}MBM}$,figure3_pipeline3,hoa,,1082,64,0.01,0,0.25,0.3,25.647367668151855,25.084209818840026,26.221446895599364,1.0397014205516506,23.89473533630371,27.63157844543457,25.88947277069092,25.30526255607605,26.47407808303833,10,f6_80d2ff17b8cf16d6
figure1_heter,gat,actor,8.0,8,$\mathsf{UPGNet\text{-}MBM}$,figure3_pipeline3,hoa,,1155,64,0.001,0,0.75,0.9,25.857894325256346,25.499999041557313,26.25276295661926,0.6772249229533731,24.89473533630371,26.842105865478516,25.90526237487793,25.373683729171752,26.35789394378662,10,f6_387c066b7f4b3e85
figure1_heter,gat,actor,10.0,9,$\mathsf{UPGNet\text{-}MBM}$,figure3_pipeline3,hoa,,1109,64,0.01,0.0001,0.75,0.7,25.831577682495116,25.16302474975586,26.564077935218812,1.1415110799117438,24.421051025390625,28.26315689086914,25.863156890869142,25.336709427833554,26.394866738319397,10,f6_e46cb0c4df046f5b
figure1_heter,gat,actor,0.001,0,$\mathsf{UPGNet\text{-}PM}$,figure3_pipeline4,hoa,,938,32,0.01,0.001,0.5,0.5,24.089472770690918,22.957894129753114,25.32118430137634,2.0128932315980657,21.368419647216797,27.3157901763916,25.17894592285156,24.34723533153534,26.03697183609009,10,f6_eba40d34896cbab6
figure1_heter,gat,actor,0.01,1,$\mathsf{UPGNet\text{-}PM}$,figure3_pipeline4,hoa,,930,32,0.01,0.0001,0.75,0.9,25.684209442138673,25.257893562316895,26.121051602363586,0.7364245110192237,24.789472579956055,26.6842098236084,26.03157730102539,25.594735703468324,26.536839699745176,10,f6_7da886af00aafb16
figure1_heter,gat,actor,0.1,2,$\mathsf{UPGNet\text{-}PM}$,figure3_pipeline4,hoa,,939,32,0.01,0.001,0.5,0.7,24.389472579956056,23.578551936149598,25.231709451675414,1.4495092583921194,22.105260848999023,27.368419647216797,25.80526180267334,24.989077653884888,26.56328827381134,10,f6_392e7b66c930834c
figure1_heter,gat,actor,1.0,3,$\mathsf{UPGNet\text{-}PM}$,figure3_pipeline4,hoa,,1082,64,0.01,0,0.25,0.3,24.72105178833008,24.120920028686523,25.415788655281066,1.086317740874202,23.105262756347656,27.210525512695312,25.91578788757324,25.51026158809662,26.44223533630371,10,f6_9945f555fcfd55c5
figure1_heter,gat,actor,2.0,4,$\mathsf{UPGNet\text{-}PM}$,figure3_pipeline4,hoa,,1132,64,0.01,0.01,0.5,0.3,25.047366905212403,24.531445541381835,25.610656318664553,0.9501093750918792,23.736841201782227,26.57894515991211,25.884209632873535,25.273683738708495,26.44223647594452,10,f6_2ee05778db201de9
figure1_heter,gat,actor,3.0,5,$\mathsf{UPGNet\text{-}PM}$,figure3_pipeline4,hoa,,1139,64,0.01,0.01,0.75,0.7,25.51052589416504,25.16828903198242,25.84210473060608,0.6193006086715409,24.473684310913086,26.421052932739258,25.90526180267334,25.447235708236697,26.394866905212403,10,f6_478020865ef6f709
figure1_heter,gat,actor,4.0,6,$\mathsf{UPGNet\text{-}PM}$,figure3_pipeline4,hoa,,1126,64,0.01,0.01,0.25,0.1,25.510525512695313,24.84736747264862,26.1789467048645,1.1120790394712796,24.105262756347656,27.3157901763916,26.036840629577636,25.468156313896177,26.66841983795166,10,f6_af415c7b7b0f15ed
figure1_heter,gat,actor,6.0,7,$\mathsf{UPGNet\text{-}PM}$,figure3_pipeline4,hoa,,1129,64,0.01,0.01,0.25,0.7,25.784209060668946,25.157761235237125,26.447498869895938,1.1201863909783822,24.31578826904297,28.105262756347656,26.078946113586426,25.641972560882568,26.542103776931764,10,f6_5877f9cf6bbefdcb
figure1_heter,gat,actor,8.0,8,$\mathsf{UPGNet\text{-}PM}$,figure3_pipeline4,hoa,,1129,64,0.01,0.01,0.25,0.7,25.72631492614746,25.27894667625427,26.2052623796463,0.7868574365432464,24.789472579956055,27.157894134521484,26.23157787322998,25.78420944213867,26.742104148864748,10,f6_240e58f0b29b7308
figure1_heter,gat,actor,10.0,9,$\mathsf{UPGNet\text{-}PM}$,figure3_pipeline4,hoa,,1129,64,0.01,0.01,0.25,0.7,25.331578254699707,24.810393548011778,25.884209833145142,0.8907899882950535,24.052629470825195,26.842105865478516,26.336841011047362,25.941972403526307,26.69486745357513,10,f6_a41a3648497fc080
figure1_heter,gat,flickr,0.001,0,$\mathsf{LPGNN}$,figure3_pipeline1,kprop,,16,0,0.001,0.0001,0.25,none,17.872228622436523,17.49736080169678,18.263068017959593,0.6567442307538556,16.578670501708984,18.848997116088867,19.091869735717772,18.447598643302918,19.751848411560058,10,f6_67b04aefb1ce9e94
figure1_heter,gat,flickr,0.01,1,$\mathsf{LPGNN}$,figure3_pipeline1,kprop,,14,0,0.001,0,0.5,none,16.092925834655762,15.205781841278077,16.95367087125778,1.495807680856099,13.09398078918457,19.060192108154297,16.86906099319458,16.108501319885253,17.602957441806794,10,f6_ed81457f3592830d
figure1_heter,gat,flickr,0.1,2,$\mathsf{LPGNN}$,figure3_pipeline1,kprop,,106,4,0.0001,0.01,0.25,none,35.04752025604248,32.732973570823674,37.46093140602112,3.9155330814035314,28.669483184814453,41.1298828125,35.200634765625,33.16776733398438,37.19654313087463,10,f6_9c35b7dfc6782ebe
figure1_heter,gat,flickr,1.0,3,$\mathsf{LPGNN}$,figure3_pipeline1,kprop,,91,4,0.001,0.001,0.25,none,42.682155990600585,41.837382879257206,43.43202401161194,1.3802268584514537,39.75712966918945,44.56177520751953,42.940867233276364,42.04329566001892,43.806891641616815,10,f6_92a410ea17f9b535
figure1_heter,gat,flickr,2.0,4,$\mathsf{LPGNN}$,figure3_pipeline1,kprop,,50,2,0.001,0,0.5,none,44.3083438873291,43.13041304588318,45.57035486221314,2.071626353213912,40.76029586791992,47.51847839355469,44.58289489746094,43.19905088424683,45.87698174476623,10,f6_a3c1f2f37f5bd153
figure1_heter,gat,flickr,3.0,5,$\mathsf{LPGNN}$,figure3_pipeline1,kprop,,58,2,0.001,0.01,0.25,none,45.274552536010745,43.7064430141449,46.76372873306274,2.6354824330597166,40.60190200805664,50.0,46.193243408203124,44.84120979309082,47.68756752967834,10,f6_2d07125082064415
figure1_heter,gat,flickr,4.0,6,$\mathsf{LPGNN}$,figure3_pipeline1,kprop,,58,2,0.001,0.01,0.25,none,45.88173408508301,44.19205626487732,47.51887819290161,2.866710435792839,40.33790969848633,50.42238998413086,46.97465858459473,45.390577697753905,48.36325379371643,10,f6_dc1bce3d58a7756f
figure1_heter,gat,flickr,6.0,7,$\mathsf{LPGNN}$,figure3_pipeline1,kprop,,61,2,0.0001,0,0.25,none,48.82787933349609,47.01650121688843,50.46489108085632,3.051846172267513,43.13622283935547,53.801483154296875,49.07603149414062,47.396121168136595,50.81349145889282,10,f6_d7ed4652662e3d4f
figure1_heter,gat,flickr,8.0,8,$\mathsf{LPGNN}$,figure3_pipeline1,kprop,,67,2,0.0001,0.001,0.25,none,48.19957962036133,46.73667064666748,49.498550424575804,2.4221394174911537,44.40338134765625,51.425559997558594,49.171068572998045,47.61325378417969,50.78154944419861,10,f6_ce0e22fc72f3b0ff
figure1_heter,gat,flickr,10.0,9,$\mathsf{LPGNN}$,figure3_pipeline1,kprop,,64,2,0.0001,0.0001,0.25,none,48.94403610229492,47.5236297416687,50.42265244483948,2.473832666753475,45.459346771240234,52.692718505859375,49.5089771270752,47.67661170959473,51.47874948501587,10,f6_419e316300ddfc55
figure1_heter,gat,flickr,0.001,0,$\mathsf{PrivGE}$,figure3_pipeline2,kprop,,19,0,0.001,0.001,0.25,none,18.880676364898683,17.718981544971466,20.08500542163849,2.0011107637177883,15.892292976379395,22.016897201538086,19.429779052734375,18.817318530082705,20.026531991958617,10,f6_a178d9822cdd7424
figure1_heter,gat,flickr,0.01,1,$\mathsf{PrivGE}$,figure3_pipeline2,kprop,,22,0,0.001,0.01,0.25,none,17.581837940216065,16.86285681962967,18.257788286209106,1.2228759251767891,15.522703170776367,19.27138328552246,18.69060230255127,17.96185378074646,19.609556975364686,10,f6_baeb156ec965fbb2
figure1_heter,gat,flickr,0.1,2,$\mathsf{PrivGE}$,figure3_pipeline2,kprop,,103,4,0.0001,0.001,0.25,none,30.871173095703124,28.5897580909729,32.98350145816803,3.7952851612347436,22.808870315551758,35.74445724487305,31.610349464416505,29.66209182262421,33.30015946865082,10,f6_619238fc2fc551c8
figure1_heter,gat,flickr,1.0,3,$\mathsf{PrivGE}$,figure3_pipeline2,kprop,,85,4,0.001,0,0.25,none,42.064414978027344,40.04171139717102,43.90205958366394,3.5454939146564577,36.00844955444336,45.987327575683594,42.0010570526123,39.98402976989746,43.875661468505854,10,f6_ef58af8f42a5fd22
figure1_heter,gat,flickr,2.0,4,$\mathsf{PrivGE}$,figure3_pipeline2,kprop,,61,2,0.0001,0,0.25,none,43.84371833801269,41.752113275527954,45.70802766799927,3.4742026611168337,37.90918731689453,48.891239166259766,44.59345474243164,42.95657538414002,46.23574601173401,10,f6_42ba4b74747b948d
figure1_heter,gat,flickr,3.0,5,$\mathsf{PrivGE}$,figure3_pipeline2,kprop,,64,2,0.0001,0.0001,0.25,none,45.38014869689941,44.07603072166443,46.85427710533142,2.39614187423302,42.925025939941406,50.580780029296875,46.13516464233398,44.65153235435486,47.693242673873904,10,f6_299d932e46473333
figure1_heter,gat,flickr,4.0,6,$\mathsf{PrivGE}$,figure3_pipeline2,kprop,,59,2,0.001,0.01,0.5,none,45.359030151367186,44.0488399028778,46.63688166618347,2.2947471201633403,41.657867431640625,48.46885299682617,45.80253562927246,44.72544975280762,46.84860270500183,10,f6_e5d5c30e3f59a117
figure1_heter,gat,flickr,6.0,7,$\mathsf{PrivGE}$,figure3_pipeline2,kprop,,61,2,0.0001,0,0.25,none,46.44139556884765,45.31613154411316,47.481654739379884,1.850236494770363,44.29778289794922,49.894405364990234,47.04857482910156,45.596357336044306,48.56428260803223,10,f6_c940913ff7a3ac6a
figure1_heter,gat,flickr,8.0,8,$\mathsf{PrivGE}$,figure3_pipeline2,kprop,,61,2,0.0001,0,0.25,none,46.810983657836914,45.39057655334473,48.38450585365295,2.6056919657428703,43.400211334228516,50.95037078857422,47.645196533203126,46.4358505153656,48.74881437301636,10,f6_40bd7e28d57fd05c
figure1_heter,gat,flickr,10.0,9,$\mathsf{PrivGE}$,figure3_pipeline2,kprop,,67,2,0.0001,0.001,0.25,none,47.998945236206055,46.631337347030644,49.50382956504822,2.350226664889175,43.875396728515625,51.68954849243164,48.65892448425293,47.18572003364563,50.19152725219726,10,f6_36891a3960137fb9
figure1_heter,gat,flickr,0.001,0,$\mathsf{UPGNet\text{-}MBM}$,figure3_pipeline3,hoa,,106,0,0.001,0.01,0.25,0.1,18.426611328125,17.629225153923034,19.2451171875,1.3275619736525994,16.578670501708984,20.749736785888672,19.16050796508789,18.400080103874206,19.926215558052064,10,f6_44500a480ea56382
figure1_heter,gat,flickr,0.01,1,$\mathsf{UPGNet\text{-}MBM}$,figure3_pipeline3,hoa,,1055,32,0.0001,0.001,0.25,0.9,27.02217617034912,22.929910650253294,30.628432292938232,6.458000529293355,13.146780014038086,37.01161575317383,26.995777130126953,23.157208042144774,30.6021661901474,10,f6_8d6e84ba6f98b97b
figure1_heter,gat,flickr,0.1,2,$\mathsf{UPGNet\text{-}MBM}$,figure3_pipeline3,hoa,,650,8,0.001,0.01,0.25,0.9,43.991553115844724,42.86655309677124,45.02653272628785,1.8935227769208849,40.81309509277344,46.620906829833984,44.75712852478027,43.49524878501892,45.755413074493404,10,f6_f315a97ded398cac
figure1_heter,gat,flickr,1.0,3,$\mathsf{UPGNet\text{-}MBM}$,figure3_pipeline3,hoa,,655,8,0.001,0.01,0.5,0.9,49.06019134521485,47.497096614837645,50.723602294921875,2.7597807550440665,45.08975601196289,53.27349853515625,49.97888259887695,48.46858597755432,51.39440500259399,10,f6_824c21d50e5a55c7
figure1_heter,gat,flickr,2.0,4,$\mathsf{UPGNet\text{-}MBM}$,figure3_pipeline3,hoa,,590,8,0.01,0.01,0.25,0.9,48.86483726501465,47.18479457855224,50.56533928871155,2.8643589485542735,43.5586051940918,53.5374870300293,49.42450065612793,47.956443777084345,50.94020770072937,10,f6_283e60e857068ef3
figure1_heter,gat,flickr,3.0,5,$\mathsf{UPGNet\text{-}MBM}$,figure3_pipeline3,hoa,,410,4,0.01,0.01,0.25,0.9,48.45301055908203,46.890180587768555,50.06375504493713,2.702536433528922,44.825767517089844,52.903907775878906,49.107709884643555,47.62896154403687,50.543955640792845,10,f6_cf3dafe5341872b0
figure1_heter,gat,flickr,4.0,6,$\mathsf{UPGNet\text{-}MBM}$,figure3_pipeline3,hoa,,529,4,0.0001,0.01,0.25,0.7,48.225978469848634,46.4775622844696,50.06943209648132,2.9717727874273243,44.56177520751953,53.27349853515625,49.38754158020019,47.97782667160034,50.90879367828369,10,f6_47aced2786c69311
figure1_heter,gat,flickr,6.0,7,$\mathsf{UPGNet\text{-}MBM}$,figure3_pipeline3,hoa,,499,4,0.0001,0.0001,0.25,0.7,47.9567066192627,45.892028408050535,50.05887112617492,3.579835696443205,42.925025939941406,54.27666473388672,49.22914695739746,47.21647484779358,51.146518001556394,10,f6_07a07aa3ac610c85
figure1_heter,gat,flickr,8.0,8,$\mathsf{UPGNet\text{-}MBM}$,figure3_pipeline3,hoa,,470,4,0.001,0.01,0.25,0.9,47.69271469116211,45.77072372436523,49.96317442893982,3.69026698487843,42.50263977050781,53.379093170166016,48.69060363769531,46.76320188522339,50.819299716949466,10,f6_cb7b9da297a50c61
figure1_heter,gat,flickr,10.0,9,$\mathsf{UPGNet\text{-}MBM}$,figure3_pipeline3,hoa,,469,4,0.001,0.01,0.25,0.7,47.68215560913086,46.2247898387909,49.21343881607056,2.54766096518433,44.03379440307617,52.63991928100586,48.30517654418945,47.03220973968506,49.66235847473144,10,f6_4deb715f26223972
figure1_heter,gat,flickr,0.001,0,$\mathsf{UPGNet\text{-}PM}$,figure3_pipeline4,hoa,,108,0,0.001,0.01,0.25,0.5,18.447730445861815,17.776795935630798,19.17119942188263,1.2132638842727355,16.78986358642578,20.85533332824707,19.076029968261718,18.241288723945615,19.894403648376464,10,f6_ba75e218a2cde750
figure1_heter,gat,flickr,0.01,1,$\mathsf{UPGNet\text{-}PM}$,figure3_pipeline4,hoa,,830,16,0.001,0.01,0.25,0.9,37.808871841430665,35.84424664497375,39.75778964042664,3.4773437203312048,32.893348693847656,43.61140823364258,38.157340621948244,36.37764165878296,40.05860752105713,10,f6_852eb3b89c7b7cb1
figure1_heter,gat,flickr,0.1,2,$\mathsf{UPGNet\text{-}PM}$,figure3_pipeline4,hoa,,650,8,0.001,0.01,0.25,0.9,48.51108856201172,47.3441146659851,49.69904978752136,1.9696902187987895,45.459346771240234,51.58395004272461,49.36642150878906,48.29936717033386,50.51808472633362,10,f6_597cd21439f18ae1
figure1_heter,gat,flickr,1.0,3,$\mathsf{UPGNet\text{-}PM}$,figure3_pipeline4,hoa,,430,4,0.001,0,0.5,0.9,51.019009017944335,49.62500150680542,52.54501228332519,2.4457587647164134,47.835269927978516,55.86061477661133,51.694828033447266,50.78128507614136,52.62421076774597,10,f6_10c47974686f8f07
figure1_heter,gat,flickr,2.0,4,$\mathsf{UPGNet\text{-}PM}$,figure3_pipeline4,hoa,,395,4,0.01,0.001,0.25,0.9,49.118269729614255,47.754885063171386,50.55015951156616,2.4340784464999716,45.40654754638672,53.5374870300293,49.88912506103516,48.84873428344727,51.04553986549377,10,f6_1822edc06e2d052f
figure1_heter,gat,flickr,3.0,5,$\mathsf{UPGNet\text{-}PM}$,figure3_pipeline4,hoa,,410,4,0.01,0.01,0.25,0.9,51.29356155395508,50.28498116493225,52.22848780632019,1.6527086037869574,48.62724685668945,53.167903900146484,52.170012664794925,51.14031332969666,53.31600070953369,10,f6_e9288dcf671731aa
figure1_heter,gat,flickr,4.0,6,$\mathsf{UPGNet\text{-}PM}$,figure3_pipeline4,hoa,,410,4,0.01,0.01,0.25,0.9,50.56494369506836,48.996833419799806,52.15945283889771,2.708261617036513,46.77930450439453,54.11827087402344,51.59979095458984,50.211062650680546,52.99921074867249,10,f6_7ef5ff03b51b5e35
figure1_heter,gat,flickr,6.0,7,$\mathsf{UPGNet\text{-}PM}$,figure3_pipeline4,hoa,,483,4,0.0001,0,0.25,0.5,48.1943000793457,46.59939536094665,49.76267357826233,2.846520120502147,44.03379440307617,52.587120056152344,48.94931564331055,47.45485951423645,50.48099482536316,10,f6_23d6489a08354464
figure1_heter,gat,flickr,8.0,8,$\mathsf{UPGNet\text{-}PM}$,figure3_pipeline4,hoa,,575,8,0.01,0.001,0.25,0.9,49.11298942565918,46.82141036987305,51.24089429855347,3.6624428979831283,42.291446685791016,54.2238655090332,50.02640075683594,48.00910908699036,52.08038637161255,10,f6_baa65240e6c96312
figure1_heter,gat,flickr,10.0,9,$\mathsf{UPGNet\text{-}PM}$,figure3_pipeline4,hoa,,483,4,0.0001,0,0.25,0.5,48.53748779296875,46.657075843811036,50.39691168785095,3.042213936920893,43.241817474365234,53.379093170166016,49.60401382446289,47.98759344100952,51.33104630470276,10,f6_1b0075f5920bb9b5
featfree_heter_hoa_random_projected,gcn,actor,0.001,0,$\mathsf{FeatFree}$,featfree,hoa,932,119,8,0.01,0.01,0.5,none,25.6473669052124,24.994603939056397,26.368551039695742,1.2393094102844553,23.842103958129883,27.842103958129883,25.663157081604005,25.094736466407774,26.226709666252134,10,f6_70c4d9c2e28ceeb4
featfree_heter_hoa_random_projected,gcn,actor,0.01,1,$\mathsf{FeatFree}$,featfree,hoa,932,119,8,0.01,0.01,0.5,none,25.6473669052124,24.994603939056397,26.368551039695742,1.2393094102844553,23.842103958129883,27.842103958129883,25.663157081604005,25.094736466407774,26.226709666252134,10,f6_70c4d9c2e28ceeb4
featfree_heter_hoa_random_projected,gcn,actor,0.1,2,$\mathsf{FeatFree}$,featfree,hoa,932,119,8,0.01,0.01,0.5,none,25.6473669052124,24.994603939056397,26.368551039695742,1.2393094102844553,23.842103958129883,27.842103958129883,25.663157081604005,25.094736466407774,26.226709666252134,10,f6_70c4d9c2e28ceeb4
featfree_heter_hoa_random_projected,gcn,actor,1.0,3,$\mathsf{FeatFree}$,featfree,hoa,932,119,8,0.01,0.01,0.5,none,25.6473669052124,24.994603939056397,26.368551039695742,1.2393094102844553,23.842103958129883,27.842103958129883,25.663157081604005,25.094736466407774,26.226709666252134,10,f6_70c4d9c2e28ceeb4
featfree_heter_hoa_random_projected,gcn,actor,2.0,4,$\mathsf{FeatFree}$,featfree,hoa,932,119,8,0.01,0.01,0.5,none,25.6473669052124,24.994603939056397,26.368551039695742,1.2393094102844553,23.842103958129883,27.842103958129883,25.663157081604005,25.094736466407774,26.226709666252134,10,f6_70c4d9c2e28ceeb4
featfree_heter_hoa_random_projected,gcn,actor,3.0,5,$\mathsf{FeatFree}$,featfree,hoa,932,119,8,0.01,0.01,0.5,none,25.6473669052124,24.994603939056397,26.368551039695742,1.2393094102844553,23.842103958129883,27.842103958129883,25.663157081604005,25.094736466407774,26.226709666252134,10,f6_70c4d9c2e28ceeb4
featfree_heter_hoa_random_projected,gcn,actor,4.0,6,$\mathsf{FeatFree}$,featfree,hoa,932,119,8,0.01,0.01,0.5,none,25.6473669052124,24.994603939056397,26.368551039695742,1.2393094102844553,23.842103958129883,27.842103958129883,25.663157081604005,25.094736466407774,26.226709666252134,10,f6_70c4d9c2e28ceeb4
featfree_heter_hoa_random_projected,gcn,actor,6.0,7,$\mathsf{FeatFree}$,featfree,hoa,932,119,8,0.01,0.01,0.5,none,25.6473669052124,24.994603939056397,26.368551039695742,1.2393094102844553,23.842103958129883,27.842103958129883,25.663157081604005,25.094736466407774,26.226709666252134,10,f6_70c4d9c2e28ceeb4
featfree_heter_hoa_random_projected,gcn,actor,8.0,8,$\mathsf{FeatFree}$,featfree,hoa,932,119,8,0.01,0.01,0.5,none,25.6473669052124,24.994603939056397,26.368551039695742,1.2393094102844553,23.842103958129883,27.842103958129883,25.663157081604005,25.094736466407774,26.226709666252134,10,f6_70c4d9c2e28ceeb4
featfree_heter_hoa_random_projected,gcn,actor,10.0,9,$\mathsf{FeatFree}$,featfree,hoa,932,119,8,0.01,0.01,0.5,none,25.6473669052124,24.994603939056397,26.368551039695742,1.2393094102844553,23.842103958129883,27.842103958129883,25.663157081604005,25.094736466407774,26.226709666252134,10,f6_70c4d9c2e28ceeb4
featfree_heter_hoa_random_projected,gcn,flickr,0.001,0,$\mathsf{FeatFree}$,featfree,hoa,12047,40,2,0.01,0.0001,0.25,none,55.01056098937988,54.32418362617493,55.670805349349976,1.2224841459055367,53.69588088989258,57.49736404418945,55.52270584106445,54.75171929359436,56.240762329101564,10,f6_344d13f642a5c0aa
featfree_heter_hoa_random_projected,gcn,flickr,0.01,1,$\mathsf{FeatFree}$,featfree,hoa,12047,40,2,0.01,0.0001,0.25,none,55.01056098937988,54.32418362617493,55.670805349349976,1.2224841459055367,53.69588088989258,57.49736404418945,55.52270584106445,54.75171929359436,56.240762329101564,10,f6_344d13f642a5c0aa
featfree_heter_hoa_random_projected,gcn,flickr,0.1,2,$\mathsf{FeatFree}$,featfree,hoa,12047,40,2,0.01,0.0001,0.25,none,55.01056098937988,54.32418362617493,55.670805349349976,1.2224841459055367,53.69588088989258,57.49736404418945,55.52270584106445,54.75171929359436,56.240762329101564,10,f6_344d13f642a5c0aa
featfree_heter_hoa_random_projected,gcn,flickr,1.0,3,$\mathsf{FeatFree}$,featfree,hoa,12047,40,2,0.01,0.0001,0.25,none,55.01056098937988,54.32418362617493,55.670805349349976,1.2224841459055367,53.69588088989258,57.49736404418945,55.52270584106445,54.75171929359436,56.240762329101564,10,f6_344d13f642a5c0aa
featfree_heter_hoa_random_projected,gcn,flickr,2.0,4,$\mathsf{FeatFree}$,featfree,hoa,12047,40,2,0.01,0.0001,0.25,none,55.01056098937988,54.32418362617493,55.670805349349976,1.2224841459055367,53.69588088989258,57.49736404418945,55.52270584106445,54.75171929359436,56.240762329101564,10,f6_344d13f642a5c0aa
featfree_heter_hoa_random_projected,gcn,flickr,3.0,5,$\mathsf{FeatFree}$,featfree,hoa,12047,40,2,0.01,0.0001,0.25,none,55.01056098937988,54.32418362617493,55.670805349349976,1.2224841459055367,53.69588088989258,57.49736404418945,55.52270584106445,54.75171929359436,56.240762329101564,10,f6_344d13f642a5c0aa
featfree_heter_hoa_random_projected,gcn,flickr,4.0,6,$\mathsf{FeatFree}$,featfree,hoa,12047,40,2,0.01,0.0001,0.25,none,55.01056098937988,54.32418362617493,55.670805349349976,1.2224841459055367,53.69588088989258,57.49736404418945,55.52270584106445,54.75171929359436,56.240762329101564,10,f6_344d13f642a5c0aa
featfree_heter_hoa_random_projected,gcn,flickr,6.0,7,$\mathsf{FeatFree}$,featfree,hoa,12047,40,2,0.01,0.0001,0.25,none,55.01056098937988,54.32418362617493,55.670805349349976,1.2224841459055367,53.69588088989258,57.49736404418945,55.52270584106445,54.75171929359436,56.240762329101564,10,f6_344d13f642a5c0aa
featfree_heter_hoa_random_projected,gcn,flickr,8.0,8,$\mathsf{FeatFree}$,featfree,hoa,12047,40,2,0.01,0.0001,0.25,none,55.01056098937988,54.32418362617493,55.670805349349976,1.2224841459055367,53.69588088989258,57.49736404418945,55.52270584106445,54.75171929359436,56.240762329101564,10,f6_344d13f642a5c0aa
featfree_heter_hoa_random_projected,gcn,flickr,10.0,9,$\mathsf{FeatFree}$,featfree,hoa,12047,40,2,0.01,0.0001,0.25,none,55.01056098937988,54.32418362617493,55.670805349349976,1.2224841459055367,53.69588088989258,57.49736404418945,55.52270584106445,54.75171929359436,56.240762329101564,10,f6_344d13f642a5c0aa
featfree_heter_hoa_random_projected,sage,actor,0.001,0,$\mathsf{FeatFree}$,featfree,hoa,932,223,64,0.01,0.001,0.25,none,26.210525512695312,25.55263060569763,26.815920224189757,1.1098486753506565,24.52631378173828,27.684207916259766,26.289472579956055,25.641972579956054,26.910657086372375,10,f6_09b56b10223d0d19
featfree_heter_hoa_random_projected,sage,actor,0.01,1,$\mathsf{FeatFree}$,featfree,hoa,932,223,64,0.01,0.001,0.25,none,26.210525512695312,25.55263060569763,26.815920224189757,1.1098486753506565,24.52631378173828,27.684207916259766,26.289472579956055,25.641972579956054,26.910657086372375,10,f6_09b56b10223d0d19
featfree_heter_hoa_random_projected,sage,actor,0.1,2,$\mathsf{FeatFree}$,featfree,hoa,932,223,64,0.01,0.001,0.25,none,26.210525512695312,25.55263060569763,26.815920224189757,1.1098486753506565,24.52631378173828,27.684207916259766,26.289472579956055,25.641972579956054,26.910657086372375,10,f6_09b56b10223d0d19
featfree_heter_hoa_random_projected,sage,actor,1.0,3,$\mathsf{FeatFree}$,featfree,hoa,932,223,64,0.01,0.001,0.25,none,26.210525512695312,25.55263060569763,26.815920224189757,1.1098486753506565,24.52631378173828,27.684207916259766,26.289472579956055,25.641972579956054,26.910657086372375,10,f6_09b56b10223d0d19
featfree_heter_hoa_random_projected,sage,actor,2.0,4,$\mathsf{FeatFree}$,featfree,hoa,932,223,64,0.01,0.001,0.25,none,26.210525512695312,25.55263060569763,26.815920224189757,1.1098486753506565,24.52631378173828,27.684207916259766,26.289472579956055,25.641972579956054,26.910657086372375,10,f6_09b56b10223d0d19
featfree_heter_hoa_random_projected,sage,actor,3.0,5,$\mathsf{FeatFree}$,featfree,hoa,932,223,64,0.01,0.001,0.25,none,26.210525512695312,25.55263060569763,26.815920224189757,1.1098486753506565,24.52631378173828,27.684207916259766,26.289472579956055,25.641972579956054,26.910657086372375,10,f6_09b56b10223d0d19
featfree_heter_hoa_random_projected,sage,actor,4.0,6,$\mathsf{FeatFree}$,featfree,hoa,932,223,64,0.01,0.001,0.25,none,26.210525512695312,25.55263060569763,26.815920224189757,1.1098486753506565,24.52631378173828,27.684207916259766,26.289472579956055,25.641972579956054,26.910657086372375,10,f6_09b56b10223d0d19
featfree_heter_hoa_random_projected,sage,actor,6.0,7,$\mathsf{FeatFree}$,featfree,hoa,932,223,64,0.01,0.001,0.25,none,26.210525512695312,25.55263060569763,26.815920224189757,1.1098486753506565,24.52631378173828,27.684207916259766,26.289472579956055,25.641972579956054,26.910657086372375,10,f6_09b56b10223d0d19
featfree_heter_hoa_random_projected,sage,actor,8.0,8,$\mathsf{FeatFree}$,featfree,hoa,932,223,64,0.01,0.001,0.25,none,26.210525512695312,25.55263060569763,26.815920224189757,1.1098486753506565,24.52631378173828,27.684207916259766,26.289472579956055,25.641972579956054,26.910657086372375,10,f6_09b56b10223d0d19
featfree_heter_hoa_random_projected,sage,actor,10.0,9,$\mathsf{FeatFree}$,featfree,hoa,932,223,64,0.01,0.001,0.25,none,26.210525512695312,25.55263060569763,26.815920224189757,1.1098486753506565,24.52631378173828,27.684207916259766,26.289472579956055,25.641972579956054,26.910657086372375,10,f6_09b56b10223d0d19
featfree_heter_hoa_random_projected,sage,flickr,0.001,0,$\mathsf{FeatFree}$,featfree,hoa,12047,124,8,0.001,0.0001,0.25,none,57.79303245544433,56.958686847686764,58.796726303100584,1.4800693228327941,55.913414001464844,60.98204803466797,58.85955810546875,58.357843008041385,59.40364492416382,10,f6_0192fad28bebe191
featfree_heter_hoa_random_projected,sage,flickr,0.01,1,$\mathsf{FeatFree}$,featfree,hoa,12047,124,8,0.001,0.0001,0.25,none,57.79303245544433,56.958686847686764,58.796726303100584,1.4800693228327941,55.913414001464844,60.98204803466797,58.85955810546875,58.357843008041385,59.40364492416382,10,f6_0192fad28bebe191
featfree_heter_hoa_random_projected,sage,flickr,0.1,2,$\mathsf{FeatFree}$,featfree,hoa,12047,124,8,0.001,0.0001,0.25,none,57.79303245544433,56.958686847686764,58.796726303100584,1.4800693228327941,55.913414001464844,60.98204803466797,58.85955810546875,58.357843008041385,59.40364492416382,10,f6_0192fad28bebe191
featfree_heter_hoa_random_projected,sage,flickr,1.0,3,$\mathsf{FeatFree}$,featfree,hoa,12047,124,8,0.001,0.0001,0.25,none,57.79303245544433,56.958686847686764,58.796726303100584,1.4800693228327941,55.913414001464844,60.98204803466797,58.85955810546875,58.357843008041385,59.40364492416382,10,f6_0192fad28bebe191
featfree_heter_hoa_random_projected,sage,flickr,2.0,4,$\mathsf{FeatFree}$,featfree,hoa,12047,124,8,0.001,0.0001,0.25,none,57.79303245544433,56.958686847686764,58.796726303100584,1.4800693228327941,55.913414001464844,60.98204803466797,58.85955810546875,58.357843008041385,59.40364492416382,10,f6_0192fad28bebe191
featfree_heter_hoa_random_projected,sage,flickr,3.0,5,$\mathsf{FeatFree}$,featfree,hoa,12047,124,8,0.001,0.0001,0.25,none,57.79303245544433,56.958686847686764,58.796726303100584,1.4800693228327941,55.913414001464844,60.98204803466797,58.85955810546875,58.357843008041385,59.40364492416382,10,f6_0192fad28bebe191
featfree_heter_hoa_random_projected,sage,flickr,4.0,6,$\mathsf{FeatFree}$,featfree,hoa,12047,124,8,0.001,0.0001,0.25,none,57.79303245544433,56.958686847686764,58.796726303100584,1.4800693228327941,55.913414001464844,60.98204803466797,58.85955810546875,58.357843008041385,59.40364492416382,10,f6_0192fad28bebe191
featfree_heter_hoa_random_projected,sage,flickr,6.0,7,$\mathsf{FeatFree}$,featfree,hoa,12047,124,8,0.001,0.0001,0.25,none,57.79303245544433,56.958686847686764,58.796726303100584,1.4800693228327941,55.913414001464844,60.98204803466797,58.85955810546875,58.357843008041385,59.40364492416382,10,f6_0192fad28bebe191
featfree_heter_hoa_random_projected,sage,flickr,8.0,8,$\mathsf{FeatFree}$,featfree,hoa,12047,124,8,0.001,0.0001,0.25,none,57.79303245544433,56.958686847686764,58.796726303100584,1.4800693228327941,55.913414001464844,60.98204803466797,58.85955810546875,58.357843008041385,59.40364492416382,10,f6_0192fad28bebe191
featfree_heter_hoa_random_projected,sage,flickr,10.0,9,$\mathsf{FeatFree}$,featfree,hoa,12047,124,8,0.001,0.0001,0.25,none,57.79303245544433,56.958686847686764,58.796726303100584,1.4800693228327941,55.913414001464844,60.98204803466797,58.85955810546875,58.357843008041385,59.40364492416382,10,f6_0192fad28bebe191
featfree_heter_hoa_random_projected,gat,actor,0.001,0,$\mathsf{FeatFree}$,featfree,hoa,932,224,64,0.01,0.001,0.5,none,26.07894630432129,25.536446266174316,26.657893948554992,0.9768798291517669,24.736841201782227,27.789474487304688,25.9473669052124,25.415656304359434,26.447498478889464,10,f6_435064d7b0eaec51
featfree_heter_hoa_random_projected,gat,actor,0.01,1,$\mathsf{FeatFree}$,featfree,hoa,932,224,64,0.01,0.001,0.5,none,26.07894630432129,25.536446266174316,26.657893948554992,0.9768798291517669,24.736841201782227,27.789474487304688,25.9473669052124,25.415656304359434,26.447498478889464,10,f6_435064d7b0eaec51
featfree_heter_hoa_random_projected,gat,actor,0.1,2,$\mathsf{FeatFree}$,featfree,hoa,932,224,64,0.01,0.001,0.5,none,26.07894630432129,25.536446266174316,26.657893948554992,0.9768798291517669,24.736841201782227,27.789474487304688,25.9473669052124,25.415656304359434,26.447498478889464,10,f6_435064d7b0eaec51
featfree_heter_hoa_random_projected,gat,actor,1.0,3,$\mathsf{FeatFree}$,featfree,hoa,932,224,64,0.01,0.001,0.5,none,26.07894630432129,25.536446266174316,26.657893948554992,0.9768798291517669,24.736841201782227,27.789474487304688,25.9473669052124,25.415656304359434,26.447498478889464,10,f6_435064d7b0eaec51
featfree_heter_hoa_random_projected,gat,actor,2.0,4,$\mathsf{FeatFree}$,featfree,hoa,932,224,64,0.01,0.001,0.5,none,26.07894630432129,25.536446266174316,26.657893948554992,0.9768798291517669,24.736841201782227,27.789474487304688,25.9473669052124,25.415656304359434,26.447498478889464,10,f6_435064d7b0eaec51
featfree_heter_hoa_random_projected,gat,actor,3.0,5,$\mathsf{FeatFree}$,featfree,hoa,932,224,64,0.01,0.001,0.5,none,26.07894630432129,25.536446266174316,26.657893948554992,0.9768798291517669,24.736841201782227,27.789474487304688,25.9473669052124,25.415656304359434,26.447498478889464,10,f6_435064d7b0eaec51
featfree_heter_hoa_random_projected,gat,actor,4.0,6,$\mathsf{FeatFree}$,featfree,hoa,932,224,64,0.01,0.001,0.5,none,26.07894630432129,25.536446266174316,26.657893948554992,0.9768798291517669,24.736841201782227,27.789474487304688,25.9473669052124,25.415656304359434,26.447498478889464,10,f6_435064d7b0eaec51
featfree_heter_hoa_random_projected,gat,actor,6.0,7,$\mathsf{FeatFree}$,featfree,hoa,932,224,64,0.01,0.001,0.5,none,26.07894630432129,25.536446266174316,26.657893948554992,0.9768798291517669,24.736841201782227,27.789474487304688,25.9473669052124,25.415656304359434,26.447498478889464,10,f6_435064d7b0eaec51
featfree_heter_hoa_random_projected,gat,actor,8.0,8,$\mathsf{FeatFree}$,featfree,hoa,932,224,64,0.01,0.001,0.5,none,26.07894630432129,25.536446266174316,26.657893948554992,0.9768798291517669,24.736841201782227,27.789474487304688,25.9473669052124,25.415656304359434,26.447498478889464,10,f6_435064d7b0eaec51
featfree_heter_hoa_random_projected,gat,actor,10.0,9,$\mathsf{FeatFree}$,featfree,hoa,932,224,64,0.01,0.001,0.5,none,26.07894630432129,25.536446266174316,26.657893948554992,0.9768798291517669,24.736841201782227,27.789474487304688,25.9473669052124,25.415656304359434,26.447498478889464,10,f6_435064d7b0eaec51
featfree_heter_hoa_random_projected,gat,flickr,0.001,0,$\mathsf{FeatFree}$,featfree,hoa,12047,77,4,0.01,0.0001,0.5,none,49.11827087402344,47.49155460357666,50.62843474388123,2.6827520275648835,45.19535446166992,53.27349853515625,49.297784423828126,48.120382680892945,50.544088754653934,10,f6_2eae35fab7d118ef
featfree_heter_hoa_random_projected,gat,flickr,0.01,1,$\mathsf{FeatFree}$,featfree,hoa,12047,77,4,0.01,0.0001,0.5,none,49.11827087402344,47.49155460357666,50.62843474388123,2.6827520275648835,45.19535446166992,53.27349853515625,49.297784423828126,48.120382680892945,50.544088754653934,10,f6_2eae35fab7d118ef
featfree_heter_hoa_random_projected,gat,flickr,0.1,2,$\mathsf{FeatFree}$,featfree,hoa,12047,77,4,0.01,0.0001,0.5,none,49.11827087402344,47.49155460357666,50.62843474388123,2.6827520275648835,45.19535446166992,53.27349853515625,49.297784423828126,48.120382680892945,50.544088754653934,10,f6_2eae35fab7d118ef
featfree_heter_hoa_random_projected,gat,flickr,1.0,3,$\mathsf{FeatFree}$,featfree,hoa,12047,77,4,0.01,0.0001,0.5,none,49.11827087402344,47.49155460357666,50.62843474388123,2.6827520275648835,45.19535446166992,53.27349853515625,49.297784423828126,48.120382680892945,50.544088754653934,10,f6_2eae35fab7d118ef
featfree_heter_hoa_random_projected,gat,flickr,2.0,4,$\mathsf{FeatFree}$,featfree,hoa,12047,77,4,0.01,0.0001,0.5,none,49.11827087402344,47.49155460357666,50.62843474388123,2.6827520275648835,45.19535446166992,53.27349853515625,49.297784423828126,48.120382680892945,50.544088754653934,10,f6_2eae35fab7d118ef
featfree_heter_hoa_random_projected,gat,flickr,3.0,5,$\mathsf{FeatFree}$,featfree,hoa,12047,77,4,0.01,0.0001,0.5,none,49.11827087402344,47.49155460357666,50.62843474388123,2.6827520275648835,45.19535446166992,53.27349853515625,49.297784423828126,48.120382680892945,50.544088754653934,10,f6_2eae35fab7d118ef
featfree_heter_hoa_random_projected,gat,flickr,4.0,6,$\mathsf{FeatFree}$,featfree,hoa,12047,77,4,0.01,0.0001,0.5,none,49.11827087402344,47.49155460357666,50.62843474388123,2.6827520275648835,45.19535446166992,53.27349853515625,49.297784423828126,48.120382680892945,50.544088754653934,10,f6_2eae35fab7d118ef
featfree_heter_hoa_random_projected,gat,flickr,6.0,7,$\mathsf{FeatFree}$,featfree,hoa,12047,77,4,0.01,0.0001,0.5,none,49.11827087402344,47.49155460357666,50.62843474388123,2.6827520275648835,45.19535446166992,53.27349853515625,49.297784423828126,48.120382680892945,50.544088754653934,10,f6_2eae35fab7d118ef
featfree_heter_hoa_random_projected,gat,flickr,8.0,8,$\mathsf{FeatFree}$,featfree,hoa,12047,77,4,0.01,0.0001,0.5,none,49.11827087402344,47.49155460357666,50.62843474388123,2.6827520275648835,45.19535446166992,53.27349853515625,49.297784423828126,48.120382680892945,50.544088754653934,10,f6_2eae35fab7d118ef
featfree_heter_hoa_random_projected,gat,flickr,10.0,9,$\mathsf{FeatFree}$,featfree,hoa,12047,77,4,0.01,0.0001,0.5,none,49.11827087402344,47.49155460357666,50.62843474388123,2.6827520275648835,45.19535446166992,53.27349853515625,49.297784423828126,48.120382680892945,50.544088754653934,10,f6_2eae35fab7d118ef
clean_heter,gcn,actor,0.001,0,$\mathsf{Non\text{-}private}$,clean_reference,kprop,,21,0,0.001,0.001,0.75,none,30.694735717773437,30.336709628105165,31.02631417274475,0.6010140568827099,29.736841201782227,31.684207916259766,30.9789457321167,30.468287687301636,31.447630620002748,10,f6_41a4b261d107b053
clean_heter,gcn,actor,0.01,1,$\mathsf{Non\text{-}private}$,clean_reference,kprop,,21,0,0.001,0.001,0.75,none,30.694735717773437,30.336709628105165,31.02631417274475,0.6010140568827099,29.736841201782227,31.684207916259766,30.9789457321167,30.468287687301636,31.447630620002748,10,f6_41a4b261d107b053
clean_heter,gcn,actor,0.1,2,$\mathsf{Non\text{-}private}$,clean_reference,kprop,,21,0,0.001,0.001,0.75,none,30.694735717773437,30.336709628105165,31.02631417274475,0.6010140568827099,29.736841201782227,31.684207916259766,30.9789457321167,30.468287687301636,31.447630620002748,10,f6_41a4b261d107b053
clean_heter,gcn,actor,1.0,3,$\mathsf{Non\text{-}private}$,clean_reference,kprop,,21,0,0.001,0.001,0.75,none,30.694735717773437,30.336709628105165,31.02631417274475,0.6010140568827099,29.736841201782227,31.684207916259766,30.9789457321167,30.468287687301636,31.447630620002748,10,f6_41a4b261d107b053
clean_heter,gcn,actor,2.0,4,$\mathsf{Non\text{-}private}$,clean_reference,kprop,,21,0,0.001,0.001,0.75,none,30.694735717773437,30.336709628105165,31.02631417274475,0.6010140568827099,29.736841201782227,31.684207916259766,30.9789457321167,30.468287687301636,31.447630620002748,10,f6_41a4b261d107b053
clean_heter,gcn,actor,3.0,5,$\mathsf{Non\text{-}private}$,clean_reference,kprop,,21,0,0.001,0.001,0.75,none,30.694735717773437,30.336709628105165,31.02631417274475,0.6010140568827099,29.736841201782227,31.684207916259766,30.9789457321167,30.468287687301636,31.447630620002748,10,f6_41a4b261d107b053
clean_heter,gcn,actor,4.0,6,$\mathsf{Non\text{-}private}$,clean_reference,kprop,,21,0,0.001,0.001,0.75,none,30.694735717773437,30.336709628105165,31.02631417274475,0.6010140568827099,29.736841201782227,31.684207916259766,30.9789457321167,30.468287687301636,31.447630620002748,10,f6_41a4b261d107b053
clean_heter,gcn,actor,6.0,7,$\mathsf{Non\text{-}private}$,clean_reference,kprop,,21,0,0.001,0.001,0.75,none,30.694735717773437,30.336709628105165,31.02631417274475,0.6010140568827099,29.736841201782227,31.684207916259766,30.9789457321167,30.468287687301636,31.447630620002748,10,f6_41a4b261d107b053
clean_heter,gcn,actor,8.0,8,$\mathsf{Non\text{-}private}$,clean_reference,kprop,,21,0,0.001,0.001,0.75,none,30.694735717773437,30.336709628105165,31.02631417274475,0.6010140568827099,29.736841201782227,31.684207916259766,30.9789457321167,30.468287687301636,31.447630620002748,10,f6_41a4b261d107b053
clean_heter,gcn,actor,10.0,9,$\mathsf{Non\text{-}private}$,clean_reference,kprop,,21,0,0.001,0.001,0.75,none,30.694735717773437,30.336709628105165,31.02631417274475,0.6010140568827099,29.736841201782227,31.684207916259766,30.9789457321167,30.468287687301636,31.447630620002748,10,f6_41a4b261d107b053
clean_heter,sage,actor,0.001,0,$\mathsf{Non\text{-}private}$,clean_reference,kprop,,12,0,0.01,0.01,0.75,none,35.98947257995606,35.53144574165344,36.547367115020755,0.9560359149357336,34.684207916259766,38.105262756347656,36.72105102539062,36.29473533630371,37.163419275283815,10,f6_8b638d57cc5b591f
clean_heter,sage,actor,0.01,1,$\mathsf{Non\text{-}private}$,clean_reference,kprop,,12,0,0.01,0.01,0.75,none,35.98947257995606,35.53144574165344,36.547367115020755,0.9560359149357336,34.684207916259766,38.105262756347656,36.72105102539062,36.29473533630371,37.163419275283815,10,f6_8b638d57cc5b591f
clean_heter,sage,actor,0.1,2,$\mathsf{Non\text{-}private}$,clean_reference,kprop,,12,0,0.01,0.01,0.75,none,35.98947257995606,35.53144574165344,36.547367115020755,0.9560359149357336,34.684207916259766,38.105262756347656,36.72105102539062,36.29473533630371,37.163419275283815,10,f6_8b638d57cc5b591f
clean_heter,sage,actor,1.0,3,$\mathsf{Non\text{-}private}$,clean_reference,kprop,,12,0,0.01,0.01,0.75,none,35.98947257995606,35.53144574165344,36.547367115020755,0.9560359149357336,34.684207916259766,38.105262756347656,36.72105102539062,36.29473533630371,37.163419275283815,10,f6_8b638d57cc5b591f
clean_heter,sage,actor,2.0,4,$\mathsf{Non\text{-}private}$,clean_reference,kprop,,12,0,0.01,0.01,0.75,none,35.98947257995606,35.53144574165344,36.547367115020755,0.9560359149357336,34.684207916259766,38.105262756347656,36.72105102539062,36.29473533630371,37.163419275283815,10,f6_8b638d57cc5b591f
clean_heter,sage,actor,3.0,5,$\mathsf{Non\text{-}private}$,clean_reference,kprop,,12,0,0.01,0.01,0.75,none,35.98947257995606,35.53144574165344,36.547367115020755,0.9560359149357336,34.684207916259766,38.105262756347656,36.72105102539062,36.29473533630371,37.163419275283815,10,f6_8b638d57cc5b591f
clean_heter,sage,actor,4.0,6,$\mathsf{Non\text{-}private}$,clean_reference,kprop,,12,0,0.01,0.01,0.75,none,35.98947257995606,35.53144574165344,36.547367115020755,0.9560359149357336,34.684207916259766,38.105262756347656,36.72105102539062,36.29473533630371,37.163419275283815,10,f6_8b638d57cc5b591f
clean_heter,sage,actor,6.0,7,$\mathsf{Non\text{-}private}$,clean_reference,kprop,,12,0,0.01,0.01,0.75,none,35.98947257995606,35.53144574165344,36.547367115020755,0.9560359149357336,34.684207916259766,38.105262756347656,36.72105102539062,36.29473533630371,37.163419275283815,10,f6_8b638d57cc5b591f
clean_heter,sage,actor,8.0,8,$\mathsf{Non\text{-}private}$,clean_reference,kprop,,12,0,0.01,0.01,0.75,none,35.98947257995606,35.53144574165344,36.547367115020755,0.9560359149357336,34.684207916259766,38.105262756347656,36.72105102539062,36.29473533630371,37.163419275283815,10,f6_8b638d57cc5b591f
clean_heter,sage,actor,10.0,9,$\mathsf{Non\text{-}private}$,clean_reference,kprop,,12,0,0.01,0.01,0.75,none,35.98947257995606,35.53144574165344,36.547367115020755,0.9560359149357336,34.684207916259766,38.105262756347656,36.72105102539062,36.29473533630371,37.163419275283815,10,f6_8b638d57cc5b591f
clean_heter,gat,actor,0.001,0,$\mathsf{Non\text{-}private}$,clean_reference,kprop,,6,0,0.01,0.0001,0.75,none,28.942104721069335,28.410526270866395,29.552894520759583,0.9610605659930352,27.789474487304688,31.105262756347656,29.40526123046875,28.999866518974304,29.92105046272278,10,f6_9a74a5935482dd61
clean_heter,gat,actor,0.01,1,$\mathsf{Non\text{-}private}$,clean_reference,kprop,,6,0,0.01,0.0001,0.75,none,28.942104721069335,28.410526270866395,29.552894520759583,0.9610605659930352,27.789474487304688,31.105262756347656,29.40526123046875,28.999866518974304,29.92105046272278,10,f6_9a74a5935482dd61
clean_heter,gat,actor,0.1,2,$\mathsf{Non\text{-}private}$,clean_reference,kprop,,6,0,0.01,0.0001,0.75,none,28.942104721069335,28.410526270866395,29.552894520759583,0.9610605659930352,27.789474487304688,31.105262756347656,29.40526123046875,28.999866518974304,29.92105046272278,10,f6_9a74a5935482dd61
clean_heter,gat,actor,1.0,3,$\mathsf{Non\text{-}private}$,clean_reference,kprop,,6,0,0.01,0.0001,0.75,none,28.942104721069335,28.410526270866395,29.552894520759583,0.9610605659930352,27.789474487304688,31.105262756347656,29.40526123046875,28.999866518974304,29.92105046272278,10,f6_9a74a5935482dd61
clean_heter,gat,actor,2.0,4,$\mathsf{Non\text{-}private}$,clean_reference,kprop,,6,0,0.01,0.0001,0.75,none,28.942104721069335,28.410526270866395,29.552894520759583,0.9610605659930352,27.789474487304688,31.105262756347656,29.40526123046875,28.999866518974304,29.92105046272278,10,f6_9a74a5935482dd61
clean_heter,gat,actor,3.0,5,$\mathsf{Non\text{-}private}$,clean_reference,kprop,,6,0,0.01,0.0001,0.75,none,28.942104721069335,28.410526270866395,29.552894520759583,0.9610605659930352,27.789474487304688,31.105262756347656,29.40526123046875,28.999866518974304,29.92105046272278,10,f6_9a74a5935482dd61
clean_heter,gat,actor,4.0,6,$\mathsf{Non\text{-}private}$,clean_reference,kprop,,6,0,0.01,0.0001,0.75,none,28.942104721069335,28.410526270866395,29.552894520759583,0.9610605659930352,27.789474487304688,31.105262756347656,29.40526123046875,28.999866518974304,29.92105046272278,10,f6_9a74a5935482dd61
clean_heter,gat,actor,6.0,7,$\mathsf{Non\text{-}private}$,clean_reference,kprop,,6,0,0.01,0.0001,0.75,none,28.942104721069335,28.410526270866395,29.552894520759583,0.9610605659930352,27.789474487304688,31.105262756347656,29.40526123046875,28.999866518974304,29.92105046272278,10,f6_9a74a5935482dd61
clean_heter,gat,actor,8.0,8,$\mathsf{Non\text{-}private}$,clean_reference,kprop,,6,0,0.01,0.0001,0.75,none,28.942104721069335,28.410526270866395,29.552894520759583,0.9610605659930352,27.789474487304688,31.105262756347656,29.40526123046875,28.999866518974304,29.92105046272278,10,f6_9a74a5935482dd61
clean_heter,gat,actor,10.0,9,$\mathsf{Non\text{-}private}$,clean_reference,kprop,,6,0,0.01,0.0001,0.75,none,28.942104721069335,28.410526270866395,29.552894520759583,0.9610605659930352,27.789474487304688,31.105262756347656,29.40526123046875,28.999866518974304,29.92105046272278,10,f6_9a74a5935482dd61
clean_heter,gcn,flickr,0.001,0,$\mathsf{Non\text{-}private}$,clean_reference,kprop,,4,0,0.01,0.0001,0.25,none,69.58289642333985,68.92793350219726,70.20090101242066,1.0302657021829251,68.1626205444336,70.96092987060547,70.60718307495117,69.91024551391601,71.41512985229492,10,f6_9f5bbef476402db6
clean_heter,gcn,flickr,0.01,1,$\mathsf{Non\text{-}private}$,clean_reference,kprop,,4,0,0.01,0.0001,0.25,none,69.58289642333985,68.92793350219726,70.20090101242066,1.0302657021829251,68.1626205444336,70.96092987060547,70.60718307495117,69.91024551391601,71.41512985229492,10,f6_9f5bbef476402db6
clean_heter,gcn,flickr,0.1,2,$\mathsf{Non\text{-}private}$,clean_reference,kprop,,4,0,0.01,0.0001,0.25,none,69.58289642333985,68.92793350219726,70.20090101242066,1.0302657021829251,68.1626205444336,70.96092987060547,70.60718307495117,69.91024551391601,71.41512985229492,10,f6_9f5bbef476402db6
clean_heter,gcn,flickr,1.0,3,$\mathsf{Non\text{-}private}$,clean_reference,kprop,,4,0,0.01,0.0001,0.25,none,69.58289642333985,68.92793350219726,70.20090101242066,1.0302657021829251,68.1626205444336,70.96092987060547,70.60718307495117,69.91024551391601,71.41512985229492,10,f6_9f5bbef476402db6
clean_heter,gcn,flickr,2.0,4,$\mathsf{Non\text{-}private}$,clean_reference,kprop,,4,0,0.01,0.0001,0.25,none,69.58289642333985,68.92793350219726,70.20090101242066,1.0302657021829251,68.1626205444336,70.96092987060547,70.60718307495117,69.91024551391601,71.41512985229492,10,f6_9f5bbef476402db6
clean_heter,gcn,flickr,3.0,5,$\mathsf{Non\text{-}private}$,clean_reference,kprop,,4,0,0.01,0.0001,0.25,none,69.58289642333985,68.92793350219726,70.20090101242066,1.0302657021829251,68.1626205444336,70.96092987060547,70.60718307495117,69.91024551391601,71.41512985229492,10,f6_9f5bbef476402db6
clean_heter,gcn,flickr,4.0,6,$\mathsf{Non\text{-}private}$,clean_reference,kprop,,4,0,0.01,0.0001,0.25,none,69.58289642333985,68.92793350219726,70.20090101242066,1.0302657021829251,68.1626205444336,70.96092987060547,70.60718307495117,69.91024551391601,71.41512985229492,10,f6_9f5bbef476402db6
clean_heter,gcn,flickr,6.0,7,$\mathsf{Non\text{-}private}$,clean_reference,kprop,,4,0,0.01,0.0001,0.25,none,69.58289642333985,68.92793350219726,70.20090101242066,1.0302657021829251,68.1626205444336,70.96092987060547,70.60718307495117,69.91024551391601,71.41512985229492,10,f6_9f5bbef476402db6
clean_heter,gcn,flickr,8.0,8,$\mathsf{Non\text{-}private}$,clean_reference,kprop,,4,0,0.01,0.0001,0.25,none,69.58289642333985,68.92793350219726,70.20090101242066,1.0302657021829251,68.1626205444336,70.96092987060547,70.60718307495117,69.91024551391601,71.41512985229492,10,f6_9f5bbef476402db6
clean_heter,gcn,flickr,10.0,9,$\mathsf{Non\text{-}private}$,clean_reference,kprop,,4,0,0.01,0.0001,0.25,none,69.58289642333985,68.92793350219726,70.20090101242066,1.0302657021829251,68.1626205444336,70.96092987060547,70.60718307495117,69.91024551391601,71.41512985229492,10,f6_9f5bbef476402db6
clean_heter,sage,flickr,0.001,0,$\mathsf{Non\text{-}private}$,clean_reference,kprop,,8,0,0.01,0.001,0.5,none,90.39071197509766,90.15298837661744,90.66526336669922,0.4424437646451647,89.80992889404297,90.97149658203125,91.34636001586914,91.00844955444336,91.70010759353637,10,f6_5e8e322346551d11
clean_heter,sage,flickr,0.01,1,$\mathsf{Non\text{-}private}$,clean_reference,kprop,,8,0,0.01,0.001,0.5,none,90.39071197509766,90.15298837661744,90.66526336669922,0.4424437646451647,89.80992889404297,90.97149658203125,91.34636001586914,91.00844955444336,91.70010759353637,10,f6_5e8e322346551d11
clean_heter,sage,flickr,0.1,2,$\mathsf{Non\text{-}private}$,clean_reference,kprop,,8,0,0.01,0.001,0.5,none,90.39071197509766,90.15298837661744,90.66526336669922,0.4424437646451647,89.80992889404297,90.97149658203125,91.34636001586914,91.00844955444336,91.70010759353637,10,f6_5e8e322346551d11
clean_heter,sage,flickr,1.0,3,$\mathsf{Non\text{-}private}$,clean_reference,kprop,,8,0,0.01,0.001,0.5,none,90.39071197509766,90.15298837661744,90.66526336669922,0.4424437646451647,89.80992889404297,90.97149658203125,91.34636001586914,91.00844955444336,91.70010759353637,10,f6_5e8e322346551d11
clean_heter,sage,flickr,2.0,4,$\mathsf{Non\text{-}private}$,clean_reference,kprop,,8,0,0.01,0.001,0.5,none,90.39071197509766,90.15298837661744,90.66526336669922,0.4424437646451647,89.80992889404297,90.97149658203125,91.34636001586914,91.00844955444336,91.70010759353637,10,f6_5e8e322346551d11
clean_heter,sage,flickr,3.0,5,$\mathsf{Non\text{-}private}$,clean_reference,kprop,,8,0,0.01,0.001,0.5,none,90.39071197509766,90.15298837661744,90.66526336669922,0.4424437646451647,89.80992889404297,90.97149658203125,91.34636001586914,91.00844955444336,91.70010759353637,10,f6_5e8e322346551d11
clean_heter,sage,flickr,4.0,6,$\mathsf{Non\text{-}private}$,clean_reference,kprop,,8,0,0.01,0.001,0.5,none,90.39071197509766,90.15298837661744,90.66526336669922,0.4424437646451647,89.80992889404297,90.97149658203125,91.34636001586914,91.00844955444336,91.70010759353637,10,f6_5e8e322346551d11
clean_heter,sage,flickr,6.0,7,$\mathsf{Non\text{-}private}$,clean_reference,kprop,,8,0,0.01,0.001,0.5,none,90.39071197509766,90.15298837661744,90.66526336669922,0.4424437646451647,89.80992889404297,90.97149658203125,91.34636001586914,91.00844955444336,91.70010759353637,10,f6_5e8e322346551d11
clean_heter,sage,flickr,8.0,8,$\mathsf{Non\text{-}private}$,clean_reference,kprop,,8,0,0.01,0.001,0.5,none,90.39071197509766,90.15298837661744,90.66526336669922,0.4424437646451647,89.80992889404297,90.97149658203125,91.34636001586914,91.00844955444336,91.70010759353637,10,f6_5e8e322346551d11
clean_heter,sage,flickr,10.0,9,$\mathsf{Non\text{-}private}$,clean_reference,kprop,,8,0,0.01,0.001,0.5,none,90.39071197509766,90.15298837661744,90.66526336669922,0.4424437646451647,89.80992889404297,90.97149658203125,91.34636001586914,91.00844955444336,91.70010759353637,10,f6_5e8e322346551d11
clean_heter,gat,flickr,0.001,0,$\mathsf{Non\text{-}private}$,clean_reference,kprop,,15,0,0.001,0,0.75,none,51.69482688903808,50.760296239852906,52.65047609329224,1.584038173273328,49.313621520996094,54.54065704345703,51.84266357421875,50.886882362365725,52.82471201896668,10,f6_e7a3b1164fb22533
clean_heter,gat,flickr,0.01,1,$\mathsf{Non\text{-}private}$,clean_reference,kprop,,15,0,0.001,0,0.75,none,51.69482688903808,50.760296239852906,52.65047609329224,1.584038173273328,49.313621520996094,54.54065704345703,51.84266357421875,50.886882362365725,52.82471201896668,10,f6_e7a3b1164fb22533
clean_heter,gat,flickr,0.1,2,$\mathsf{Non\text{-}private}$,clean_reference,kprop,,15,0,0.001,0,0.75,none,51.69482688903808,50.760296239852906,52.65047609329224,1.584038173273328,49.313621520996094,54.54065704345703,51.84266357421875,50.886882362365725,52.82471201896668,10,f6_e7a3b1164fb22533
clean_heter,gat,flickr,1.0,3,$\mathsf{Non\text{-}private}$,clean_reference,kprop,,15,0,0.001,0,0.75,none,51.69482688903808,50.760296239852906,52.65047609329224,1.584038173273328,49.313621520996094,54.54065704345703,51.84266357421875,50.886882362365725,52.82471201896668,10,f6_e7a3b1164fb22533
clean_heter,gat,flickr,2.0,4,$\mathsf{Non\text{-}private}$,clean_reference,kprop,,15,0,0.001,0,0.75,none,51.69482688903808,50.760296239852906,52.65047609329224,1.584038173273328,49.313621520996094,54.54065704345703,51.84266357421875,50.886882362365725,52.82471201896668,10,f6_e7a3b1164fb22533
clean_heter,gat,flickr,3.0,5,$\mathsf{Non\text{-}private}$,clean_reference,kprop,,15,0,0.001,0,0.75,none,51.69482688903808,50.760296239852906,52.65047609329224,1.584038173273328,49.313621520996094,54.54065704345703,51.84266357421875,50.886882362365725,52.82471201896668,10,f6_e7a3b1164fb22533
clean_heter,gat,flickr,4.0,6,$\mathsf{Non\text{-}private}$,clean_reference,kprop,,15,0,0.001,0,0.75,none,51.69482688903808,50.760296239852906,52.65047609329224,1.584038173273328,49.313621520996094,54.54065704345703,51.84266357421875,50.886882362365725,52.82471201896668,10,f6_e7a3b1164fb22533
clean_heter,gat,flickr,6.0,7,$\mathsf{Non\text{-}private}$,clean_reference,kprop,,15,0,0.001,0,0.75,none,51.69482688903808,50.760296239852906,52.65047609329224,1.584038173273328,49.313621520996094,54.54065704345703,51.84266357421875,50.886882362365725,52.82471201896668,10,f6_e7a3b1164fb22533
clean_heter,gat,flickr,8.0,8,$\mathsf{Non\text{-}private}$,clean_reference,kprop,,15,0,0.001,0,0.75,none,51.69482688903808,50.760296239852906,52.65047609329224,1.584038173273328,49.313621520996094,54.54065704345703,51.84266357421875,50.886882362365725,52.82471201896668,10,f6_e7a3b1164fb22533
clean_heter,gat,flickr,10.0,9,$\mathsf{Non\text{-}private}$,clean_reference,kprop,,15,0,0.001,0,0.75,none,51.69482688903808,50.760296239852906,52.65047609329224,1.584038173273328,49.313621520996094,54.54065704345703,51.84266357421875,50.886882362365725,52.82471201896668,10,f6_e7a3b1164fb22533
